Data,Intervalo,Vazao
 1-6-2023,12:00:00 a 17:59:59,860620011.5
 1-6-2023,18:00:00 a 23:59:59,880017050.5
 2-6-2023,00:00:00 a 05:59:59,901774368.0
 2-6-2023,06:00:00 a 11:59:59,912525451.5
 2-6-2023,12:00:00 a 17:59:59,
 2-6-2023,18:00:00 a 23:59:59,
 3-6-2023,00:00:00 a 05:59:59,874513662.0
 3-6-2023,06:00:00 a 11:59:59,903873912.0
 3-6-2023,12:00:00 a 17:59:59,888143963.5
 3-6-2023,18:00:00 a 23:59:59,
 4-6-2023,00:00:00 a 05:59:59,905181776.0
 4-6-2023,06:00:00 a 11:59:59,
 4-6-2023,12:00:00 a 17:59:59,872153223.0
 4-6-2023,18:00:00 a 23:59:59,
 5-6-2023,00:00:00 a 05:59:59,921701483.0
 5-6-2023,06:00:00 a 11:59:59,882378292.0
 5-6-2023,12:00:00 a 17:59:59,
 5-6-2023,18:00:00 a 23:59:59,903350007.5
 6-6-2023,00:00:00 a 05:59:59,883165163.0
 6-6-2023,06:00:00 a 11:59:59,
 6-6-2023,12:00:00 a 17:59:59,908591172.0
 6-6-2023,18:00:00 a 23:59:59,921175928.0
 7-6-2023,00:00:00 a 05:59:59,
 7-6-2023,06:00:00 a 11:59:59,884998940.0
 7-6-2023,12:00:00 a 17:59:59,900466577.5
 7-6-2023,18:00:00 a 23:59:59,899160126.0
 8-6-2023,00:00:00 a 05:59:59,875037586.5
 8-6-2023,06:00:00 a 11:59:59,895483709.0
 8-6-2023,12:00:00 a 17:59:59,876083375.0
 8-6-2023,18:00:00 a 23:59:59,875298864.0
 9-6-2023,00:00:00 a 05:59:59,887096715.0
 9-6-2023,06:00:00 a 11:59:59,878444626.0
 9-6-2023,12:00:00 a 17:59:59,882902676.0
 9-6-2023,18:00:00 a 23:59:59,915931660.0
 10-6-2023,00:00:00 a 05:59:59,
 10-6-2023,06:00:00 a 11:59:59,856688391.0
 10-6-2023,12:00:00 a 17:59:59,
 10-6-2023,18:00:00 a 23:59:59,886049380.0
 11-6-2023,00:00:00 a 05:59:59,896795623.5
 11-6-2023,06:00:00 a 11:59:59,
 11-6-2023,12:00:00 a 17:59:59,878183585.0
 11-6-2023,18:00:00 a 23:59:59,889713266.0
 12-6-2023,00:00:00 a 05:59:59,912524568.0
 12-6-2023,06:00:00 a 11:59:59,905971430.0
 12-6-2023,12:00:00 a 17:59:59,907018149.0
 12-6-2023,18:00:00 a 23:59:59,
 13-6-2023,00:00:00 a 05:59:59,893911467.0
 13-6-2023,06:00:00 a 11:59:59,
 13-6-2023,12:00:00 a 17:59:59,
 13-6-2023,18:00:00 a 23:59:59,861142205.5
 14-6-2023,00:00:00 a 05:59:59,883427797.0
 14-6-2023,06:00:00 a 11:59:59,
 14-6-2023,12:00:00 a 17:59:59,823656365.0
 14-6-2023,18:00:00 a 23:59:59,899941059.5
 15-6-2023,00:00:00 a 05:59:59,902300098.5
 15-6-2023,06:00:00 a 11:59:59,
 15-6-2023,12:00:00 a 17:59:59,877134788.5
 15-6-2023,18:00:00 a 23:59:59,893650472.5
 16-6-2023,00:00:00 a 05:59:59,928515672.0
 16-6-2023,06:00:00 a 11:59:59,886571717.0
 16-6-2023,12:00:00 a 17:59:59,
 16-6-2023,18:00:00 a 23:59:59,
 17-6-2023,00:00:00 a 05:59:59,906756291.0
 17-6-2023,06:00:00 a 11:59:59,897058719.5
 17-6-2023,12:00:00 a 17:59:59,860358302.0
 17-6-2023,18:00:00 a 23:59:59,851968681.0
 18-6-2023,00:00:00 a 05:59:59,
 18-6-2023,06:00:00 a 11:59:59,
 18-6-2023,12:00:00 a 17:59:59,
 18-6-2023,18:00:00 a 23:59:59,
 19-6-2023,00:00:00 a 05:59:59,900203897.5
 19-6-2023,06:00:00 a 11:59:59,874774749.0
 19-6-2023,12:00:00 a 17:59:59,892340445.5
 19-6-2023,18:00:00 a 23:59:59,
 20-6-2023,00:00:00 a 05:59:59,
 20-6-2023,06:00:00 a 11:59:59,916193968.5
 20-6-2023,12:00:00 a 17:59:59,
 20-6-2023,18:00:00 a 23:59:59,
 21-6-2023,00:00:00 a 05:59:59,894434561.5
 21-6-2023,06:00:00 a 11:59:59,893651667.0
 21-6-2023,12:00:00 a 17:59:59,882378115.0
 21-6-2023,18:00:00 a 23:59:59,905317981.5
 22-6-2023,00:00:00 a 05:59:59,
 22-6-2023,06:00:00 a 11:59:59,901515637.0
 22-6-2023,12:00:00 a 17:59:59,
 22-6-2023,18:00:00 a 23:59:59,
 23-6-2023,00:00:00 a 05:59:59,
 23-6-2023,06:00:00 a 11:59:59,860882454.0
 23-6-2023,12:00:00 a 17:59:59,886310448.5
 23-6-2023,18:00:00 a 23:59:59,877657828.5
 24-6-2023,00:00:00 a 05:59:59,
 24-6-2023,06:00:00 a 11:59:59,
 24-6-2023,12:00:00 a 17:59:59,878707846.5
 24-6-2023,18:00:00 a 23:59:59,
 25-6-2023,00:00:00 a 05:59:59,
 25-6-2023,06:00:00 a 11:59:59,
 25-6-2023,12:00:00 a 17:59:59,844104692.0
 25-6-2023,18:00:00 a 23:59:59,880544907.0
 26-6-2023,00:00:00 a 05:59:59,924846205.0
 26-6-2023,06:00:00 a 11:59:59,
 26-6-2023,12:00:00 a 17:59:59,888931996.0
 26-6-2023,18:00:00 a 23:59:59,896531777.5
 27-6-2023,00:00:00 a 05:59:59,878706468.0
 27-6-2023,06:00:00 a 11:59:59,
 27-6-2023,12:00:00 a 17:59:59,874513917.0
 27-6-2023,18:00:00 a 23:59:59,897320728.5
 28-6-2023,00:00:00 a 05:59:59,893388226.0
 28-6-2023,06:00:00 a 11:59:59,898892606.0
 28-6-2023,12:00:00 a 17:59:59,908329332.0
 28-6-2023,18:00:00 a 23:59:59,843572348.0
 29-6-2023,00:00:00 a 05:59:59,871366703.0
 29-6-2023,06:00:00 a 11:59:59,877135554.0
 29-6-2023,12:00:00 a 17:59:59,900726288.0
 29-6-2023,18:00:00 a 23:59:59,
 30-6-2023,00:00:00 a 05:59:59,874778504.5
 30-6-2023,06:00:00 a 11:59:59,863505444.0
 30-6-2023,12:00:00 a 17:59:59,
 30-6-2023,18:00:00 a 23:59:59,886571761.0
 1-7-2023,00:00:00 a 05:59:59,886572160.0
 1-7-2023,06:00:00 a 11:59:59,871367764.5
 1-7-2023,12:00:00 a 17:59:59,
 1-7-2023,18:00:00 a 23:59:59,911737515.0
 2-7-2023,00:00:00 a 05:59:59,927990316.0
 2-7-2023,06:00:00 a 11:59:59,
 2-7-2023,12:00:00 a 17:59:59,884214011.5
 2-7-2023,18:00:00 a 23:59:59,887885602.0
 3-7-2023,00:00:00 a 05:59:59,877922046.5
 3-7-2023,06:00:00 a 11:59:59,859832003.5
 3-7-2023,12:00:00 a 17:59:59,897582806.0
 3-7-2023,18:00:00 a 23:59:59,897318752.5
 4-7-2023,00:00:00 a 05:59:59,893911492.0
 4-7-2023,06:00:00 a 11:59:59,868219538.5
 4-7-2023,12:00:00 a 17:59:59,895222316.0
 4-7-2023,18:00:00 a 23:59:59,897579916.0
 5-7-2023,00:00:00 a 05:59:59,894438791.0
 5-7-2023,06:00:00 a 11:59:59,870581662.5
 5-7-2023,12:00:00 a 17:59:59,864549528.0
 5-7-2023,18:00:00 a 23:59:59,900203081.0
 6-7-2023,00:00:00 a 05:59:59,
 6-7-2023,06:00:00 a 11:59:59,899679017.0
 6-7-2023,12:00:00 a 17:59:59,
 6-7-2023,18:00:00 a 23:59:59,
 7-7-2023,00:00:00 a 05:59:59,893387824.0
 7-7-2023,06:00:00 a 11:59:59,923795779.0
 7-7-2023,12:00:00 a 17:59:59,910425996.5
 7-7-2023,18:00:00 a 23:59:59,881853429.0
 8-7-2023,00:00:00 a 05:59:59,
 8-7-2023,06:00:00 a 11:59:59,899676111.5
 8-7-2023,12:00:00 a 17:59:59,903864648.0
 8-7-2023,18:00:00 a 23:59:59,889196449.0
 9-7-2023,00:00:00 a 05:59:59,
 9-7-2023,06:00:00 a 11:59:59,896532063.5
 9-7-2023,12:00:00 a 17:59:59,883687643.0
 9-7-2023,18:00:00 a 23:59:59,874513949.0
 10-7-2023,00:00:00 a 05:59:59,
 10-7-2023,06:00:00 a 11:59:59,899941601.5
 10-7-2023,12:00:00 a 17:59:59,
 10-7-2023,18:00:00 a 23:59:59,914096466.0
 11-7-2023,00:00:00 a 05:59:59,
 11-7-2023,06:00:00 a 11:59:59,910688756.0
 11-7-2023,12:00:00 a 17:59:59,898629962.0
 11-7-2023,18:00:00 a 23:59:59,
 12-7-2023,00:00:00 a 05:59:59,914883566.0
 12-7-2023,06:00:00 a 11:59:59,
 12-7-2023,12:00:00 a 17:59:59,919078794.0
 12-7-2023,18:00:00 a 23:59:59,892337529.5
 13-7-2023,00:00:00 a 05:59:59,
 13-7-2023,06:00:00 a 11:59:59,903341855.0
 13-7-2023,12:00:00 a 17:59:59,893387511.0
 13-7-2023,18:00:00 a 23:59:59,919601518.5
 14-7-2023,00:00:00 a 05:59:59,902824052.0
 14-7-2023,06:00:00 a 11:59:59,865346199.5
 14-7-2023,12:00:00 a 17:59:59,
 14-7-2023,18:00:00 a 23:59:59,906756481.0
 15-7-2023,00:00:00 a 05:59:59,900988774.5
 15-7-2023,06:00:00 a 11:59:59,901774666.5
 15-7-2023,12:00:00 a 17:59:59,893388503.0
 15-7-2023,18:00:00 a 23:59:59,886573062.5
 16-7-2023,00:00:00 a 05:59:59,887882038.5
 16-7-2023,06:00:00 a 11:59:59,
 16-7-2023,12:00:00 a 17:59:59,
 16-7-2023,18:00:00 a 23:59:59,878709599.5
 17-7-2023,00:00:00 a 05:59:59,895745600.0
