timestamp,Data,Intervalo,Vazao,Hora_inicio
2023-04-28 00:00:00,2023-04-28,00:00:00 a 05:59:59,904398815.5,00:00:00
2023-04-28 06:00:00,2023-04-28,06:00:00 a 11:59:59,886664486.6597538,06:00:00
2023-04-28 12:00:00,2023-04-28,12:00:00 a 17:59:59,887758513.9146563,12:00:00
2023-04-28 18:00:00,2023-04-28,18:00:00 a 23:59:59,913310854.5,18:00:00
2023-04-29 00:00:00,2023-04-29,00:00:00 a 05:59:59,899164039.2502308,00:00:00
2023-04-29 06:00:00,2023-04-29,06:00:00 a 11:59:59,890767363.5,06:00:00
2023-04-29 12:00:00,2023-04-29,12:00:00 a 17:59:59,892776422.3805612,12:00:00
2023-04-29 18:00:00,2023-04-29,18:00:00 a 23:59:59,905971204.0,18:00:00
2023-04-30 00:00:00,2023-04-30,00:00:00 a 05:59:59,912787963.0,00:00:00
2023-04-30 06:00:00,2023-04-30,06:00:00 a 11:59:59,877134889.5,06:00:00
2023-04-30 12:00:00,2023-04-30,12:00:00 a 17:59:59,916456707.0,12:00:00
2023-04-30 18:00:00,2023-04-30,18:00:00 a 23:59:59,868222143.0,18:00:00
2023-05-01 00:00:00,2023-05-01,00:00:00 a 05:59:59,894699555.0,00:00:00
2023-05-01 06:00:00,2023-05-01,06:00:00 a 11:59:59,881679217.0,06:00:00
2023-05-01 12:00:00,2023-05-01,12:00:00 a 17:59:59,880698035.0708771,12:00:00
2023-05-01 18:00:00,2023-05-01,18:00:00 a 23:59:59,886182561.3546408,18:00:00
2023-05-02 00:00:00,2023-05-02,00:00:00 a 05:59:59,913836040.0,00:00:00
2023-05-02 06:00:00,2023-05-02,06:00:00 a 11:59:59,879232116.5,06:00:00
2023-05-02 12:00:00,2023-05-02,12:00:00 a 17:59:59,893212130.2058202,12:00:00
2023-05-02 18:00:00,2023-05-02,18:00:00 a 23:59:59,875299809.5,18:00:00
2023-05-03 00:00:00,2023-05-03,00:00:00 a 05:59:59,830998349.0,00:00:00
2023-05-03 06:00:00,2023-05-03,06:00:00 a 11:59:59,893125875.0,06:00:00
2023-05-03 12:00:00,2023-05-03,12:00:00 a 17:59:59,890245786.0,12:00:00
2023-05-03 18:00:00,2023-05-03,18:00:00 a 23:59:59,910428275.0,18:00:00
2023-05-04 00:00:00,2023-05-04,00:00:00 a 05:59:59,894962317.5,00:00:00
2023-05-04 06:00:00,2023-05-04,06:00:00 a 11:59:59,878008058.67,06:00:00
2023-05-04 12:00:00,2023-05-04,12:00:00 a 17:59:59,888022334.0929005,12:00:00
2023-05-04 18:00:00,2023-05-04,18:00:00 a 23:59:59,843579265.0,18:00:00
2023-05-05 00:00:00,2023-05-05,00:00:00 a 05:59:59,880019095.5,00:00:00
2023-05-05 06:00:00,2023-05-05,06:00:00 a 11:59:59,908592755.0,06:00:00
2023-05-05 12:00:00,2023-05-05,12:00:00 a 17:59:59,892155339.5524741,12:00:00
2023-05-05 18:00:00,2023-05-05,18:00:00 a 23:59:59,860096908.0,18:00:00
2023-05-06 00:00:00,2023-05-06,00:00:00 a 05:59:59,861406346.0,00:00:00
2023-05-06 06:00:00,2023-05-06,06:00:00 a 11:59:59,880284194.0,06:00:00
2023-05-06 12:00:00,2023-05-06,12:00:00 a 17:59:59,921175213.0,12:00:00
2023-05-06 18:00:00,2023-05-06,18:00:00 a 23:59:59,880279684.0,18:00:00
2023-05-07 00:00:00,2023-05-07,00:00:00 a 05:59:59,894961534.5,00:00:00
2023-05-07 06:00:00,2023-05-07,06:00:00 a 11:59:59,880105794.67,06:00:00
2023-05-07 12:00:00,2023-05-07,12:00:00 a 17:59:59,891706486.8211019,12:00:00
2023-05-07 18:00:00,2023-05-07,18:00:00 a 23:59:59,874512515.0,18:00:00
2023-05-08 00:00:00,2023-05-08,00:00:00 a 05:59:59,897579978.0,00:00:00
2023-05-08 06:00:00,2023-05-08,06:00:00 a 11:59:59,902298540.0,06:00:00
2023-05-08 12:00:00,2023-05-08,12:00:00 a 17:59:59,863242309.0,12:00:00
2023-05-08 18:00:00,2023-05-08,18:00:00 a 23:59:59,914362660.0,18:00:00
2023-05-09 00:00:00,2023-05-09,00:00:00 a 05:59:59,901775946.0,00:00:00
2023-05-09 06:00:00,2023-05-09,06:00:00 a 11:59:59,877832590.0,06:00:00
2023-05-09 12:00:00,2023-05-09,12:00:00 a 17:59:59,873988707.0,12:00:00
2023-05-09 18:00:00,2023-05-09,18:00:00 a 23:59:59,861929520.0,18:00:00
2023-05-10 00:00:00,2023-05-10,00:00:00 a 05:59:59,875824604.0,00:00:00
2023-05-10 06:00:00,2023-05-10,06:00:00 a 11:59:59,882640554.7489127,06:00:00
2023-05-10 12:00:00,2023-05-10,12:00:00 a 17:59:59,892516378.0832542,12:00:00
2023-05-10 18:00:00,2023-05-10,18:00:00 a 23:59:59,880517469.5,18:00:00
2023-05-11 00:00:00,2023-05-11,00:00:00 a 05:59:59,843579223.0,00:00:00
2023-05-11 06:00:00,2023-05-11,06:00:00 a 11:59:59,917504871.0,06:00:00
2023-05-11 12:00:00,2023-05-11,12:00:00 a 17:59:59,889822616.0,12:00:00
2023-05-11 18:00:00,2023-05-11,18:00:00 a 23:59:59,879336588.0,18:00:00
2023-05-12 00:00:00,2023-05-12,00:00:00 a 05:59:59,891604083.0,00:00:00
2023-05-12 06:00:00,2023-05-12,06:00:00 a 11:59:59,882220961.0,06:00:00
2023-05-12 12:00:00,2023-05-12,12:00:00 a 17:59:59,918186997.0,12:00:00
2023-05-12 18:00:00,2023-05-12,18:00:00 a 23:59:59,881120337.33,18:00:00
2023-05-13 00:00:00,2023-05-13,00:00:00 a 05:59:59,817262953.0,00:00:00
2023-05-13 06:00:00,2023-05-13,06:00:00 a 11:59:59,911947527.0,06:00:00
2023-05-13 12:00:00,2023-05-13,12:00:00 a 17:59:59,896795928.0,12:00:00
2023-05-13 18:00:00,2023-05-13,18:00:00 a 23:59:59,872914985.5,18:00:00
2023-05-14 00:00:00,2023-05-14,00:00:00 a 05:59:59,889375772.0,00:00:00
2023-05-14 06:00:00,2023-05-14,06:00:00 a 11:59:59,889377199.0,06:00:00
2023-05-14 12:00:00,2023-05-14,12:00:00 a 17:59:59,815531248.0,12:00:00
2023-05-14 18:00:00,2023-05-14,18:00:00 a 23:59:59,879049745.5,18:00:00
2023-05-15 00:00:00,2023-05-15,00:00:00 a 05:59:59,860777759.0,00:00:00
2023-05-15 06:00:00,2023-05-15,06:00:00 a 11:59:59,903769281.0,06:00:00
2023-05-15 12:00:00,2023-05-15,12:00:00 a 17:59:59,875010292.0,12:00:00
2023-05-15 18:00:00,2023-05-15,18:00:00 a 23:59:59,896008795.5,18:00:00
2023-05-16 00:00:00,2023-05-16,00:00:00 a 05:59:59,868065051.0,00:00:00
2023-05-16 06:00:00,2023-05-16,06:00:00 a 11:59:59,876716721.5,06:00:00
2023-05-16 12:00:00,2023-05-16,12:00:00 a 17:59:59,870685965.0,12:00:00
2023-05-16 18:00:00,2023-05-16,18:00:00 a 23:59:59,886257628.0,18:00:00
2023-05-17 00:00:00,2023-05-17,00:00:00 a 05:59:59,918396345.0,00:00:00
2023-05-17 06:00:00,2023-05-17,06:00:00 a 11:59:59,870136489.0,06:00:00
2023-05-17 12:00:00,2023-05-17,12:00:00 a 17:59:59,888374414.41208,12:00:00
2023-05-17 18:00:00,2023-05-17,18:00:00 a 23:59:59,904267192.0,18:00:00
2023-05-18 00:00:00,2023-05-18,00:00:00 a 05:59:59,888197633.0,00:00:00
2023-05-18 06:00:00,2023-05-18,06:00:00 a 11:59:59,891104986.383556,06:00:00
2023-05-18 12:00:00,2023-05-18,12:00:00 a 17:59:59,890032742.0,12:00:00
2023-05-18 18:00:00,2023-05-18,18:00:00 a 23:59:59,915748825.0,18:00:00
2023-05-19 00:00:00,2023-05-19,00:00:00 a 05:59:59,878787894.3350468,00:00:00
2023-05-19 06:00:00,2023-05-19,06:00:00 a 11:59:59,893781286.5,06:00:00
2023-05-19 12:00:00,2023-05-19,12:00:00 a 17:59:59,881854311.0,12:00:00
2023-05-19 18:00:00,2023-05-19,18:00:00 a 23:59:59,877309273.0,18:00:00
2023-05-20 00:00:00,2023-05-20,00:00:00 a 05:59:59,849347494.0,00:00:00
2023-05-20 06:00:00,2023-05-20,06:00:00 a 11:59:59,893126304.0,06:00:00
2023-05-20 12:00:00,2023-05-20,12:00:00 a 17:59:59,877790101.0,12:00:00
2023-05-20 18:00:00,2023-05-20,18:00:00 a 23:59:59,880437685.5,18:00:00
2023-05-21 00:00:00,2023-05-21,00:00:00 a 05:59:59,880281162.0,00:00:00
2023-05-21 06:00:00,2023-05-21,06:00:00 a 11:59:59,859282477.0,06:00:00
2023-05-21 12:00:00,2023-05-21,12:00:00 a 17:59:59,879472547.3072331,12:00:00
2023-05-21 18:00:00,2023-05-21,18:00:00 a 23:59:59,900099394.5,18:00:00
2023-05-22 00:00:00,2023-05-22,00:00:00 a 05:59:59,881854465.0,00:00:00
2023-05-22 06:00:00,2023-05-22,06:00:00 a 11:59:59,907255333.5,06:00:00
2023-05-22 12:00:00,2023-05-22,12:00:00 a 17:59:59,927360428.0,12:00:00
2023-05-22 18:00:00,2023-05-22,18:00:00 a 23:59:59,871604590.0,18:00:00
2023-05-23 00:00:00,2023-05-23,00:00:00 a 05:59:59,870451601.0,00:00:00
2023-05-23 06:00:00,2023-05-23,06:00:00 a 11:59:59,916849966.5,06:00:00
2023-05-23 12:00:00,2023-05-23,12:00:00 a 17:59:59,888779725.9845324,12:00:00
2023-05-23 18:00:00,2023-05-23,18:00:00 a 23:59:59,881747514.0,18:00:00
2023-05-24 00:00:00,2023-05-24,00:00:00 a 05:59:59,895589816.5,00:00:00
2023-05-24 06:00:00,2023-05-24,06:00:00 a 11:59:59,919234334.0,06:00:00
2023-05-24 12:00:00,2023-05-24,12:00:00 a 17:59:59,885943058.0,12:00:00
2023-05-24 18:00:00,2023-05-24,18:00:00 a 23:59:59,889837360.919213,18:00:00
2023-06-01 00:00:00,2023-06-01,00:00:00 a 05:59:59,891603376.2218094,00:00:00
2023-06-01 06:00:00,2023-06-01,06:00:00 a 11:59:59,889230853.4165213,06:00:00
2023-06-01 12:00:00,2023-06-01,12:00:00 a 17:59:59,860620011.5,12:00:00
2023-06-01 18:00:00,2023-06-01,18:00:00 a 23:59:59,880017050.5,18:00:00
2023-06-02 00:00:00,2023-06-02,00:00:00 a 05:59:59,901774368.0,00:00:00
2023-06-02 06:00:00,2023-06-02,06:00:00 a 11:59:59,912525451.5,06:00:00
2023-06-02 12:00:00,2023-06-02,12:00:00 a 17:59:59,889717314.0,12:00:00
2023-06-02 18:00:00,2023-06-02,18:00:00 a 23:59:59,871363431.0,18:00:00
2023-06-03 00:00:00,2023-06-03,00:00:00 a 05:59:59,874513662.0,00:00:00
2023-06-03 06:00:00,2023-06-03,06:00:00 a 11:59:59,903873912.0,06:00:00
2023-06-03 12:00:00,2023-06-03,12:00:00 a 17:59:59,888143963.5,12:00:00
2023-06-03 18:00:00,2023-06-03,18:00:00 a 23:59:59,880284833.0,18:00:00
2023-06-04 00:00:00,2023-06-04,00:00:00 a 05:59:59,905181776.0,00:00:00
2023-06-04 06:00:00,2023-06-04,06:00:00 a 11:59:59,897583876.5,06:00:00
2023-06-04 12:00:00,2023-06-04,12:00:00 a 17:59:59,872153223.0,12:00:00
2023-06-04 18:00:00,2023-06-04,18:00:00 a 23:59:59,896536701.5,18:00:00
2023-06-05 00:00:00,2023-06-05,00:00:00 a 05:59:59,921701483.0,00:00:00
2023-06-05 06:00:00,2023-06-05,06:00:00 a 11:59:59,882378292.0,06:00:00
2023-06-05 12:00:00,2023-06-05,12:00:00 a 17:59:59,892077533.0,12:00:00
2023-06-05 18:00:00,2023-06-05,18:00:00 a 23:59:59,903350007.5,18:00:00
2023-06-06 00:00:00,2023-06-06,00:00:00 a 05:59:59,883165163.0,00:00:00
2023-06-06 06:00:00,2023-06-06,06:00:00 a 11:59:59,878184160.0,06:00:00
2023-06-06 12:00:00,2023-06-06,12:00:00 a 17:59:59,908591172.0,12:00:00
2023-06-06 18:00:00,2023-06-06,18:00:00 a 23:59:59,921175928.0,18:00:00
2023-06-07 00:00:00,2023-06-07,00:00:00 a 05:59:59,924842598.0,00:00:00
2023-06-07 06:00:00,2023-06-07,06:00:00 a 11:59:59,884998940.0,06:00:00
2023-06-07 12:00:00,2023-06-07,12:00:00 a 17:59:59,900466577.5,12:00:00
2023-06-07 18:00:00,2023-06-07,18:00:00 a 23:59:59,899160126.0,18:00:00
2023-06-08 00:00:00,2023-06-08,00:00:00 a 05:59:59,875037586.5,00:00:00
2023-06-08 06:00:00,2023-06-08,06:00:00 a 11:59:59,895483709.0,06:00:00
2023-06-08 12:00:00,2023-06-08,12:00:00 a 17:59:59,876083375.0,12:00:00
2023-06-08 18:00:00,2023-06-08,18:00:00 a 23:59:59,875298864.0,18:00:00
2023-06-09 00:00:00,2023-06-09,00:00:00 a 05:59:59,887096715.0,00:00:00
2023-06-09 06:00:00,2023-06-09,06:00:00 a 11:59:59,878444626.0,06:00:00
2023-06-09 12:00:00,2023-06-09,12:00:00 a 17:59:59,882902676.0,12:00:00
2023-06-09 18:00:00,2023-06-09,18:00:00 a 23:59:59,915931660.0,18:00:00
2023-06-10 00:00:00,2023-06-10,00:00:00 a 05:59:59,859570675.0,00:00:00
2023-06-10 06:00:00,2023-06-10,06:00:00 a 11:59:59,856688391.0,06:00:00
2023-06-10 12:00:00,2023-06-10,12:00:00 a 17:59:59,902824748.0,12:00:00
2023-06-10 18:00:00,2023-06-10,18:00:00 a 23:59:59,886049380.0,18:00:00
2023-06-11 00:00:00,2023-06-11,00:00:00 a 05:59:59,896795623.5,00:00:00
2023-06-11 06:00:00,2023-06-11,06:00:00 a 11:59:59,895484978.0,06:00:00
2023-06-11 12:00:00,2023-06-11,12:00:00 a 17:59:59,878183585.0,12:00:00
2023-06-11 18:00:00,2023-06-11,18:00:00 a 23:59:59,889713266.0,18:00:00
2023-06-12 00:00:00,2023-06-12,00:00:00 a 05:59:59,912524568.0,00:00:00
2023-06-12 06:00:00,2023-06-12,06:00:00 a 11:59:59,905971430.0,06:00:00
2023-06-12 12:00:00,2023-06-12,12:00:00 a 17:59:59,907018149.0,12:00:00
2023-06-12 18:00:00,2023-06-12,18:00:00 a 23:59:59,915408542.5,18:00:00
2023-06-13 00:00:00,2023-06-13,00:00:00 a 05:59:59,893911467.0,00:00:00
2023-06-13 06:00:00,2023-06-13,06:00:00 a 11:59:59,900201600.0,06:00:00
2023-06-13 12:00:00,2023-06-13,12:00:00 a 17:59:59,886044712.0,12:00:00
2023-06-13 18:00:00,2023-06-13,18:00:00 a 23:59:59,861142205.5,18:00:00
2023-06-14 00:00:00,2023-06-14,00:00:00 a 05:59:59,883427797.0,00:00:00
2023-06-14 06:00:00,2023-06-14,06:00:00 a 11:59:59,903873075.0,06:00:00
2023-06-14 12:00:00,2023-06-14,12:00:00 a 17:59:59,823656365.0,12:00:00
2023-06-14 18:00:00,2023-06-14,18:00:00 a 23:59:59,899941059.5,18:00:00
2023-06-15 00:00:00,2023-06-15,00:00:00 a 05:59:59,902300098.5,00:00:00
2023-06-15 06:00:00,2023-06-15,06:00:00 a 11:59:59,879754032.0,06:00:00
2023-06-15 12:00:00,2023-06-15,12:00:00 a 17:59:59,877134788.5,12:00:00
2023-06-15 18:00:00,2023-06-15,18:00:00 a 23:59:59,893650472.5,18:00:00
2023-06-16 00:00:00,2023-06-16,00:00:00 a 05:59:59,928515672.0,00:00:00
2023-06-16 06:00:00,2023-06-16,06:00:00 a 11:59:59,886571717.0,06:00:00
2023-06-16 12:00:00,2023-06-16,12:00:00 a 17:59:59,902038478.0,12:00:00
2023-06-16 18:00:00,2023-06-16,18:00:00 a 23:59:59,878179458.0,18:00:00
2023-06-17 00:00:00,2023-06-17,00:00:00 a 05:59:59,906756291.0,00:00:00
2023-06-17 06:00:00,2023-06-17,06:00:00 a 11:59:59,897058719.5,06:00:00
2023-06-17 12:00:00,2023-06-17,12:00:00 a 17:59:59,860358302.0,12:00:00
2023-06-17 18:00:00,2023-06-17,18:00:00 a 23:59:59,851968681.0,18:00:00
2023-06-18 00:00:00,2023-06-18,00:00:00 a 05:59:59,879495431.0,00:00:00
2023-06-18 06:00:00,2023-06-18,06:00:00 a 11:59:59,886571687.5,06:00:00
2023-06-18 12:00:00,2023-06-18,12:00:00 a 17:59:59,894173710.5,12:00:00
2023-06-18 18:00:00,2023-06-18,18:00:00 a 23:59:59,908592239.5,18:00:00
2023-06-19 00:00:00,2023-06-19,00:00:00 a 05:59:59,900203897.5,00:00:00
2023-06-19 06:00:00,2023-06-19,06:00:00 a 11:59:59,874774749.0,06:00:00
2023-06-19 12:00:00,2023-06-19,12:00:00 a 17:59:59,892340445.5,12:00:00
2023-06-19 18:00:00,2023-06-19,18:00:00 a 23:59:59,914097749.0,18:00:00
2023-06-20 00:00:00,2023-06-20,00:00:00 a 05:59:59,892337985.5,00:00:00
2023-06-20 06:00:00,2023-06-20,06:00:00 a 11:59:59,916193968.5,06:00:00
2023-06-20 12:00:00,2023-06-20,12:00:00 a 17:59:59,887357158.5,12:00:00
2023-06-20 18:00:00,2023-06-20,18:00:00 a 23:59:59,882641274.0,18:00:00
2023-06-21 00:00:00,2023-06-21,00:00:00 a 05:59:59,894434561.5,00:00:00
2023-06-21 06:00:00,2023-06-21,06:00:00 a 11:59:59,893651667.0,06:00:00
2023-06-21 12:00:00,2023-06-21,12:00:00 a 17:59:59,882378115.0,12:00:00
2023-06-21 18:00:00,2023-06-21,18:00:00 a 23:59:59,905317981.5,18:00:00
2023-06-22 00:00:00,2023-06-22,00:00:00 a 05:59:59,904126473.0,00:00:00
2023-06-22 06:00:00,2023-06-22,06:00:00 a 11:59:59,901515637.0,06:00:00
2023-06-22 12:00:00,2023-06-22,12:00:00 a 17:59:59,895223009.5,12:00:00
2023-06-22 18:00:00,2023-06-22,18:00:00 a 23:59:59,904399807.0,18:00:00
2023-06-23 00:00:00,2023-06-23,00:00:00 a 05:59:59,878184463.5,00:00:00
2023-06-23 06:00:00,2023-06-23,06:00:00 a 11:59:59,860882454.0,06:00:00
2023-06-23 12:00:00,2023-06-23,12:00:00 a 17:59:59,886310448.5,12:00:00
2023-06-23 18:00:00,2023-06-23,18:00:00 a 23:59:59,877657828.5,18:00:00
2023-06-24 00:00:00,2023-06-24,00:00:00 a 05:59:59,890765118.0,00:00:00
2023-06-24 06:00:00,2023-06-24,06:00:00 a 11:59:59,871891249.0,06:00:00
2023-06-24 12:00:00,2023-06-24,12:00:00 a 17:59:59,878707846.5,12:00:00
2023-06-24 18:00:00,2023-06-24,18:00:00 a 23:59:59,883955004.0,18:00:00
2023-06-25 00:00:00,2023-06-25,00:00:00 a 05:59:59,928515672.0,00:00:00
2023-06-25 06:00:00,2023-06-25,06:00:00 a 11:59:59,878707518.5,06:00:00
2023-06-25 12:00:00,2023-06-25,12:00:00 a 17:59:59,844104692.0,12:00:00
2023-06-25 18:00:00,2023-06-25,18:00:00 a 23:59:59,880544907.0,18:00:00
2023-06-26 00:00:00,2023-06-26,00:00:00 a 05:59:59,924846205.0,00:00:00
2023-06-26 06:00:00,2023-06-26,06:00:00 a 11:59:59,921699363.0,06:00:00
2023-06-26 12:00:00,2023-06-26,12:00:00 a 17:59:59,888931996.0,12:00:00
2023-06-26 18:00:00,2023-06-26,18:00:00 a 23:59:59,896531777.5,18:00:00
2023-06-27 00:00:00,2023-06-27,00:00:00 a 05:59:59,878706468.0,00:00:00
2023-06-27 06:00:00,2023-06-27,06:00:00 a 11:59:59,906232856.0,06:00:00
2023-06-27 12:00:00,2023-06-27,12:00:00 a 17:59:59,874513917.0,12:00:00
2023-06-27 18:00:00,2023-06-27,18:00:00 a 23:59:59,897320728.5,18:00:00
2023-06-28 00:00:00,2023-06-28,00:00:00 a 05:59:59,893388226.0,00:00:00
2023-06-28 06:00:00,2023-06-28,06:00:00 a 11:59:59,898892606.0,06:00:00
2023-06-28 12:00:00,2023-06-28,12:00:00 a 17:59:59,908329332.0,12:00:00
2023-06-28 18:00:00,2023-06-28,18:00:00 a 23:59:59,843572348.0,18:00:00
2023-06-29 00:00:00,2023-06-29,00:00:00 a 05:59:59,871366703.0,00:00:00
2023-06-29 06:00:00,2023-06-29,06:00:00 a 11:59:59,877135554.0,06:00:00
2023-06-29 12:00:00,2023-06-29,12:00:00 a 17:59:59,900726288.0,12:00:00
2023-06-29 18:00:00,2023-06-29,18:00:00 a 23:59:59,861929816.0,18:00:00
2023-06-30 00:00:00,2023-06-30,00:00:00 a 05:59:59,874778504.5,00:00:00
2023-06-30 06:00:00,2023-06-30,06:00:00 a 11:59:59,863505444.0,06:00:00
2023-06-30 12:00:00,2023-06-30,12:00:00 a 17:59:59,879231899.0,12:00:00
2023-06-30 18:00:00,2023-06-30,18:00:00 a 23:59:59,886571761.0,18:00:00
2023-07-01 00:00:00,2023-07-01,00:00:00 a 05:59:59,886572160.0,00:00:00
2023-07-01 06:00:00,2023-07-01,06:00:00 a 11:59:59,871367764.5,06:00:00
2023-07-01 12:00:00,2023-07-01,12:00:00 a 17:59:59,925893950.0,12:00:00
2023-07-01 18:00:00,2023-07-01,18:00:00 a 23:59:59,911737515.0,18:00:00
2023-07-02 00:00:00,2023-07-02,00:00:00 a 05:59:59,927990316.0,00:00:00
2023-07-02 06:00:00,2023-07-02,06:00:00 a 11:59:59,882759643.0944121,06:00:00
2023-07-02 12:00:00,2023-07-02,12:00:00 a 17:59:59,884214011.5,12:00:00
2023-07-02 18:00:00,2023-07-02,18:00:00 a 23:59:59,887885602.0,18:00:00
2023-07-03 00:00:00,2023-07-03,00:00:00 a 05:59:59,877922046.5,00:00:00
2023-07-03 06:00:00,2023-07-03,06:00:00 a 11:59:59,859832003.5,06:00:00
2023-07-03 12:00:00,2023-07-03,12:00:00 a 17:59:59,897582806.0,12:00:00
2023-07-03 18:00:00,2023-07-03,18:00:00 a 23:59:59,897318752.5,18:00:00
2023-07-04 00:00:00,2023-07-04,00:00:00 a 05:59:59,893911492.0,00:00:00
2023-07-04 06:00:00,2023-07-04,06:00:00 a 11:59:59,868219538.5,06:00:00
2023-07-04 12:00:00,2023-07-04,12:00:00 a 17:59:59,895222316.0,12:00:00
2023-07-04 18:00:00,2023-07-04,18:00:00 a 23:59:59,897579916.0,18:00:00
2023-07-05 00:00:00,2023-07-05,00:00:00 a 05:59:59,894438791.0,00:00:00
2023-07-05 06:00:00,2023-07-05,06:00:00 a 11:59:59,870581662.5,06:00:00
2023-07-05 12:00:00,2023-07-05,12:00:00 a 17:59:59,864549528.0,12:00:00
2023-07-05 18:00:00,2023-07-05,18:00:00 a 23:59:59,900203081.0,18:00:00
2023-07-06 00:00:00,2023-07-06,00:00:00 a 05:59:59,880542486.5,00:00:00
2023-07-06 06:00:00,2023-07-06,06:00:00 a 11:59:59,899679017.0,06:00:00
2023-07-06 12:00:00,2023-07-06,12:00:00 a 17:59:59,894698577.5,12:00:00
2023-07-06 18:00:00,2023-07-06,18:00:00 a 23:59:59,895486596.0,18:00:00
2023-07-07 00:00:00,2023-07-07,00:00:00 a 05:59:59,893387824.0,00:00:00
2023-07-07 06:00:00,2023-07-07,06:00:00 a 11:59:59,923795779.0,06:00:00
2023-07-07 12:00:00,2023-07-07,12:00:00 a 17:59:59,910425996.5,12:00:00
2023-07-07 18:00:00,2023-07-07,18:00:00 a 23:59:59,881853429.0,18:00:00
2023-07-08 00:00:00,2023-07-08,00:00:00 a 05:59:59,893386921.5,00:00:00
2023-07-08 06:00:00,2023-07-08,06:00:00 a 11:59:59,899676111.5,06:00:00
2023-07-08 12:00:00,2023-07-08,12:00:00 a 17:59:59,903864648.0,12:00:00
2023-07-08 18:00:00,2023-07-08,18:00:00 a 23:59:59,889196449.0,18:00:00
2023-07-09 00:00:00,2023-07-09,00:00:00 a 05:59:59,887621534.5,00:00:00
2023-07-09 06:00:00,2023-07-09,06:00:00 a 11:59:59,896532063.5,06:00:00
2023-07-09 12:00:00,2023-07-09,12:00:00 a 17:59:59,883687643.0,12:00:00
2023-07-09 18:00:00,2023-07-09,18:00:00 a 23:59:59,874513949.0,18:00:00
2023-07-10 00:00:00,2023-07-10,00:00:00 a 05:59:59,894437564.0,00:00:00
2023-07-10 06:00:00,2023-07-10,06:00:00 a 11:59:59,899941601.5,06:00:00
2023-07-10 12:00:00,2023-07-10,12:00:00 a 17:59:59,901255866.0,12:00:00
2023-07-10 18:00:00,2023-07-10,18:00:00 a 23:59:59,914096466.0,18:00:00
2023-07-11 00:00:00,2023-07-11,00:00:00 a 05:59:59,883424852.5,00:00:00
2023-07-11 06:00:00,2023-07-11,06:00:00 a 11:59:59,910688756.0,06:00:00
2023-07-11 12:00:00,2023-07-11,12:00:00 a 17:59:59,898629962.0,12:00:00
2023-07-11 18:00:00,2023-07-11,18:00:00 a 23:59:59,898893148.5,18:00:00
2023-07-12 00:00:00,2023-07-12,00:00:00 a 05:59:59,914883566.0,00:00:00
2023-07-12 06:00:00,2023-07-12,06:00:00 a 11:59:59,889716997.7424924,06:00:00
2023-07-12 12:00:00,2023-07-12,12:00:00 a 17:59:59,919078794.0,12:00:00
2023-07-12 18:00:00,2023-07-12,18:00:00 a 23:59:59,892337529.5,18:00:00
2023-07-13 00:00:00,2023-07-13,00:00:00 a 05:59:59,886833132.0,00:00:00
2023-07-13 06:00:00,2023-07-13,06:00:00 a 11:59:59,903341855.0,06:00:00
2023-07-13 12:00:00,2023-07-13,12:00:00 a 17:59:59,893387511.0,12:00:00
2023-07-13 18:00:00,2023-07-13,18:00:00 a 23:59:59,919601518.5,18:00:00
2023-07-14 00:00:00,2023-07-14,00:00:00 a 05:59:59,902824052.0,00:00:00
2023-07-14 06:00:00,2023-07-14,06:00:00 a 11:59:59,865346199.5,06:00:00
2023-07-14 12:00:00,2023-07-14,12:00:00 a 17:59:59,865338181.0,12:00:00
2023-07-14 18:00:00,2023-07-14,18:00:00 a 23:59:59,906756481.0,18:00:00
2023-07-15 00:00:00,2023-07-15,00:00:00 a 05:59:59,900988774.5,00:00:00
2023-07-15 06:00:00,2023-07-15,06:00:00 a 11:59:59,901774666.5,06:00:00
2023-07-15 12:00:00,2023-07-15,12:00:00 a 17:59:59,893388503.0,12:00:00
2023-07-15 18:00:00,2023-07-15,18:00:00 a 23:59:59,886573062.5,18:00:00
2023-07-16 00:00:00,2023-07-16,00:00:00 a 05:59:59,887882038.5,00:00:00
2023-07-16 06:00:00,2023-07-16,06:00:00 a 11:59:59,873726307.0,06:00:00
2023-07-16 12:00:00,2023-07-16,12:00:00 a 17:59:59,889717627.0,12:00:00
2023-07-16 18:00:00,2023-07-16,18:00:00 a 23:59:59,878709599.5,18:00:00
2023-07-17 00:00:00,2023-07-17,00:00:00 a 05:59:59,895745600.0,00:00:00
2023-07-17 06:00:00,2023-07-17,06:00:00 a 11:59:59,897021533.2426116,06:00:00
2023-07-17 12:00:00,2023-07-17,12:00:00 a 17:59:59,885599740.9076705,12:00:00
2023-07-17 18:00:00,2023-07-17,18:00:00 a 23:59:59,886047321.0,18:00:00
2023-07-18 00:00:00,2023-07-18,00:00:00 a 05:59:59,884734690.5,00:00:00
2023-07-18 06:00:00,2023-07-18,06:00:00 a 11:59:59,897060715.0,06:00:00
2023-07-18 12:00:00,2023-07-18,12:00:00 a 17:59:59,894443861.1734492,12:00:00
2023-07-18 18:00:00,2023-07-18,18:00:00 a 23:59:59,902824567.0,18:00:00
2023-07-19 00:00:00,2023-07-19,00:00:00 a 05:59:59,921700276.0,00:00:00
2023-07-19 06:00:00,2023-07-19,06:00:00 a 11:59:59,904133717.5,06:00:00
2023-07-19 12:00:00,2023-07-19,12:00:00 a 17:59:59,885014306.5,12:00:00
2023-07-19 18:00:00,2023-07-19,18:00:00 a 23:59:59,889453912.5,18:00:00
2023-07-20 00:00:00,2023-07-20,00:00:00 a 05:59:59,898630911.0,00:00:00
2023-07-20 06:00:00,2023-07-20,06:00:00 a 11:59:59,879495217.0,06:00:00
2023-07-20 12:00:00,2023-07-20,12:00:00 a 17:59:59,889191763.5,12:00:00
2023-07-20 18:00:00,2023-07-20,18:00:00 a 23:59:59,839912105.0,18:00:00
2023-07-21 00:00:00,2023-07-21,00:00:00 a 05:59:59,845715633.5,00:00:00
2023-07-21 06:00:00,2023-07-21,06:00:00 a 11:59:59,880804104.0,06:00:00
2023-07-21 12:00:00,2023-07-21,12:00:00 a 17:59:59,876609510.0,12:00:00
2023-07-21 18:00:00,2023-07-21,18:00:00 a 23:59:59,898892888.0,18:00:00
2023-07-22 00:00:00,2023-07-22,00:00:00 a 05:59:59,828367419.0,00:00:00
2023-07-22 06:00:00,2023-07-22,06:00:00 a 11:59:59,867434257.0,06:00:00
2023-07-22 12:00:00,2023-07-22,12:00:00 a 17:59:59,895222115.0,12:00:00
2023-07-22 18:00:00,2023-07-22,18:00:00 a 23:59:59,901776216.0,18:00:00
2023-07-23 00:00:00,2023-07-23,00:00:00 a 05:59:59,920126314.0,00:00:00
2023-07-23 06:00:00,2023-07-23,06:00:00 a 11:59:59,901513268.5,06:00:00
2023-07-23 12:00:00,2023-07-23,12:00:00 a 17:59:59,906757225.5,12:00:00
2023-07-23 18:00:00,2023-07-23,18:00:00 a 23:59:59,893125215.0,18:00:00
2023-07-24 00:00:00,2023-07-24,00:00:00 a 05:59:59,885785483.0,00:00:00
2023-07-24 06:00:00,2023-07-24,06:00:00 a 11:59:59,888667753.5,06:00:00
2023-07-24 12:00:00,2023-07-24,12:00:00 a 17:59:59,872942809.0,12:00:00
2023-07-24 18:00:00,2023-07-24,18:00:00 a 23:59:59,920128292.0,18:00:00
2023-07-25 00:00:00,2023-07-25,00:00:00 a 05:59:59,901250628.0,00:00:00
2023-07-25 06:00:00,2023-07-25,06:00:00 a 11:59:59,894173014.0,06:00:00
2023-07-25 12:00:00,2023-07-25,12:00:00 a 17:59:59,905708720.0,12:00:00
2023-07-25 18:00:00,2023-07-25,18:00:00 a 23:59:59,889979612.0,18:00:00
2023-07-26 00:00:00,2023-07-26,00:00:00 a 05:59:59,871367370.5,00:00:00
2023-07-26 06:00:00,2023-07-26,06:00:00 a 11:59:59,884124923.6145159,06:00:00
2023-07-26 12:00:00,2023-07-26,12:00:00 a 17:59:59,904398316.5,12:00:00
2023-07-26 18:00:00,2023-07-26,18:00:00 a 23:59:59,898369514.0,18:00:00
2023-07-27 00:00:00,2023-07-27,00:00:00 a 05:59:59,858259584.0,00:00:00
2023-07-27 06:00:00,2023-07-27,06:00:00 a 11:59:59,913834897.0,06:00:00
2023-07-27 12:00:00,2023-07-27,12:00:00 a 17:59:59,898631081.0,12:00:00
2023-07-27 18:00:00,2023-07-27,18:00:00 a 23:59:59,892863758.0,18:00:00
2023-07-28 00:00:00,2023-07-28,00:00:00 a 05:59:59,888405800.5,00:00:00
2023-07-28 06:00:00,2023-07-28,06:00:00 a 11:59:59,868745693.0,06:00:00
2023-07-28 12:00:00,2023-07-28,12:00:00 a 17:59:59,866126677.0,12:00:00
2023-07-28 18:00:00,2023-07-28,18:00:00 a 23:59:59,863501765.5,18:00:00
2023-07-29 00:00:00,2023-07-29,00:00:00 a 05:59:59,898630036.0,00:00:00
2023-07-29 06:00:00,2023-07-29,06:00:00 a 11:59:59,886572863.0,06:00:00
2023-07-29 12:00:00,2023-07-29,12:00:00 a 17:59:59,899941475.0,12:00:00
2023-07-29 18:00:00,2023-07-29,18:00:00 a 23:59:59,890767583.0,18:00:00
2023-07-30 00:00:00,2023-07-30,00:00:00 a 05:59:59,926416803.0,00:00:00
2023-07-30 06:00:00,2023-07-30,06:00:00 a 11:59:59,879757050.5,06:00:00
2023-07-30 12:00:00,2023-07-30,12:00:00 a 17:59:59,891404987.7261953,12:00:00
2023-07-30 18:00:00,2023-07-30,18:00:00 a 23:59:59,910951403.5,18:00:00
2023-07-31 00:00:00,2023-07-31,00:00:00 a 05:59:59,879756417.0,00:00:00
2023-07-31 06:00:00,2023-07-31,06:00:00 a 11:59:59,893649881.0,06:00:00
2023-07-31 12:00:00,2023-07-31,12:00:00 a 17:59:59,861666978.5,12:00:00
2023-07-31 18:00:00,2023-07-31,18:00:00 a 23:59:59,891552851.5,18:00:00
2023-08-01 00:00:00,2023-08-01,00:00:00 a 05:59:59,869270634.0,00:00:00
2023-08-01 06:00:00,2023-08-01,06:00:00 a 11:59:59,895484985.0,06:00:00
2023-08-01 12:00:00,2023-08-01,12:00:00 a 17:59:59,892337622.0,12:00:00
2023-08-01 18:00:00,2023-08-01,18:00:00 a 23:59:59,891552826.0,18:00:00
2023-08-02 00:00:00,2023-08-02,00:00:00 a 05:59:59,879491950.0,00:00:00
2023-08-02 06:00:00,2023-08-02,06:00:00 a 11:59:59,887712506.156917,06:00:00
2023-08-02 12:00:00,2023-08-02,12:00:00 a 17:59:59,907021187.0,12:00:00
2023-08-02 18:00:00,2023-08-02,18:00:00 a 23:59:59,884735249.5,18:00:00
2023-08-03 00:00:00,2023-08-03,00:00:00 a 05:59:59,907544601.5,00:00:00
2023-08-03 06:00:00,2023-08-03,06:00:00 a 11:59:59,878182816.0,06:00:00
2023-08-03 12:00:00,2023-08-03,12:00:00 a 17:59:59,891289200.5,12:00:00
2023-08-03 18:00:00,2023-08-03,18:00:00 a 23:59:59,872416191.0,18:00:00
2023-08-04 00:00:00,2023-08-04,00:00:00 a 05:59:59,886572308.5,00:00:00
2023-08-04 06:00:00,2023-08-04,06:00:00 a 11:59:59,892075926.0,06:00:00
2023-08-04 12:00:00,2023-08-04,12:00:00 a 17:59:59,890765956.5,12:00:00
2023-08-04 18:00:00,2023-08-04,18:00:00 a 23:59:59,887358814.0,18:00:00
2023-08-05 00:00:00,2023-08-05,00:00:00 a 05:59:59,897582638.5,00:00:00
2023-08-05 06:00:00,2023-08-05,06:00:00 a 11:59:59,904134843.0,06:00:00
2023-08-05 12:00:00,2023-08-05,12:00:00 a 17:59:59,873201104.5,12:00:00
2023-08-05 18:00:00,2023-08-05,18:00:00 a 23:59:59,895482922.5,18:00:00
2023-08-06 00:00:00,2023-08-06,00:00:00 a 05:59:59,905354981.5,00:00:00
2023-08-06 06:00:00,2023-08-06,06:00:00 a 11:59:59,892363755.956183,06:00:00
2023-08-06 12:00:00,2023-08-06,12:00:00 a 17:59:59,882375203.5,12:00:00
2023-08-06 18:00:00,2023-08-06,18:00:00 a 23:59:59,870841850.5,18:00:00
2023-08-07 00:00:00,2023-08-07,00:00:00 a 05:59:59,871367048.0,00:00:00
2023-08-07 06:00:00,2023-08-07,06:00:00 a 11:59:59,900725703.0,06:00:00
2023-08-07 12:00:00,2023-08-07,12:00:00 a 17:59:59,893125445.0,12:00:00
2023-08-07 18:00:00,2023-08-07,18:00:00 a 23:59:59,910692308.0,18:00:00
2023-08-08 00:00:00,2023-08-08,00:00:00 a 05:59:59,888669361.0,00:00:00
2023-08-08 06:00:00,2023-08-08,06:00:00 a 11:59:59,900203558.5,06:00:00
2023-08-08 12:00:00,2023-08-08,12:00:00 a 17:59:59,900203520.0,12:00:00
2023-08-08 18:00:00,2023-08-08,18:00:00 a 23:59:59,892340464.0,18:00:00
2023-08-09 00:00:00,2023-08-09,00:00:00 a 05:59:59,914881722.5,00:00:00
2023-08-09 06:00:00,2023-08-09,06:00:00 a 11:59:59,890504360.0,06:00:00
2023-08-09 12:00:00,2023-08-09,12:00:00 a 17:59:59,907543956.5,12:00:00
2023-08-09 18:00:00,2023-08-09,18:00:00 a 23:59:59,903603293.5,18:00:00
2023-08-10 00:00:00,2023-08-10,00:00:00 a 05:59:59,893904398.0,00:00:00
2023-08-10 06:00:00,2023-08-10,06:00:00 a 11:59:59,896798796.0,06:00:00
2023-08-10 12:00:00,2023-08-10,12:00:00 a 17:59:59,892859294.0,12:00:00
2023-08-10 18:00:00,2023-08-10,18:00:00 a 23:59:59,880542113.5,18:00:00
2023-08-11 00:00:00,2023-08-11,00:00:00 a 05:59:59,885523473.0,00:00:00
2023-08-11 06:00:00,2023-08-11,06:00:00 a 11:59:59,898367802.5,06:00:00
2023-08-11 12:00:00,2023-08-11,12:00:00 a 17:59:59,884212983.0,12:00:00
2023-08-11 18:00:00,2023-08-11,18:00:00 a 23:59:59,868483743.5,18:00:00
2023-08-12 00:00:00,2023-08-12,00:00:00 a 05:59:59,903349239.0,00:00:00
2023-08-12 06:00:00,2023-08-12,06:00:00 a 11:59:59,870580858.0,06:00:00
2023-08-12 12:00:00,2023-08-12,12:00:00 a 17:59:59,855115181.0,12:00:00
2023-08-12 18:00:00,2023-08-12,18:00:00 a 23:59:59,880541305.0,18:00:00
2023-08-13 00:00:00,2023-08-13,00:00:00 a 05:59:59,879230126.5,00:00:00
2023-08-13 06:00:00,2023-08-13,06:00:00 a 11:59:59,913835628.0,06:00:00
2023-08-13 12:00:00,2023-08-13,12:00:00 a 17:59:59,903088897.0,12:00:00
2023-08-13 18:00:00,2023-08-13,18:00:00 a 23:59:59,877133297.5,18:00:00
2023-08-14 00:00:00,2023-08-14,00:00:00 a 05:59:59,885522716.0,00:00:00
2023-08-14 06:00:00,2023-08-14,06:00:00 a 11:59:59,885785347.5,06:00:00
2023-08-14 12:00:00,2023-08-14,12:00:00 a 17:59:59,903344814.5,12:00:00
2023-08-14 18:00:00,2023-08-14,18:00:00 a 23:59:59,883950009.0,18:00:00
2023-08-15 00:00:00,2023-08-15,00:00:00 a 05:59:59,892601409.5,00:00:00
2023-08-15 06:00:00,2023-08-15,06:00:00 a 11:59:59,918291556.0,06:00:00
2023-08-15 12:00:00,2023-08-15,12:00:00 a 17:59:59,919080356.0,12:00:00
2023-08-15 18:00:00,2023-08-15,18:00:00 a 23:59:59,873993689.0,18:00:00
2023-08-16 00:00:00,2023-08-16,00:00:00 a 05:59:59,891553208.5,00:00:00
2023-08-16 06:00:00,2023-08-16,06:00:00 a 11:59:59,862453932.0,06:00:00
2023-08-16 12:00:00,2023-08-16,12:00:00 a 17:59:59,891553393.5,12:00:00
2023-08-16 18:00:00,2023-08-16,18:00:00 a 23:59:59,883952003.0,18:00:00
2023-08-17 00:00:00,2023-08-17,00:00:00 a 05:59:59,887093319.0,00:00:00
2023-08-17 06:00:00,2023-08-17,06:00:00 a 11:59:59,867173219.0,06:00:00
2023-08-17 12:00:00,2023-08-17,12:00:00 a 17:59:59,919866128.5,12:00:00
2023-08-17 18:00:00,2023-08-17,18:00:00 a 23:59:59,892339925.0,18:00:00
2023-08-18 00:00:00,2023-08-18,00:00:00 a 05:59:59,889978287.5,00:00:00
2023-08-18 06:00:00,2023-08-18,06:00:00 a 11:59:59,890241614.5,06:00:00
2023-08-18 12:00:00,2023-08-18,12:00:00 a 17:59:59,861927274.0,12:00:00
2023-08-18 18:00:00,2023-08-18,18:00:00 a 23:59:59,892864533.0,18:00:00
2023-08-19 00:00:00,2023-08-19,00:00:00 a 05:59:59,864814803.0,00:00:00
2023-08-19 06:00:00,2023-08-19,06:00:00 a 11:59:59,895224345.5,06:00:00
2023-08-19 12:00:00,2023-08-19,12:00:00 a 17:59:59,891290657.5,12:00:00
2023-08-19 18:00:00,2023-08-19,18:00:00 a 23:59:59,896009423.5,18:00:00
2023-08-20 00:00:00,2023-08-20,00:00:00 a 05:59:59,888932749.0,00:00:00
2023-08-20 06:00:00,2023-08-20,06:00:00 a 11:59:59,891291766.5,06:00:00
2023-08-20 12:00:00,2023-08-20,12:00:00 a 17:59:59,889718693.0,12:00:00
2023-08-20 18:00:00,2023-08-20,18:00:00 a 23:59:59,906230849.0,18:00:00
2023-08-21 00:00:00,2023-08-21,00:00:00 a 05:59:59,905446619.5,00:00:00
2023-08-21 06:00:00,2023-08-21,06:00:00 a 11:59:59,883425875.0,06:00:00
2023-08-21 12:00:00,2023-08-21,12:00:00 a 17:59:59,904755976.4382803,12:00:00
2023-08-21 18:00:00,2023-08-21,18:00:00 a 23:59:59,881591759.5,18:00:00
2023-08-22 00:00:00,2023-08-22,00:00:00 a 05:59:59,883949819.0,00:00:00
2023-08-22 06:00:00,2023-08-22,06:00:00 a 11:59:59,884211268.5,06:00:00
2023-08-22 12:00:00,2023-08-22,12:00:00 a 17:59:59,891289665.0,12:00:00
2023-08-22 18:00:00,2023-08-22,18:00:00 a 23:59:59,875301728.0,18:00:00
2023-08-23 00:00:00,2023-08-23,00:00:00 a 05:59:59,891813977.0,00:00:00
2023-08-23 06:00:00,2023-08-23,06:00:00 a 11:59:59,905969140.5,06:00:00
2023-08-23 12:00:00,2023-08-23,12:00:00 a 17:59:59,890766247.0,12:00:00
2023-08-23 18:00:00,2023-08-23,18:00:00 a 23:59:59,909114323.5,18:00:00
2023-08-24 00:00:00,2023-08-24,00:00:00 a 05:59:59,912525644.5,00:00:00
2023-08-24 06:00:00,2023-08-24,06:00:00 a 11:59:59,885260244.0,06:00:00
2023-08-24 12:00:00,2023-08-24,12:00:00 a 17:59:59,899165654.0,12:00:00
2023-08-24 18:00:00,2023-08-24,18:00:00 a 23:59:59,888146124.5,18:00:00
2023-08-25 00:00:00,2023-08-25,00:00:00 a 05:59:59,904921606.0,00:00:00
2023-08-25 06:00:00,2023-08-25,06:00:00 a 11:59:59,910688463.5,06:00:00
2023-08-25 12:00:00,2023-08-25,12:00:00 a 17:59:59,871892251.0,12:00:00
2023-08-25 18:00:00,2023-08-25,18:00:00 a 23:59:59,894435104.0,18:00:00
2023-08-26 00:00:00,2023-08-26,00:00:00 a 05:59:59,896794973.5,00:00:00
2023-08-26 06:00:00,2023-08-26,06:00:00 a 11:59:59,906494147.0,06:00:00
2023-08-26 12:00:00,2023-08-26,12:00:00 a 17:59:59,912261675.5,12:00:00
2023-08-26 18:00:00,2023-08-26,18:00:00 a 23:59:59,891552575.0,18:00:00
2023-08-27 00:00:00,2023-08-27,00:00:00 a 05:59:59,903875630.0,00:00:00
2023-08-27 06:00:00,2023-08-27,06:00:00 a 11:59:59,891815329.5,06:00:00
2023-08-27 12:00:00,2023-08-27,12:00:00 a 17:59:59,843059319.0,12:00:00
2023-08-27 18:00:00,2023-08-27,18:00:00 a 23:59:59,905970450.5,18:00:00
2023-08-28 00:00:00,2023-08-28,00:00:00 a 05:59:59,854066413.0,00:00:00
2023-08-28 06:00:00,2023-08-28,06:00:00 a 11:59:59,884891589.1560724,06:00:00
2023-08-28 12:00:00,2023-08-28,12:00:00 a 17:59:59,886572250.0,12:00:00
2023-08-28 18:00:00,2023-08-28,18:00:00 a 23:59:59,883163867.5,18:00:00
2023-08-29 00:00:00,2023-08-29,00:00:00 a 05:59:59,877394484.5,00:00:00
2023-08-29 06:00:00,2023-08-29,06:00:00 a 11:59:59,873465685.0,06:00:00
2023-08-29 12:00:00,2023-08-29,12:00:00 a 17:59:59,907019579.5,12:00:00
2023-08-29 18:00:00,2023-08-29,18:00:00 a 23:59:59,889718673.5,18:00:00
2023-08-30 00:00:00,2023-08-30,00:00:00 a 05:59:59,873728332.5,00:00:00
2023-08-30 06:00:00,2023-08-30,06:00:00 a 11:59:59,878707133.5,06:00:00
2023-08-30 12:00:00,2023-08-30,12:00:00 a 17:59:59,883428200.0,12:00:00
2023-08-30 18:00:00,2023-08-30,18:00:00 a 23:59:59,920123219.5,18:00:00
2023-08-31 00:00:00,2023-08-31,00:00:00 a 05:59:59,866909465.5,00:00:00
2023-08-31 06:00:00,2023-08-31,06:00:00 a 11:59:59,885253174.5,06:00:00
2023-08-31 12:00:00,2023-08-31,12:00:00 a 17:59:59,900727099.0,12:00:00
2023-08-31 18:00:00,2023-08-31,18:00:00 a 23:59:59,848296838.0,18:00:00
2023-09-01 00:00:00,2023-09-01,00:00:00 a 05:59:59,895747532.5,00:00:00
2023-09-01 06:00:00,2023-09-01,06:00:00 a 11:59:59,889719053.0,06:00:00
2023-09-01 12:00:00,2023-09-01,12:00:00 a 17:59:59,905181283.0,12:00:00
2023-09-01 18:00:00,2023-09-01,18:00:00 a 23:59:59,871372380.5,18:00:00
2023-09-02 00:00:00,2023-09-02,00:00:00 a 05:59:59,884735857.0,00:00:00
2023-09-02 06:00:00,2023-09-02,06:00:00 a 11:59:59,880805428.0,06:00:00
2023-09-02 12:00:00,2023-09-02,12:00:00 a 17:59:59,876872566.0,12:00:00
2023-09-02 18:00:00,2023-09-02,18:00:00 a 23:59:59,897056253.5,18:00:00
2023-09-03 00:00:00,2023-09-03,00:00:00 a 05:59:59,873202275.0,00:00:00
2023-09-03 06:00:00,2023-09-03,06:00:00 a 11:59:59,854066219.0,06:00:00
2023-09-03 12:00:00,2023-09-03,12:00:00 a 17:59:59,925893302.0,12:00:00
2023-09-03 18:00:00,2023-09-03,18:00:00 a 23:59:59,903877120.0,18:00:00
2023-09-04 00:00:00,2023-09-04,00:00:00 a 05:59:59,870317457.0,00:00:00
2023-09-04 06:00:00,2023-09-04,06:00:00 a 11:59:59,921175812.0,06:00:00
2023-09-04 12:00:00,2023-09-04,12:00:00 a 17:59:59,895483053.0,12:00:00
2023-09-04 18:00:00,2023-09-04,18:00:00 a 23:59:59,887094376.5,18:00:00
2023-09-05 00:00:00,2023-09-05,00:00:00 a 05:59:59,883426675.5,00:00:00
2023-09-05 06:00:00,2023-09-05,06:00:00 a 11:59:59,869269677.0,06:00:00
2023-09-05 12:00:00,2023-09-05,12:00:00 a 17:59:59,880541218.0,12:00:00
2023-09-05 18:00:00,2023-09-05,18:00:00 a 23:59:59,878708140.0,18:00:00
2023-09-06 00:00:00,2023-09-06,00:00:00 a 05:59:59,927991615.0,00:00:00
2023-09-06 06:00:00,2023-09-06,06:00:00 a 11:59:59,883686716.0,06:00:00
2023-09-06 12:00:00,2023-09-06,12:00:00 a 17:59:59,882902112.0,12:00:00
2023-09-06 18:00:00,2023-09-06,18:00:00 a 23:59:59,910166149.5,18:00:00
2023-09-07 00:00:00,2023-09-07,00:00:00 a 05:59:59,892338886.0,00:00:00
2023-09-07 06:00:00,2023-09-07,06:00:00 a 11:59:59,905968800.5,06:00:00
2023-09-07 12:00:00,2023-09-07,12:00:00 a 17:59:59,879758551.0,12:00:00
2023-09-07 18:00:00,2023-09-07,18:00:00 a 23:59:59,890240044.0,18:00:00
2023-09-08 00:00:00,2023-09-08,00:00:00 a 05:59:59,873991897.0,00:00:00
2023-09-08 06:00:00,2023-09-08,06:00:00 a 11:59:59,899154330.0,06:00:00
2023-09-08 12:00:00,2023-09-08,12:00:00 a 17:59:59,855115994.0,12:00:00
2023-09-08 18:00:00,2023-09-08,18:00:00 a 23:59:59,884997347.0,18:00:00
2023-09-09 00:00:00,2023-09-09,00:00:00 a 05:59:59,889190273.0,00:00:00
2023-09-09 06:00:00,2023-09-09,06:00:00 a 11:59:59,893097187.5761267,06:00:00
2023-09-09 12:00:00,2023-09-09,12:00:00 a 17:59:59,901251702.0,12:00:00
2023-09-09 18:00:00,2023-09-09,18:00:00 a 23:59:59,895747659.5,18:00:00
2023-09-10 00:00:00,2023-09-10,00:00:00 a 05:59:59,883952389.0,00:00:00
2023-09-10 06:00:00,2023-09-10,06:00:00 a 11:59:59,902824404.5,06:00:00
2023-09-10 12:00:00,2023-09-10,12:00:00 a 17:59:59,887883050.5,12:00:00
2023-09-10 18:00:00,2023-09-10,18:00:00 a 23:59:59,878709225.0,18:00:00
2023-09-11 00:00:00,2023-09-11,00:00:00 a 05:59:59,890505471.0,00:00:00
2023-09-11 06:00:00,2023-09-11,06:00:00 a 11:59:59,882639668.0,06:00:00
2023-09-11 12:00:00,2023-09-11,12:00:00 a 17:59:59,896009257.5,12:00:00
2023-09-11 18:00:00,2023-09-11,18:00:00 a 23:59:59,929562670.0,18:00:00
2023-09-18 00:00:00,2023-09-18,00:00:00 a 05:59:59,888999843.9481107,00:00:00
2023-09-18 06:00:00,2023-09-18,06:00:00 a 11:59:59,889780853.040411,06:00:00
2023-09-18 12:00:00,2023-09-18,12:00:00 a 17:59:59,928514465.0,12:00:00
2023-09-18 18:00:00,2023-09-18,18:00:00 a 23:59:59,899155785.5,18:00:00
2023-09-19 00:00:00,2023-09-19,00:00:00 a 05:59:59,881327751.5,00:00:00
2023-09-19 06:00:00,2023-09-19,06:00:00 a 11:59:59,912785421.5,06:00:00
2023-09-19 12:00:00,2023-09-19,12:00:00 a 17:59:59,910163012.0,12:00:00
2023-09-19 18:00:00,2023-09-19,18:00:00 a 23:59:59,915932327.5,18:00:00
2023-09-20 00:00:00,2023-09-20,00:00:00 a 05:59:59,872416622.5,00:00:00
2023-09-20 06:00:00,2023-09-20,06:00:00 a 11:59:59,912262259.5,06:00:00
2023-09-20 12:00:00,2023-09-20,12:00:00 a 17:59:59,897737733.2238635,12:00:00
2023-09-20 18:00:00,2023-09-20,18:00:00 a 23:59:59,855900542.5,18:00:00
2023-09-21 00:00:00,2023-09-21,00:00:00 a 05:59:59,904921653.5,00:00:00
2023-09-21 06:00:00,2023-09-21,06:00:00 a 11:59:59,892338800.0,06:00:00
2023-09-21 12:00:00,2023-09-21,12:00:00 a 17:59:59,915669713.5,12:00:00
2023-09-21 18:00:00,2023-09-21,18:00:00 a 23:59:59,910425495.5,18:00:00
2023-09-22 00:00:00,2023-09-22,00:00:00 a 05:59:59,872416576.5,00:00:00
2023-09-22 06:00:00,2023-09-22,06:00:00 a 11:59:59,901252468.0,06:00:00
2023-09-22 12:00:00,2023-09-22,12:00:00 a 17:59:59,891815080.5,12:00:00
2023-09-22 18:00:00,2023-09-22,18:00:00 a 23:59:59,873989763.5,18:00:00
2023-09-23 00:00:00,2023-09-23,00:00:00 a 05:59:59,927991198.0,00:00:00
2023-09-23 06:00:00,2023-09-23,06:00:00 a 11:59:59,840958877.0,06:00:00
2023-09-23 12:00:00,2023-09-23,12:00:00 a 17:59:59,893911621.0,12:00:00
2023-09-23 18:00:00,2023-09-23,18:00:00 a 23:59:59,905449426.5,18:00:00
2023-09-24 00:00:00,2023-09-24,00:00:00 a 05:59:59,900990068.5,00:00:00
2023-09-24 06:00:00,2023-09-24,06:00:00 a 11:59:59,894700631.5,06:00:00
2023-09-24 12:00:00,2023-09-24,12:00:00 a 17:59:59,877136104.0,12:00:00
2023-09-24 18:00:00,2023-09-24,18:00:00 a 23:59:59,880279772.0,18:00:00
2023-09-25 00:00:00,2023-09-25,00:00:00 a 05:59:59,905185516.0,00:00:00
2023-09-25 06:00:00,2023-09-25,06:00:00 a 11:59:59,905184931.0,06:00:00
2023-09-25 12:00:00,2023-09-25,12:00:00 a 17:59:59,851444292.5,12:00:00
2023-09-25 18:00:00,2023-09-25,18:00:00 a 23:59:59,880806024.0,18:00:00
2023-09-26 00:00:00,2023-09-26,00:00:00 a 05:59:59,878447843.0,00:00:00
2023-09-26 06:00:00,2023-09-26,06:00:00 a 11:59:59,883950486.5,06:00:00
2023-09-26 12:00:00,2023-09-26,12:00:00 a 17:59:59,889199723.5864291,12:00:00
2023-09-26 18:00:00,2023-09-26,18:00:00 a 23:59:59,894698459.0,18:00:00
2023-09-27 00:00:00,2023-09-27,00:00:00 a 05:59:59,848300274.0,00:00:00
2023-09-27 06:00:00,2023-09-27,06:00:00 a 11:59:59,881066308.0,06:00:00
2023-09-27 12:00:00,2023-09-27,12:00:00 a 17:59:59,890189535.2451564,12:00:00
2023-09-27 18:00:00,2023-09-27,18:00:00 a 23:59:59,899958840.71083,18:00:00
2023-09-29 00:00:00,2023-09-29,00:00:00 a 05:59:59,892164690.3411368,00:00:00
2023-09-29 06:00:00,2023-09-29,06:00:00 a 11:59:59,863502379.0,06:00:00
2023-09-29 12:00:00,2023-09-29,12:00:00 a 17:59:59,892926365.0226059,12:00:00
2023-09-29 18:00:00,2023-09-29,18:00:00 a 23:59:59,891552718.5,18:00:00
2023-09-30 00:00:00,2023-09-30,00:00:00 a 05:59:59,903874319.0,00:00:00
2023-09-30 06:00:00,2023-09-30,06:00:00 a 11:59:59,880543887.0,06:00:00
2023-09-30 12:00:00,2023-09-30,12:00:00 a 17:59:59,891567194.7777406,12:00:00
2023-09-30 18:00:00,2023-09-30,18:00:00 a 23:59:59,884739687.890941,18:00:00
2023-10-01 00:00:00,2023-10-01,00:00:00 a 05:59:59,887881988.5,00:00:00
2023-10-01 06:00:00,2023-10-01,06:00:00 a 11:59:59,898107500.0,06:00:00
2023-10-01 12:00:00,2023-10-01,12:00:00 a 17:59:59,884473596.5,12:00:00
2023-10-01 18:00:00,2023-10-01,18:00:00 a 23:59:59,884474823.0,18:00:00
2023-10-02 00:00:00,2023-10-02,00:00:00 a 05:59:59,422547057.0,00:00:00
2023-10-02 06:00:00,2023-10-02,06:00:00 a 11:59:59,854065365.0,06:00:00
2023-10-02 12:00:00,2023-10-02,12:00:00 a 17:59:59,891815484.5,12:00:00
2023-10-02 18:00:00,2023-10-02,18:00:00 a 23:59:59,903875720.0,18:00:00
2023-10-05 00:00:00,2023-10-05,00:00:00 a 05:59:59,891707435.7091253,00:00:00
2023-10-05 06:00:00,2023-10-05,06:00:00 a 11:59:59,890384210.3595493,06:00:00
2023-10-05 12:00:00,2023-10-05,12:00:00 a 17:59:59,892340641.5,12:00:00
2023-10-05 18:00:00,2023-10-05,18:00:00 a 23:59:59,896535237.5,18:00:00
2023-10-06 00:00:00,2023-10-06,00:00:00 a 05:59:59,887618936.0,00:00:00
2023-10-06 06:00:00,2023-10-06,06:00:00 a 11:59:59,864025291.0,06:00:00
2023-10-06 12:00:00,2023-10-06,12:00:00 a 17:59:59,890301229.3198166,12:00:00
2023-10-06 18:00:00,2023-10-06,18:00:00 a 23:59:59,893340523.5650785,18:00:00
2023-10-08 00:00:00,2023-10-08,00:00:00 a 05:59:59,877659560.0,00:00:00
2023-10-08 06:00:00,2023-10-08,06:00:00 a 11:59:59,866648887.0,06:00:00
2023-10-08 12:00:00,2023-10-08,12:00:00 a 17:59:59,849347150.0,12:00:00
2023-10-08 18:00:00,2023-10-08,18:00:00 a 23:59:59,856948605.0,18:00:00
2023-10-09 00:00:00,2023-10-09,00:00:00 a 05:59:59,873466433.5,00:00:00
2023-10-09 06:00:00,2023-10-09,06:00:00 a 11:59:59,859309181.0,06:00:00
2023-10-09 12:00:00,2023-10-09,12:00:00 a 17:59:59,921174752.0,12:00:00
2023-10-09 18:00:00,2023-10-09,18:00:00 a 23:59:59,834665995.0,18:00:00
2023-10-10 00:00:00,2023-10-10,00:00:00 a 05:59:59,896532552.0,00:00:00
2023-10-10 06:00:00,2023-10-10,06:00:00 a 11:59:59,894177334.0,06:00:00
2023-10-10 12:00:00,2023-10-10,12:00:00 a 17:59:59,896531192.5,12:00:00
2023-10-10 18:00:00,2023-10-10,18:00:00 a 23:59:59,851970172.0,18:00:00
2023-10-11 00:00:00,2023-10-11,00:00:00 a 05:59:59,891231374.3381095,00:00:00
2023-10-11 06:00:00,2023-10-11,06:00:00 a 11:59:59,884843171.3503593,06:00:00
2023-10-11 12:00:00,2023-10-11,12:00:00 a 17:59:59,898893928.0,12:00:00
2023-10-11 18:00:00,2023-10-11,18:00:00 a 23:59:59,912260372.0,18:00:00
2023-10-12 00:00:00,2023-10-12,00:00:00 a 05:59:59,897845040.5,00:00:00
2023-10-12 06:00:00,2023-10-12,06:00:00 a 11:59:59,883952097.0,06:00:00
2023-10-12 12:00:00,2023-10-12,12:00:00 a 17:59:59,890242691.5,12:00:00
2023-10-12 18:00:00,2023-10-12,18:00:00 a 23:59:59,881849682.0,18:00:00
2023-10-13 00:00:00,2023-10-13,00:00:00 a 05:59:59,892444656.7398117,00:00:00
2023-10-13 06:00:00,2023-10-13,06:00:00 a 11:59:59,908067833.5,06:00:00
2023-10-13 12:00:00,2023-10-13,12:00:00 a 17:59:59,887881101.0,12:00:00
2023-10-13 18:00:00,2023-10-13,18:00:00 a 23:59:59,892338042.0,18:00:00
2023-10-14 00:00:00,2023-10-14,00:00:00 a 05:59:59,846202947.0,00:00:00
2023-10-14 06:00:00,2023-10-14,06:00:00 a 11:59:59,894958452.0,06:00:00
2023-10-14 12:00:00,2023-10-14,12:00:00 a 17:59:59,885001014.5,12:00:00
2023-10-14 18:00:00,2023-10-14,18:00:00 a 23:59:59,890929008.0830218,18:00:00
2023-10-15 00:00:00,2023-10-15,00:00:00 a 05:59:59,871892521.0,00:00:00
2023-10-15 06:00:00,2023-10-15,06:00:00 a 11:59:59,894437492.5,06:00:00
2023-10-15 12:00:00,2023-10-15,12:00:00 a 17:59:59,897057979.0,12:00:00
2023-10-15 18:00:00,2023-10-15,18:00:00 a 23:59:59,899680408.5,18:00:00
2023-10-16 00:00:00,2023-10-16,00:00:00 a 05:59:59,878968666.0,00:00:00
2023-10-16 06:00:00,2023-10-16,06:00:00 a 11:59:59,847251102.0,06:00:00
2023-10-16 12:00:00,2023-10-16,12:00:00 a 17:59:59,861407645.5,12:00:00
2023-10-16 18:00:00,2023-10-16,18:00:00 a 23:59:59,889502607.7096101,18:00:00
2023-10-17 00:00:00,2023-10-17,00:00:00 a 05:59:59,880860565.3557848,00:00:00
2023-10-17 06:00:00,2023-10-17,06:00:00 a 11:59:59,904397885.0,06:00:00
2023-10-17 12:00:00,2023-10-17,12:00:00 a 17:59:59,904136329.5,12:00:00
2023-10-17 18:00:00,2023-10-17,18:00:00 a 23:59:59,909641252.5,18:00:00
2023-10-18 00:00:00,2023-10-18,00:00:00 a 05:59:59,880284041.0,00:00:00
2023-10-18 06:00:00,2023-10-18,06:00:00 a 11:59:59,911736719.0,06:00:00
2023-10-18 12:00:00,2023-10-18,12:00:00 a 17:59:59,875823888.0,12:00:00
2023-10-18 18:00:00,2023-10-18,18:00:00 a 23:59:59,891585273.5959439,18:00:00
2023-10-22 00:00:00,2023-10-22,00:00:00 a 05:59:59,889361843.4909297,00:00:00
2023-10-22 06:00:00,2023-10-22,06:00:00 a 11:59:59,888930717.0,06:00:00
2023-10-22 12:00:00,2023-10-22,12:00:00 a 17:59:59,921698897.0,12:00:00
2023-10-22 18:00:00,2023-10-22,18:00:00 a 23:59:59,911475454.0,18:00:00
2023-10-23 00:00:00,2023-10-23,00:00:00 a 05:59:59,892338018.5,00:00:00
2023-10-23 06:00:00,2023-10-23,06:00:00 a 11:59:59,434843596.5,06:00:00
2023-10-23 12:00:00,2023-10-23,12:00:00 a 17:59:59,878165495.0,12:00:00
2023-10-23 18:00:00,2023-10-23,18:00:00 a 23:59:59,890634263.2662205,18:00:00
