file,rate,method,rmse,nrmse,nrmse_mean,mae,mape,r2
195,10,linear interpolation,13035.858218289211,0.09835719627450748,1.4255197902295265,6044.445988003464,129.98106056015308,0.30666405123469287
195,10,knn imputer (k=5),15679.71941352575,0.11830546282880278,1.7146358877904735,10226.002282526018,666.8889551416524,-0.003092620544321134
195,10,"kalman arima (1,1,1)",13106.092873198932,0.0988871256142218,1.4332002120979754,8043.4052247748095,442.65878790609355,0.29917280775661625
195,10,kalman structural (level),14435.29235736851,0.10891610355823007,1.5785531407749858,7827.69529922492,263.68757968390327,0.149810709553174
195,10,ewma (alpha=0.2),15130.556529464344,0.11416195952661735,1.6545828750789102,8577.728919971865,337.99981009813297,0.06594109155500871
195,10,"hankel+knn+svd (L=72, k=5, λ=0.2)",11835.912463425226,0.08930345403877701,1.2943012396656184,5553.625955607904,129.47070074885767,0.42843194116504213
195,10,Hankel+SVD+KNN,13085.94938013208,0.09873514041554492,1.4309974458872428,6814.066026484601,275.42797225748717,0.3013254338878554
195,20,linear interpolation,14354.489910022996,0.04421396885636523,1.3518871134881258,6570.527217439458,131.18850213241748,0.5344041991423858
195,20,knn imputer (k=5),21054.92688622208,0.06485231362839688,1.9829255174747413,11238.454849741407,622.9666121168391,-0.001707675259546626
195,20,"kalman arima (1,1,1)",18314.10934008326,0.05641018699167497,1.724798900348485,9501.001622304073,466.16569054023233,0.24211182409330656
195,20,kalman structural (level),19309.73241995303,0.05947685450281399,1.8185653817772314,9341.582744005202,256.49973605349123,0.1574687123780909
195,20,ewma (alpha=0.2),20012.795107707603,0.06164239239202508,1.8847789075456443,9922.261171434127,317.76293112107317,0.09499907264573748
195,20,"hankel+knn+svd (L=72, k=5, λ=0.2)",17533.529980601954,0.05400588619754297,1.6512849556697007,6783.028766117263,125.6999026190768,0.3053400724693225
195,20,Hankel+SVD+KNN,18955.391639768663,0.0583854320755585,1.7851940298506055,8062.744610133687,248.8937791053345,0.18810652733749966
195,30,linear interpolation,15699.957036227106,0.04155082712103951,1.5244391841277534,6716.082335431447,135.91222022140823,0.4391331613078636
195,30,knn imputer (k=5),20970.572452900327,0.05549980987903964,2.036206996428425,11072.62221817168,605.6486260069846,-0.000652781943056846
195,30,"kalman arima (1,1,1)",19232.16037077052,0.050899003665173706,1.8674101334787516,9854.84863494847,485.36590562265377,0.15837431927940215
195,30,kalman structural (level),20455.22768933094,0.05413592072129259,1.9861678944673524,9548.880502864797,275.7082824049467,0.04792432073870356
195,30,ewma (alpha=0.2),20634.998486245735,0.05461169433562684,2.003623333762277,9953.011556314768,327.8217599397298,0.03111614769406512
195,30,"hankel+knn+svd (L=72, k=5, λ=0.2)",17814.959206498315,0.04714830037111161,1.729802305532287,6661.1950031517845,130.8032133167523,0.2778415461476035
195,30,Hankel+SVD+KNN,19249.919317103842,0.05094600372429774,1.8691344970293566,8053.174295884751,256.4406880516141,0.15681929002188733
195,40,linear interpolation,16024.169996856952,0.04240887511737775,1.5836733030128873,6844.223926404489,152.21683167808055,0.33910942068407
195,40,knn imputer (k=5),19713.662879514046,0.05217332737529494,1.9483069396421893,10893.402464821393,613.864751127568,-0.00026051366889334737
195,40,"kalman arima (1,1,1)",18472.05676002727,0.04888734633062213,1.8255986518073553,9994.036010522226,516.2136798381513,0.1217685553616441
195,40,kalman structural (level),21301.313460948008,0.05637513472327437,2.1052149006050986,9871.124368817189,302.28878516214803,-0.16786122830717343
195,40,ewma (alpha=0.2),20810.94646404974,0.055077350642275404,2.0567517900777696,10163.47023350495,354.4231474993378,-0.11471061804469018
195,40,"hankel+knn+svd (L=72, k=5, λ=0.2)",16759.501243691102,0.044354970985245594,1.656346300410621,6740.768538114387,141.95278695354253,0.2770626645685976
195,40,Hankel+SVD+KNN,18049.297369516426,0.047768489616022265,1.7838172203521632,7573.420298754938,221.17783048880924,0.16150770859706576
196,10,linear interpolation,59624.08928347276,0.05351702953722925,1.5484326375138242,21534.368875621472,145.847327364523,0.4854159884895777
196,10,knn imputer (k=5),83117.72873412912,0.07460430837917721,2.1585604991977827,47539.67016760999,1109.5535629712906,-2.431495877974754e-07
196,10,"kalman arima (1,1,1)",63935.19158511096,0.05738656267370839,1.6603916055708496,28468.575382341816,450.6272603055373,0.4083120660966312
196,10,kalman structural (level),71309.35287149926,0.0640054177726881,1.8518979605920178,31016.891692377696,228.63805831836223,0.2639526360482839
196,10,ewma (alpha=0.2),75963.54386460295,0.06818289838233958,1.9727669134188122,35828.82661298676,398.0451534125526,0.16473707293495377
196,10,"hankel+knn+svd (L=72, k=5, λ=0.2)",68193.29537801382,0.06120852572917659,1.7709742067658976,24098.649048127325,161.34250744807267,0.3268743704766711
196,10,Hankel+SVD+KNN,62471.72550310814,0.05607299363678915,1.6223855131927514,21313.099320287736,180.60671891931815,0.4350893345224701
196,20,linear interpolation,56816.93849945535,0.05099383429778999,1.3619191330224731,22822.014732623127,149.02600963915776,0.5198639536817724
196,20,knn imputer (k=5),82094.44313868096,0.07368067588195322,1.9678285345569415,49295.10896687996,1117.2020952054781,-0.0023887347198356945
196,20,"kalman arima (1,1,1)",62859.68919891841,0.05641727026617163,1.506765687782944,30582.17125141252,493.83647880095634,0.4123034877453483
196,20,kalman structural (level),69581.2202115815,0.062449919115959346,1.667882811146385,32857.60003909128,270.6080409361796,0.27990012493017813
196,20,ewma (alpha=0.2),74655.26258994175,0.0670039285908723,1.7895091356080932,37743.40256875336,458.71917053465097,0.17104776016360335
196,20,"hankel+knn+svd (L=72, k=5, λ=0.2)",65132.09281703241,0.05845677779016318,1.5612358871142338,24823.057271916587,156.23739257634801,0.3690445139803308
196,20,Hankel+SVD+KNN,58657.01421682361,0.05264532272192893,1.40602630232583,22854.249766108893,199.22291734576402,0.4882609486051239
196,30,linear interpolation,55162.14300487972,0.04950846443033818,1.324464790059189,23445.180859324162,175.33978562218817,0.5140146817237883
196,30,knn imputer (k=5),79255.8281013179,0.07113273946053883,1.9029636632843152,48476.515711098466,1084.8519457266004,-0.003236456985362235
196,30,"kalman arima (1,1,1)",62649.30217311608,0.056228249652100125,1.5042344319859118,31616.144072218452,524.9079562452534,0.37313594812970974
196,30,kalman structural (level),68618.53129867362,0.061585680522997614,1.647557975451172,33725.50792771965,292.51269072439277,0.2479898087987248
196,30,ewma (alpha=0.2),72821.65112324583,0.06535801417422785,1.7484765386685797,38354.75373175231,470.1195503188013,0.1530418858380005
196,30,"hankel+knn+svd (L=72, k=5, λ=0.2)",62287.68666128681,0.055903696838710076,1.4955519010531537,24840.909682319452,165.88161846460014,0.380351656557827
196,30,Hankel+SVD+KNN,56283.40886568485,0.050514809506194136,1.3513868252092816,23503.07380370641,210.38830828357897,0.4940569018501324
196,40,linear interpolation,55750.905488073586,0.050036883466823806,1.3547719213203222,24055.673628300206,199.22992108556122,0.499779475155508
196,40,knn imputer (k=5),78948.46369658347,0.0708568774495651,1.9184829539744197,48133.643471893134,1087.336822573181,-0.003101830989730603
196,40,"kalman arima (1,1,1)",63621.97103966632,0.057101227737412004,1.5460423322098937,32670.494381014065,557.9130443289579,0.34856378876326666
196,40,kalman structural (level),69417.69021826718,0.062302932043508424,1.6868808986562416,34941.619866824374,346.2637523654912,0.22447112093620247
196,40,ewma (alpha=0.2),73217.5338434681,0.06571332208115555,1.7792187970950661,39324.685515687015,528.89195635317,0.13724427482862167
196,40,"hankel+knn+svd (L=72, k=5, λ=0.2)",62562.075658559384,0.05614996315781127,1.5202864007269878,25439.45538444182,191.39468195581884,0.3700878940246254
196,40,Hankel+SVD+KNN,57777.35096321379,0.05185563448447596,1.404015452089412,24521.313141664392,215.73508524703064,0.46275434894881384
197,10,linear interpolation,24403.53727310284,0.08257554055043606,2.332861335513017,8567.496685310874,487.230632003669,0.16246466044152874
197,10,knn imputer (k=5),26668.428624676813,0.09023937327891367,2.5493741059402915,13977.487566244756,5226.5974380759935,-0.00021285345920030174
197,10,"kalman arima (1,1,1)",24507.88315428235,0.0829286212307564,2.3428363022155705,11583.006619306843,3639.3009721515077,0.15528699578332972
197,10,kalman structural (level),24003.109697099215,0.08122059257015926,2.2945823762261743,10313.095842440856,1238.6238214090508,0.18972470472924075
197,10,ewma (alpha=0.2),24386.10674085941,0.0825165599360286,2.331195060076262,10987.95103794947,1884.4121536877417,0.16366067337444212
197,10,"hankel+knn+svd (L=72, k=5, λ=0.2)",25068.084712605367,0.08482420489053613,2.396388889321306,8161.421995176836,418.9421989012874,0.11622871778698518
197,10,Hankel+SVD+KNN,25697.015726234775,0.08695235204552351,2.4565116833237224,9899.523739227601,1393.1471037680858,0.07132670194538193
197,20,linear interpolation,31378.6191374822,0.044354915117981,2.7556180116193487,9576.084975778953,521.9985061324086,0.1290577371382985
197,20,knn imputer (k=5),33661.81510401971,0.04758230262186636,2.956124474376086,14314.050009699937,4820.965835120346,-0.002297783552994259
197,20,"kalman arima (1,1,1)",31951.8577489184,0.045165210492713735,2.8059588706516814,12354.678917249475,3417.286089487013,0.09694554872840389
197,20,kalman structural (level),32298.401011153666,0.04565506305486147,2.8363917221113604,11474.514867296024,1345.9538197922986,0.07725063648399821
197,20,ewma (alpha=0.2),32697.776866520904,0.04621959657009908,2.871464243806276,12141.102098249234,2124.946405636176,0.054289608186409044
197,20,"hankel+knn+svd (L=72, k=5, λ=0.2)",32077.995480279853,0.045343511148430896,2.8170360758964854,8618.603281570948,389.5271296667078,0.08980142065338226
197,20,Hankel+SVD+KNN,33151.555940677434,0.04686103117970835,2.9113143654627773,10746.746439334376,1353.944283450836,0.02785836726706059
197,30,linear interpolation,29592.318837810835,0.041829909227186254,2.6365032765655076,9341.557164370002,617.0533537056092,0.08811958774015893
197,30,knn imputer (k=5),31031.214514564814,0.043863844988553655,2.764700501905976,14084.853180076214,4820.759247658297,-0.002714831634089032
197,30,"kalman arima (1,1,1)",30023.211601460353,0.04243899313469947,2.674893312487896,12205.944021129764,3413.7285574886237,0.061370528969011406
197,30,kalman structural (level),30457.304825591942,0.043052601019268485,2.7135684908012454,11553.070210862015,1619.1119027116638,0.034031795595061864
197,30,ewma (alpha=0.2),30456.05010625097,0.043050827424018105,2.7134567026148657,12098.814090432237,2348.948224537443,0.03411138202141206
197,30,"hankel+knn+svd (L=72, k=5, λ=0.2)",28932.78337411229,0.040897629849898316,2.577742507577355,8339.895770213423,467.87139389968206,0.12831349493777566
197,30,Hankel+SVD+KNN,30589.592441342193,0.04323959477900196,2.725354546983126,10870.699279233695,1581.1273347573685,0.025622440788925394
197,40,linear interpolation,27460.451598675932,0.03881630922005274,2.520841568162467,9254.320655144755,713.2015879978495,0.10909508008547131
197,40,knn imputer (k=5),29123.08213181812,0.04116649565676305,2.6734693625518005,13788.961991879447,4706.783985312281,-0.0020529641312052593
197,40,"kalman arima (1,1,1)",28223.142210010305,0.03989439908694384,2.5908557917010064,12294.208669094895,3577.512152836396,0.05891958526193897
197,40,kalman structural (level),28803.76916518386,0.04071513560515176,2.6441567565062494,11657.167815757364,1873.4064590784674,0.019800107240163456
197,40,ewma (alpha=0.2),28756.2537787873,0.040647970943840504,2.6397948922912584,12166.009384432777,2556.5452648959113,0.023031362227369345
197,40,"hankel+knn+svd (L=72, k=5, λ=0.2)",26836.18026705187,0.03793387984854517,2.463534093923917,8204.279737996547,551.2444576535381,0.1491413701364136
197,40,Hankel+SVD+KNN,29377.95876877179,0.041526772701640124,2.69686677897365,10784.22477507858,1520.1535815130565,-0.019669058519174776
198,10,linear interpolation,87028.38233388295,0.05558452126542812,1.0962625641514476,40230.67230860008,182.700236539255,0.5713515583569333
198,10,knn imputer (k=5),133049.48337713437,0.08497793064517582,1.6759724114653094,87509.43049308922,1100.064148857342,-0.001857173688646574
198,10,"kalman arima (1,1,1)",105031.40714529569,0.06708294842948676,1.3230396409276706,51244.78138467948,261.90105726995705,0.375664837557916
198,10,kalman structural (level),109972.84448941179,0.07023901570052996,1.3852849984556523,56399.849866940785,326.0630299300837,0.31553642085489697
198,10,ewma (alpha=0.2),121421.94537761727,0.07755148980063421,1.5295048536378413,67325.58016429222,480.11547327525096,0.1656009507932854
198,10,"hankel+knn+svd (L=72, k=5, λ=0.2)",95929.39028652529,0.06126954323825143,1.2083850871722746,44024.464700109136,179.79614668017092,0.47918582552628475
198,10,Hankel+SVD+KNN,87418.06319507577,0.05583340816341277,1.1011712218632854,43872.95385034652,237.21653610095888,0.5675043064081222
198,20,linear interpolation,100708.35545377435,0.05805225631646862,1.1707415900083187,44848.33939130113,195.88648759394013,0.5186328182723291
198,20,knn imputer (k=5),145165.29883013945,0.08367898669353342,1.6875566282525445,90283.3252145754,1185.981953603251,-0.00016371498098299853
198,20,"kalman arima (1,1,1)",125591.00214819775,0.07239559235078434,1.4600040769527691,58988.68007884427,270.6096419683291,0.2513781105984154
198,20,kalman structural (level),128932.76700728298,0.07432191702637721,1.4988523243194454,64126.20809487839,349.8051412858345,0.21100895145323317
198,20,ewma (alpha=0.2),136953.72449982108,0.07894551233942003,1.5920965093316162,74001.94990445874,521.2370584952962,0.1097885727310135
198,20,"hankel+knn+svd (L=72, k=5, λ=0.2)",109594.72065326018,0.0631747066628958,1.27404619940407,47223.640949298824,177.7025752318127,0.42993452724408243
198,20,Hankel+SVD+KNN,107579.60593727614,0.06201311529868086,1.2506203516081222,49787.04062866919,241.01535684742413,0.45070535134600664
198,30,linear interpolation,99553.14089280568,0.05738634521612648,1.1457485348242171,45951.47246526852,209.96837958181877,0.526274427911531
198,30,knn imputer (k=5),144680.79959777844,0.08339970228366077,1.6651188769105953,90715.1371894602,1142.5010514695105,-0.000549769905681563
198,30,"kalman arima (1,1,1)",115318.0643825742,0.06647386705196498,1.3271856831455062,58788.62297912844,488.79930184712765,0.36435946557444854
198,30,kalman structural (level),129204.5085359071,0.07447855952937943,1.4870035743733787,66684.44772444112,350.990940527647,0.20205633205470708
198,30,ewma (alpha=0.2),136221.67985643583,0.07852353302021246,1.5677635954737008,75898.92948548698,521.3478964068213,0.11302912559275102
198,30,"hankel+knn+svd (L=72, k=5, λ=0.2)",108706.71653545,0.06266282616971411,1.251096249491051,48558.11403118044,191.0794829901928,0.4351545272959959
198,30,Hankel+SVD+KNN,110415.32121961191,0.06364773309845463,1.2707604338243226,52546.14739500409,236.43153623191807,0.41725899806105304
198,40,linear interpolation,100610.82295144889,0.057996034746781853,1.1469864137222052,47206.32136011334,244.013273566882,0.5165235579199324
198,40,knn imputer (k=5),144794.37981107735,0.08346517438500924,1.6506890765298805,91615.83690878998,1139.673559298254,-0.0013578918020342723
198,40,"kalman arima (1,1,1)",117525.353189851,0.06774623511941218,1.339815930555625,62888.45611197668,480.66452903529074,0.340296110231874
198,40,kalman structural (level),127983.15287946707,0.07377452210068992,1.4590372410423333,68304.45420944104,378.79019948599444,0.21766722581723674
198,40,ewma (alpha=0.2),134649.32185466384,0.07761716403693564,1.535033093395284,77311.44665033196,545.1944599338124,0.1340471304034314
198,40,"hankel+knn+svd (L=72, k=5, λ=0.2)",109796.01112840253,0.06329073840826961,1.2516996616352216,51011.08545455865,220.7274318006859,0.4242167326107634
198,40,Hankel+SVD+KNN,115230.79414232775,0.06642356105369146,1.3136574321377903,55452.153003903164,244.51918915481642,0.3658046919789437
199,10,linear interpolation,92725.39982303615,0.145850642658425,1.3130916275392661,44462.575276101896,251.43149016979754,0.15787120840296442
199,10,knn imputer (k=5),101063.58009815023,0.15896602370879676,1.4311692495183659,76333.40408991768,1535.8147257489945,-0.00039253856501342277
199,10,"kalman arima (1,1,1)",89020.10053316533,0.14002246306900462,1.2606205949598215,57348.739496808244,932.4952266432383,0.22382929477789637
199,10,kalman structural (level),90745.61666976806,0.14273658064543235,1.2850557637105746,52923.16083431497,532.8637754163016,0.1934479506971467
199,10,ewma (alpha=0.2),93556.24177956473,0.14715749960957913,1.3248572453635958,58804.64913451137,781.6695571449592,0.14271224296751805
199,10,"hankel+knn+svd (L=72, k=5, λ=0.2)",80684.91138643511,0.12691178685676668,1.1425853305833336,40137.57487512781,226.35555110270093,0.3623744088451828
199,10,Hankel+SVD+KNN,74941.78138373325,0.11787824045671277,1.0612564181514685,37552.61523686683,211.92821444443828,0.4499158762110833
199,20,linear interpolation,100904.53848845973,0.0916497624331648,1.3604006933645363,45341.06633501925,220.5098362492678,0.18922690143750853
199,20,knn imputer (k=5),112084.5076962342,0.10180432571893627,1.511129670374723,79384.4617281928,1602.7038528821051,-0.00038945871917484
199,20,"kalman arima (1,1,1)",98631.97930995548,0.08958563814356169,1.3297619220222274,60613.337800004585,986.1551994349538,0.22533590629919742
199,20,kalman structural (level),101573.0209199282,0.09225693290292357,1.369413211303714,56347.20918400802,522.3914801235945,0.17844873650947712
199,20,ewma (alpha=0.2),105259.12368065654,0.09560495319403885,1.4191094571478124,63347.31468477544,796.3964116045782,0.11773829336389452
199,20,"hankel+knn+svd (L=72, k=5, λ=0.2)",91385.33985033062,0.08300364693818717,1.2320623190795514,42586.596091457555,225.77056357019774,0.3349856878256582
199,20,Hankel+SVD+KNN,89278.69476697607,0.08109021941240228,1.2036604109493607,42243.289963435804,257.8131690873814,0.36529255240540803
199,30,linear interpolation,100930.47629270332,0.07613912840659176,1.347150342302961,46208.1887566055,234.43436718222551,0.22578012136254633
199,30,knn imputer (k=5),114764.33690757267,0.08657500593737656,1.5317951666139704,79350.46668513666,1618.2102159976125,-0.0009988441594139807
199,30,"kalman arima (1,1,1)",101971.54660919645,0.07692448273582217,1.3610458304125972,62660.044100212006,1066.5690828575093,0.2097260158384986
199,30,kalman structural (level),106642.02031806714,0.08044775747404932,1.4233840902398422,59659.53524781959,555.5969740455853,0.13567634147415208
199,30,ewma (alpha=0.2),109325.34009567567,0.0824719788649282,1.4591991907891593,65275.296190677254,813.9250787658103,0.09163300365486438
199,30,"hankel+knn+svd (L=72, k=5, λ=0.2)",92702.82406652036,0.06993241768507094,1.2373333185458524,42721.65784500071,231.58328067585225,0.3468610230828745
199,30,Hankel+SVD+KNN,93478.84163371539,0.07051782363344954,1.2476910654789803,43528.5781020938,274.13286356487976,0.335880370862667
199,40,linear interpolation,106746.57353626503,0.08052440176291735,1.4168727965365728,48328.673961363944,285.59889140108857,0.18130921021163282
199,40,knn imputer (k=5),118078.34243033982,0.08907253479316407,1.567282074799723,80009.05345727778,1621.5216190816432,-0.0017342285696657633
199,40,"kalman arima (1,1,1)",107618.05762682702,0.08118180679910396,1.4284402132659932,66184.99712876536,1135.974116583141,0.167886982207351
199,40,kalman structural (level),113050.76233394515,0.0852799739065161,1.5005498019500443,62858.437561934734,632.4164443189699,0.08175407817359448
199,40,ewma (alpha=0.2),114800.37187718553,0.0865997938981176,1.5237727877963851,68042.27932122989,886.3976788953382,0.053112011500897505
199,40,"hankel+knn+svd (L=72, k=5, λ=0.2)",97573.53121112978,0.0736047066279115,1.2951168122328027,44696.63079529209,261.8198312175832,0.3159685613971063
199,40,Hankel+SVD+KNN,98379.33576694931,0.07421256623076009,1.3058124487918352,44398.842482363674,270.0501457152623,0.3046238524562067
200,10,linear interpolation,128286.50764878897,0.0810535869927103,0.9607569626576432,73034.73721984804,132.43501548637275,0.21088644400644385
200,10,knn imputer (k=5),144417.2978958499,0.0912452933109675,1.081562878471192,93503.80385848215,507.03728080624666,-3.677059862128296e-05
200,10,"kalman arima (1,1,1)",126722.76615086065,0.08006558864542158,0.9490458672395312,73962.86925154111,242.1133009664724,0.23000691011594188
200,10,kalman structural (level),129690.57521041081,0.0819407006442965,0.9712722359361318,74526.3296059748,176.9578878988131,0.19351856949285628
200,10,ewma (alpha=0.2),131783.9396662732,0.08326332374114787,0.9869497573934617,77673.90646985144,224.7742026506515,0.16727325683316263
200,10,"hankel+knn+svd (L=72, k=5, λ=0.2)",121953.52214083463,0.07705229955258566,0.9133282810862767,66976.60648575531,117.06435513899673,0.2868740594931659
200,10,Hankel+SVD+KNN,131632.3021982784,0.08316751662215513,0.9858141215744975,73800.7065104809,162.85409802906915,0.16918851186777006
200,20,linear interpolation,120450.92934405459,0.07608466553131446,0.9358358330375727,71070.89865768902,129.76724754273187,0.15104482617256387
200,20,knn imputer (k=5),130826.54843337399,0.08263858348271758,1.016448545505723,87637.64790685392,638.305337049525,-0.001512136212720172
200,20,"kalman arima (1,1,1)",116442.60453507297,0.0735527460675707,0.9046934084242781,72209.83712716523,272.40117952829354,0.20660717061554967
200,20,kalman structural (level),124484.90699867706,0.07863278900602882,0.9671775658031647,75642.04702793334,182.44894391684974,0.09322852975458362
200,20,ewma (alpha=0.2),123066.01131064618,0.0777365219167207,0.956153546018237,76864.5936878897,240.3711752772252,0.11378173029410577
200,20,"hankel+knn+svd (L=72, k=5, λ=0.2)",110343.21135241794,0.06969997139182932,0.8573045611053064,64766.644504091135,119.48326263596425,0.2875478727823273
200,20,Hankel+SVD+KNN,118021.29855095502,0.07454995220644224,0.9169589711518549,70066.14039096622,348.36051948430315,0.18494817057098845
200,30,linear interpolation,127481.56799534391,0.08052567560212039,0.9603757466862729,74614.85861865898,130.7752755420652,0.12147009359244376
200,30,knn imputer (k=5),136009.46175577136,0.08591244968499494,1.0246201897584735,90362.7628281863,541.374595531265,-1.9348949109598834e-09
200,30,"kalman arima (1,1,1)",123191.2595290125,0.07781563686298712,0.9280549315154245,75802.6628223986,246.07669821927715,0.17960775190488842
200,30,kalman structural (level),134402.14195603537,0.08489716163341454,1.0125115298391707,79598.45092869045,167.18287656306202,0.023495751463030845
200,30,ewma (alpha=0.2),130345.98640777914,0.0823350291541329,0.9819546934698964,79992.27755474181,212.6134466767786,0.08154669149741367
200,30,"hankel+knn+svd (L=72, k=5, λ=0.2)",117428.6887471511,0.07417562119082834,0.8846429049417885,67714.09915439677,116.78109257857669,0.25456431394077494
200,30,Hankel+SVD+KNN,123764.47008519134,0.07817771404813952,0.9323731833580658,72792.412851191,293.16702398190745,0.17195539806442106
200,40,linear interpolation,126199.50851412366,0.07971584318861309,0.9443991651731375,74391.97571445761,138.95857631335232,0.1588231949674045
200,40,knn imputer (k=5),137606.7944534826,0.08692142923134985,1.0297642465816454,91194.98516803156,542.0450516028599,-0.00011909184386915683
200,40,"kalman arima (1,1,1)",124801.05069667549,0.0788324859917892,0.9339339707292138,77191.99587138488,262.3526633438685,0.17736260978008267
200,40,kalman structural (level),136182.96176302803,0.086022043609207,1.019109162262826,81535.98040069999,188.09231877756346,0.020470517974113145
200,40,ewma (alpha=0.2),131627.67373207083,0.08314462648904357,0.9850202005528232,81104.69124885733,227.22559716780046,0.08490459684140617
200,40,"hankel+knn+svd (L=72, k=5, λ=0.2)",118932.49144230587,0.07512552108540799,0.8900172984231921,69118.6737268411,125.64058450995378,0.25290987639741735
200,40,Hankel+SVD+KNN,126971.89607242652,0.08020373356317517,0.950179236536646,74984.69444847183,250.76800343893382,0.14849506053253236
201,10,linear interpolation,139986.58465126104,0.08141528583380647,2.141302533902392,53591.86044452824,391.83355353783935,-0.26280808124346766
201,10,knn imputer (k=5),124740.8975452677,0.07254849351538953,1.9080971270237659,67162.62348560985,1447.820359798231,-0.0027259303599262985
201,10,"kalman arima (1,1,1)",120264.4247530681,0.06994500609684777,1.83962283317081,63467.58076034038,1231.8318400790042,0.06795072426594928
201,10,kalman structural (level),126668.46205456741,0.07366955247885158,1.9375820864454587,61396.81262618724,801.993541438284,-0.033954700414519534
201,10,ewma (alpha=0.2),125864.90962861096,0.07320221162183536,1.925290559724448,62203.18791342946,870.4667533424627,-0.02087801998466965
201,10,"hankel+knn+svd (L=72, k=5, λ=0.2)",117527.51642599044,0.06835323804060821,1.7977577590965341,44066.5644292635,271.9823883644421,0.10989009402252226
201,10,Hankel+SVD+KNN,119392.79971282351,0.06943807465075097,1.8262900348034652,45531.73212691352,372.8386257204636,0.08141195412869084
201,20,linear interpolation,185743.2260637155,0.038248022736760715,2.4964550922605357,58780.2094096575,306.98894297943036,-0.10438440037090002
201,20,knn imputer (k=5),176792.49900696488,0.036404899737165014,2.376154133707171,72232.04899995447,1432.520439625832,-0.0005112225585182095
201,20,"kalman arima (1,1,1)",174728.88043159826,0.035979961870717336,2.348418365301866,68445.32391110963,1219.6925753164567,0.022709485976257104
201,20,kalman structural (level),178074.8437340036,0.03666895862811654,2.393389303418023,66647.35094411502,837.6638594522273,-0.015078054836741961
201,20,ewma (alpha=0.2),177451.91048479034,0.03654068495922257,2.385016858752916,67239.41659939925,911.8193697292188,-0.00798867746044607
201,20,"hankel+knn+svd (L=72, k=5, λ=0.2)",173315.4808838313,0.035688916327982045,2.3294217721382955,50298.421709731796,267.84704472009037,0.03845634158064537
201,20,Hankel+SVD+KNN,174811.93743259538,0.03599706486892571,2.349534680967752,52406.53255203914,348.5886301636676,0.0217801592251764
201,30,linear interpolation,184378.28065501284,0.0379669548123316,2.4679190642181523,61762.8354688039,294.9501555476501,-0.15255290820403977
201,30,knn imputer (k=5),171816.89921093758,0.035380330184021834,2.299783898684453,71865.32373374108,1394.1610423047252,-0.0008594713016440991
201,30,"kalman arima (1,1,1)",170019.40817274965,0.03501019298141854,2.2757243273230867,68302.49926449299,1169.6988057368148,0.019972303473991593
201,30,kalman structural (level),176419.53718005726,0.0363280998842831,2.3613906017588695,68072.48234536637,783.68784059827,-0.05519981425228093
201,30,ewma (alpha=0.2),174938.85960396257,0.03602320053050072,2.341571605698039,68299.46300358232,865.13470344374,-0.03756169862201286
201,30,"hankel+knn+svd (L=72, k=5, λ=0.2)",168632.08525446508,0.03472451710700697,2.257154891345606,51653.844341052965,270.0770054775407,0.03590069437387222
201,30,Hankel+SVD+KNN,170091.0540683777,0.03502494621847084,2.2766833137669638,53506.41253670377,323.58281505502123,0.019146165363680856
201,40,linear interpolation,169931.15063769944,0.0349920190954641,2.330404951349211,61565.4030411642,332.42547777319896,-0.12854657054942864
201,40,knn imputer (k=5),159985.75325124926,0.03294407477240932,2.194015577031768,71000.8642500104,1415.3237254682272,-0.0003134538387123964
201,40,"kalman arima (1,1,1)",158422.7864724909,0.03262223052453217,2.1725813343614617,68883.81220554876,1266.6720745223372,0.019136023862512674
201,40,kalman structural (level),164051.44353691512,0.033781276848534735,2.2497717155432326,68411.90749685511,859.004411620451,-0.05180105374632493
201,40,ewma (alpha=0.2),163490.86094476914,0.033665842352297026,2.242083987640051,68897.67781098637,946.3615599190483,-0.044625085689682376
201,40,"hankel+knn+svd (L=72, k=5, λ=0.2)",155876.02915958661,0.03209780530767091,2.137655566898552,51783.46688054204,310.2537890274709,0.05041869257704956
201,40,Hankel+SVD+KNN,157788.2901286292,0.03249157579703169,2.1638799666852035,52775.904007095734,380.27904774895643,0.02697717259767829
202,10,linear interpolation,175053.73479916598,0.06426619723577412,3.2001671436762456,47484.510994427685,304.11496671035064,-0.28342092862149904
202,10,knn imputer (k=5),154521.39620197692,0.05672830994926456,2.824814310233739,69225.44622124392,3013.4276742304532,-8.294819104914808e-06
202,10,"kalman arima (1,1,1)",145765.49745848656,0.05351382088811315,2.6647472342332135,51019.43776497544,755.7013409742958,0.11011101051736305
202,10,kalman structural (level),153887.67469624453,0.056495656408186594,2.81322921184545,49625.64189690053,310.89955963234644,0.008177332041062635
202,10,ewma (alpha=0.2),148639.47129674477,0.05456892188182721,2.7172865111559865,50849.728133787205,363.77375982886525,0.07467422655025269
202,10,"hankel+knn+svd (L=72, k=5, λ=0.2)",139769.05750203965,0.051312391747537454,2.5551259790816765,35607.70224571782,145.6037863585811,0.18182081161802954
202,10,Hankel+SVD+KNN,151745.05440737522,0.05570905189361383,2.7740598501767018,42976.513415635854,161.32202249770415,0.035603897617330627
202,20,linear interpolation,164312.18991333107,0.052843111063725516,2.9272187113004575,45369.32879451392,223.22110938147773,-0.07250830814494513
202,20,knn imputer (k=5),158677.57907304456,0.05103100955992848,2.826838220411237,70121.27908486256,3065.6376268702656,-0.00021238797702127776
202,20,"kalman arima (1,1,1)",147862.25412191421,0.04755278059904422,2.634163400713183,51643.08916171266,721.1602052472554,0.13148816142750086
202,20,kalman structural (level),149762.20092942726,0.04816380708598678,2.6680109189548986,48684.379496802954,275.7325300275006,0.10902498578779596
202,20,ewma (alpha=0.2),149379.63132193047,0.048040771976606146,2.661195448270526,51572.72376188998,372.09448888688974,0.11357118761479745
202,20,"hankel+knn+svd (L=72, k=5, λ=0.2)",143009.20329934004,0.04599203027522186,2.54770638749813,37406.979013982906,141.30174742265208,0.18756416358319994
202,20,Hankel+SVD+KNN,156185.42301792034,0.050229527458822476,2.782440505062861,45965.1207044964,165.6369387597471,0.030959130803370982
202,30,linear interpolation,151370.12955124397,0.04868091997207285,2.8268680423305983,43936.257717146575,219.93968349224912,-0.09329468072044955
202,30,knn imputer (k=5),144771.78482430638,0.046558879827478424,2.70364260877803,68637.78403965193,3191.658562467879,-5.693801777639784e-05
202,30,"kalman arima (1,1,1)",134363.6673247945,0.043211609553245475,2.509268891668727,50532.17373451344,814.0017380405391,0.13856885855498424
202,30,kalman structural (level),137670.058431142,0.044274951186906344,2.571016419940583,47180.32871718889,282.88096395311396,0.09565141510305453
202,30,ewma (alpha=0.2),137467.32699031653,0.04420975237208135,2.5672303689347196,49866.545876141594,379.8351231638212,0.09831292191928576
202,30,"hankel+knn+svd (L=72, k=5, λ=0.2)",128059.58497112108,0.041184204744474144,2.3915388679536673,35419.33909325603,150.52127890739624,0.21750593931701578
202,30,Hankel+SVD+KNN,142590.41253951308,0.0458573463747415,2.6629050364538926,44023.076915444704,208.82000336607373,0.02985305397189586
202,40,linear interpolation,144094.2860959083,0.0463409066983212,2.6877607256312497,43813.17221774035,205.95030160832414,-0.07173725208642168
202,40,knn imputer (k=5),139193.09220645545,0.04476467647507457,2.596339776184252,68821.94568888696,3249.950065806192,-6.947805277812691e-05
202,40,"kalman arima (1,1,1)",130129.98142626064,0.04184996845686758,2.427287457268294,52101.667209636995,884.2533763742829,0.1259233016943564
202,40,kalman structural (level),137854.06384595885,0.044334043241784,2.5713631588917822,50130.39988437494,308.73541934735243,0.019079177138959014
202,40,ewma (alpha=0.2),136210.8334186437,0.043805578234744305,2.540712323765952,52500.839749350744,415.17597265147293,0.042325094471072466
202,40,"hankel+knn+svd (L=72, k=5, λ=0.2)",122850.19749784168,0.03950878063498364,2.2914991629228623,36115.16345068411,158.6837348314404,0.22098373546322692
202,40,Hankel+SVD+KNN,140122.63158820535,0.045063617529082896,2.6136782807904098,46093.74745505285,216.62532555416044,-0.013471119234940154
203,10,linear interpolation,122991.63831178583,0.0961866803658793,1.1504034777140453,69588.8622993129,741.1164073776105,0.39310530076331573
203,10,knn imputer (k=5),157901.36955866427,0.12348813928774549,1.4769319863486294,107079.30730487197,2221.4874713314193,-0.00030851313887558796
203,10,"kalman arima (1,1,1)",134045.0159275292,0.10483107045842911,1.2537913520783404,81615.51137957502,1129.2553613248376,0.27911911073055873
203,10,kalman structural (level),148380.4780882756,0.11604224331277703,1.387878235957018,84467.03741550149,1056.9042666274977,0.11668480110650725
203,10,ewma (alpha=0.2),146099.0753606069,0.11425805246887731,1.3665391134930736,87235.5886687228,1027.452845253204,0.14363855591968788
203,10,"hankel+knn+svd (L=72, k=5, λ=0.2)",137445.55260537012,0.10749048974085841,1.2855983047621107,69071.38620468599,427.92916744951225,0.24207967332161529
203,10,Hankel+SVD+KNN,113152.06141174625,0.08849155367913361,1.0583689000759684,57809.153320994854,600.1029432759875,0.48632655859075913
203,20,linear interpolation,124688.45942368447,0.09751199987019964,1.1635989150486794,72413.93956174831,846.9533769762288,0.29319682250017953
203,20,knn imputer (k=5),148339.51456736727,0.11600819187353759,1.3843117398934648,103024.77355272684,2203.7771720662154,-0.000367749050122157
203,20,"kalman arima (1,1,1)",128206.5406602848,0.1002632980951704,1.1964298244117608,81560.92134687403,1098.3806455524923,0.25274928542228436
203,20,kalman structural (level),144417.93634357327,0.1129413408031414,1.3477153765445526,85179.17251021185,840.5635255377771,0.05182555789243548
203,20,ewma (alpha=0.2),139984.2392716896,0.10947398969225021,1.306339894592625,86895.32619402019,855.8091935375822,0.10915066917011718
203,20,"hankel+knn+svd (L=72, k=5, λ=0.2)",127675.61153061966,0.09984808756596598,1.1914751673239956,67759.59206220513,423.4524234967656,0.2589255020987682
203,20,Hankel+SVD+KNN,111709.93236741993,0.08736220626078835,1.0424826539977325,61574.50345148583,618.8317584302478,0.43267809461467677
203,30,linear interpolation,130144.58840224809,0.10177639505966948,1.2254464931852693,76152.63939736728,723.0520597098586,0.21659556473038322
203,30,knn imputer (k=5),147112.75738568825,0.11504593696762949,1.3852194305913443,102317.49251298506,2470.9821567360464,-0.0010009021839703092
203,30,"kalman arima (1,1,1)",132077.03497715638,0.10328761768101802,1.2436424851013521,84503.92344886177,1069.1339444937482,0.19315814512636909
203,30,kalman structural (level),148614.48639208623,0.11622032743982745,1.3993597691732076,88458.9370424943,755.1252804349009,-0.02154167137067753
203,30,ewma (alpha=0.2),142265.610691847,0.11125534434383325,1.339578509283396,89231.579746204,782.4113551279902,0.06387539044609203
203,30,"hankel+knn+svd (L=72, k=5, λ=0.2)",127237.9295541391,0.0995033135365678,1.198077280711433,68155.92727842845,391.5193002169257,0.25119801911264583
203,30,Hankel+SVD+KNN,117857.89224680982,0.09216788457724356,1.1097544855392973,65331.616794925954,770.2129810613939,0.3575325381456632
203,40,linear interpolation,140662.78538772676,0.11000139420748174,1.2950451443672069,80995.974603852,804.497778023266,0.12053162269137618
203,40,knn imputer (k=5),149998.31323989772,0.11730198246592514,1.3809948856703795,103189.33127445434,2428.6189408349064,-7.956442608314518e-05
203,40,"kalman arima (1,1,1)",136857.85085761952,0.10702585165707447,1.2600141162650116,87834.70679958146,1165.7486363207718,0.1674674279470033
203,40,kalman structural (level),154776.83791370247,0.1210388939377439,1.4249895012966223,92113.28224994859,848.7585121777926,-0.06481397387847299
203,40,ewma (alpha=0.2),145902.39115619456,0.11409888124387389,1.3432848119534047,91297.77914931776,820.136470630425,0.05379198762148052
203,40,"hankel+knn+svd (L=72, k=5, λ=0.2)",130839.67336098397,0.10231950439263474,1.2046063442414818,70490.46484345807,426.9735620061689,0.23907701171481488
203,40,Hankel+SVD+KNN,125149.32541415512,0.0978695270517803,1.1522168123692968,69088.88296108386,846.783075885478,0.30382435110180517
204,10,linear interpolation,43327.56213599251,0.02828615538672889,1.7309949908866356,13052.745788154294,266.72457330857225,0.8071296470292701
204,10,knn imputer (k=5),99341.26633015777,0.06485438730454186,3.9688185978733044,37934.014244397345,3512.9598284979197,-0.013902867456642598
204,10,"kalman arima (1,1,1)",73014.33283328045,0.04766699676058757,2.917021825521707,24903.38763150506,1183.6005757570226,0.4522867967867853
204,10,kalman structural (level),68669.57153322372,0.04483054376870414,2.7434427069137675,20386.854286228925,508.88382065900925,0.5155313902608107
204,10,ewma (alpha=0.2),86073.33273458625,0.056192491438645145,3.4387466191807348,25096.224032607115,846.708486729638,0.23884306986977788
204,10,"hankel+knn+svd (L=72, k=5, λ=0.2)",82136.29417019845,0.05362221794284403,3.2814565779711113,19368.441019934122,281.8994436738636,0.3068820012802851
204,10,Hankel+SVD+KNN,69142.54628116816,0.04513932267420462,2.7623386908820784,17540.453963640797,331.06755735360673,0.5088346673595908
204,20,linear interpolation,84777.59347628799,0.024121357841409247,2.8286195282241313,18902.771298367184,273.26909700277287,0.6483843662039267
204,20,knn imputer (k=5),143141.78628426805,0.04072743878943774,4.775951231758108,42114.49011485769,3555.6479501607923,-0.002394956908185808
204,20,"kalman arima (1,1,1)",118674.46656056149,0.03376587087655792,3.9595947449095243,32082.746112137225,1235.8685407851904,0.31099783829718397
204,20,kalman structural (level),122158.93148487901,0.034757288795831724,4.075854538637843,26546.27352629508,546.5668813867717,0.26994352251301834
204,20,ewma (alpha=0.2),128641.6202453837,0.03660177681388748,4.292150605457569,30096.121447172904,853.0977429217568,0.19040277524207527
204,20,"hankel+knn+svd (L=72, k=5, λ=0.2)",118676.23659977387,0.03376637449723745,3.9596538025835692,22812.720632734865,273.9941049600526,0.3109772850986081
204,20,Hankel+SVD+KNN,112118.56001673816,0.03190055055742631,3.7408557536894236,23120.119923632345,355.33601520384815,0.3850199455527674
204,30,linear interpolation,130351.86156142774,0.02644553681187096,4.028052162698689,20933.679567969393,276.20999190774864,0.46737091856801405
204,30,knn imputer (k=5),178668.10079363736,0.03624784318418487,5.521090540528492,44852.47317438213,3700.868482617442,-0.0006551655365203413
204,30,"kalman arima (1,1,1)",155076.28169580267,0.03146157996601995,4.79207081805796,36406.31403943483,1480.1247943446638,0.24615656296885546
204,30,kalman structural (level),170820.4305678004,0.03465572283117407,5.2785867155222626,31209.04428018374,673.1160562440423,0.08531822874213169
204,30,ewma (alpha=0.2),169780.46520936853,0.03444473664470891,5.246450352750112,35822.05296116868,1092.116220504479,0.09642160504182784
204,30,"hankel+knn+svd (L=72, k=5, λ=0.2)",153068.61060120285,0.03105426748729981,4.730031014424013,24572.28401272081,315.1225338619952,0.2655492477997047
204,30,Hankel+SVD+KNN,162993.45350254723,0.03306780066707609,5.036722337695722,26024.74872012994,406.8665502892574,0.1672191632004838
204,40,linear interpolation,139275.8413638046,0.028256016796929986,4.49522405371177,22888.5231703137,348.47768362807494,0.35070226288964224
204,40,knn imputer (k=5),173012.02946341375,0.03510035023101743,5.584082844589766,44938.72807103254,3855.3682422197953,-0.0019473683420192511
204,40,"kalman arima (1,1,1)",154515.2161260136,0.03134775205438143,4.987085408299954,37490.54182043186,1617.1008154721214,0.20083801807394375
204,40,kalman structural (level),170208.8754631413,0.0345316516990934,5.49360911156547,31648.550409968742,715.5676139015492,0.030256867442856272
204,40,ewma (alpha=0.2),165153.1216630651,0.03350595002034395,5.330431162904708,35647.88620033789,1152.2896883361284,0.0870102919601724
204,40,"hankel+knn+svd (L=72, k=5, λ=0.2)",147586.85900896552,0.029942140189771888,4.763467893156703,24392.27655450106,372.7028273494832,0.27089900992327454
204,40,Hankel+SVD+KNN,150664.4932125821,0.03056652474132554,4.862800664476932,24758.562988490063,418.5095075677732,0.24017402141284405
205,10,linear interpolation,84702.00498580585,0.10704421393944193,1.4877679621909714,40157.7787129909,121.94656998515998,0.13641382911580524
205,10,knn imputer (k=5),91192.30180984427,0.1152464840259561,1.6017682822723238,59274.8891870123,647.7248854675858,-0.0010013282799259393
205,10,"kalman arima (1,1,1)",83271.88464819507,0.10523686466354217,1.4626482826658929,49004.49370488734,405.0728395564578,0.16532945915066177
205,10,kalman structural (level),84622.28841892745,0.10694347019387322,1.4863677621097877,45371.58002202224,194.74781080102767,0.13803857766030303
205,10,ewma (alpha=0.2),84529.2208896354,0.10682585384561769,1.4847330559605745,47591.659935496995,263.9630109130116,0.1399335041183657
205,10,"hankel+knn+svd (L=72, k=5, λ=0.2)",76457.31815912896,0.09662479092004123,1.342952253034106,34189.1844286083,120.02166875075051,0.2963504426739857
205,10,Hankel+SVD+KNN,71653.51110783618,0.09055386320341213,1.2585746727317488,34778.97283364654,169.2831571886279,0.3819932050042911
205,20,linear interpolation,105947.07220862166,0.05643587896398965,1.6353281937423816,43409.76393940377,121.58768379476533,0.21159545119243817
205,20,knn imputer (k=5),119504.48102130812,0.06365763853570754,1.8445912946784866,64397.96491429054,603.415407608769,-0.0030892641821314015
205,20,"kalman arima (1,1,1)",111676.98917907906,0.059488090732349674,1.723771362338308,54479.303625080356,387.7266003676128,0.12401111519998109
205,20,kalman structural (level),114636.95622526655,0.06106480577009133,1.76945943528144,51579.31560177097,199.11860247490168,0.07696005716770593
205,20,ewma (alpha=0.2),115110.4405445143,0.06131702136392856,1.776767822766052,54145.12486543963,272.6699190087571,0.0693194582646921
205,20,"hankel+knn+svd (L=72, k=5, λ=0.2)",105899.06047634926,0.056410304077823464,1.634587116733091,40190.69483782797,121.87119316150871,0.2123098473628653
205,20,Hankel+SVD+KNN,99007.57660415497,0.052739348934036166,1.5282147778096644,39024.006831312436,155.26102494262705,0.3114934711735925
205,30,linear interpolation,99049.12003973214,0.05276147828837419,1.5598845892002426,43406.93935439596,125.97137246446918,0.19932613083904382
205,30,knn imputer (k=5),110842.84159327587,0.05904375705507924,1.7456191468955757,62106.801875195655,575.991117363812,-0.0026969958486087187
205,30,"kalman arima (1,1,1)",103340.44026992608,0.05504737844642724,1.6274668583987735,53790.29627009672,390.4200165452211,0.12844454217402634
205,30,kalman structural (level),107562.66203792623,0.057296471240504354,1.693960923822548,51981.348488635645,210.86312529952997,0.055770649955026674
205,30,ewma (alpha=0.2),107607.20229460382,0.05732019694129514,1.6946623703367878,53925.492327087195,284.8179106798675,0.05498850261366217
205,30,"hankel+knn+svd (L=72, k=5, λ=0.2)",97847.34954899257,0.052121319267987846,1.540958391092594,39851.6161429712,129.73045548967573,0.21863753605597425
205,30,Hankel+SVD+KNN,91553.72640516743,0.048768832534890796,1.4418426619639682,38786.642453293956,157.56128131176402,0.3159206778716186
205,40,linear interpolation,96203.5685053744,0.051245710097417616,1.535778215453795,43894.521713369155,144.77308504847005,0.18891689160155722
205,40,knn imputer (k=5),106949.60148492777,0.05696990618830085,1.7073261487471856,61074.734227706715,579.7757535755911,-0.002400638671868238
205,40,"kalman arima (1,1,1)",100053.81863193042,0.053296661063722085,1.5972429860468174,54271.13203459649,431.3479150488523,0.12269555384678943
205,40,kalman structural (level),103929.00253998127,0.05536089375499754,1.6591057954968549,52347.630367368714,235.4576042267751,0.05342177075728116
205,40,ewma (alpha=0.2),104069.31476568918,0.055435635261507764,1.6613457171853316,54056.14026075556,309.963538849111,0.05086413715746252
205,40,"hankel+knn+svd (L=72, k=5, λ=0.2)",94089.83957513774,0.0501197691196941,1.5020349885146553,39759.04454817664,142.46507640539613,0.22416664062581027
205,40,Hankel+SVD+KNN,90625.49813568385,0.04827438396566204,1.4467308018169458,40109.14929294917,169.85362280965174,0.28024646442808776
21,10,linear interpolation,771953.6729691623,0.09975566407131206,8.150173122959249,165510.0956225211,2470235.323913199,-0.37235711611902134
21,10,knn imputer (k=5),658970.4325943722,0.08515541205208745,6.957312720461696,187238.87270279415,2030397.9519941374,-3.803947290204057e-05
21,10,"kalman arima (1,1,1)",670497.0821092643,0.08664494259924149,7.079009387455595,165608.23234037257,1861988.4949647083,-0.03532916266397601
21,10,kalman structural (level),762537.7310463793,0.09853888957790065,8.050760995685806,169219.05079278894,2167866.7448156667,-0.33908251226026476
21,10,ewma (alpha=0.2),687806.8338279657,0.08888179415921531,7.26176319531071,161927.48520336003,1764332.2781708161,-0.08947592010213579
21,10,"hankel+knn+svd (L=72, k=5, λ=0.2)",650075.5451513599,0.08400597079053558,6.863401809602304,107714.06258849165,360936.38830066763,0.026777097529628646
21,10,Hankel+SVD+KNN,656004.668722574,0.08477216140522932,6.926000622542656,96233.52165450374,113568.77621342808,0.008943251418889409
21,20,linear interpolation,764079.4764406128,0.05207131144816572,7.55714988355815,163218.8572418359,1382012.1155598736,0.0378114211124837
21,20,knn imputer (k=5),778955.5524597882,0.053085102305537715,7.704282138280936,192930.17007285796,2076161.1748213083,-1.9533724874509772e-05
21,20,"kalman arima (1,1,1)",742242.0693662682,0.05058311230128424,7.341166385221218,177348.40828800303,1526480.1874707032,0.09202422712931757
21,20,kalman structural (level),781476.9952462064,0.05325693630537493,7.729220540171463,173695.25209483015,1543344.9747084952,-0.006504044959609656
21,20,ewma (alpha=0.2),742886.9719432499,0.0506270618169762,7.347544812577031,175107.27793468494,1462042.509290046,0.09044573859502747
21,20,"hankel+knn+svd (L=72, k=5, λ=0.2)",740411.3917600826,0.05045835331124181,7.323060016073775,112326.93418686942,285376.1561719874,0.0964975954041617
21,20,Hankel+SVD+KNN,780645.9622324116,0.05320030217212141,7.721001184414535,102892.29184347729,122908.06309417992,-0.004364523629412975
21,30,linear interpolation,764818.4285154238,0.052121670338532974,7.749054905426128,158954.64660854926,945506.094637681,-0.11009523315312464
21,30,knn imputer (k=5),725902.535119712,0.04946958810453398,7.354763419533932,190735.33767776334,1935478.1430715688,-4.059916611787173e-07
21,30,"kalman arima (1,1,1)",716163.1092421856,0.04880585521585298,7.256084644208426,181571.96581184107,1365591.7646054549,0.02665356600920865
21,30,kalman structural (level),764278.2785644897,0.05208485961767912,7.743582166445353,176749.98159526434,1397936.7228796724,-0.10852778622845127
21,30,ewma (alpha=0.2),726855.8509478533,0.04953455569876329,7.364422309041626,181408.5308394236,1352055.8183559459,-0.002628698789272299
21,30,"hankel+knn+svd (L=72, k=5, λ=0.2)",696205.115296657,0.04744573634023111,7.0538724783924645,111326.23658706457,236532.2556951562,0.08014797267051132
21,30,Hankel+SVD+KNN,728529.6678011836,0.049648624773178385,7.381381234473459,100436.0984258479,90278.8322909039,-0.007251758851463785
21,40,linear interpolation,767398.774956061,0.050665028162727034,7.453867356719566,158602.85303142748,1218691.0066759184,0.05424035425210216
21,40,knn imputer (k=5),789135.1364646815,0.052100101300617464,7.6649961215683735,192263.16609192328,1902892.1265632317,-9.518874607761241e-05
21,40,"kalman arima (1,1,1)",769854.3907467508,0.05082715227244985,7.477719146662696,186247.51537862426,1401057.6920815208,0.04817795701954708
21,40,kalman structural (level),771629.7444925146,0.05094436427547015,7.494963442280625,179118.8201981115,1433654.0912364048,0.0437829200116272
21,40,ewma (alpha=0.2),750661.0610721238,0.04955997460650015,7.2912912578031515,178796.2999659709,1361918.8096759007,0.09504631486167503
21,40,"hankel+knn+svd (L=72, k=5, λ=0.2)",765572.5213087087,0.050544455657929005,7.436128662195498,115746.00993535462,251922.25755152872,0.05873643078846047
21,40,Hankel+SVD+KNN,794911.8617658602,0.05248149095046323,7.7211063807405464,105560.31314207299,86991.78754425459,-0.01479082369402529
22,10,linear interpolation,652142.9045261163,0.08625719435173797,0.5404026686054182,392365.18994085526,39.10162176402899,0.46432773937145566
22,10,knn imputer (k=5),891190.5116736946,0.11787538074300125,0.7384910997295163,687473.099123394,112.58401586018914,-0.0003563160868549353
22,10,"kalman arima (1,1,1)",701822.2232837272,0.09282814471184507,0.5815697751472283,473715.52368396864,60.46954212462987,0.3796056375632214
22,10,kalman structural (level),715358.495955222,0.09461855122323953,0.5927866998793342,478986.89350117446,52.63021703265694,0.35544335606103694
22,10,ewma (alpha=0.2),748967.4635343769,0.09906391929872754,0.620637000239569,530540.0307353195,70.05356803445092,0.2934555102822358
22,10,"hankel+knn+svd (L=72, k=5, λ=0.2)",611442.4615386873,0.08087385582792228,0.5066759687499442,377507.24765804014,41.00540346249282,0.5291042178525031
22,10,Hankel+SVD+KNN,651585.5299745807,0.08618347191347353,0.539940796379297,411242.3552492363,41.44638236397396,0.4652430065400004
22,20,linear interpolation,784334.0232100546,0.05313261326748526,0.6164196074194076,425521.6955153742,40.0208183363414,0.4314267619389439
22,20,knn imputer (k=5),1042127.1446299036,0.07059611965390962,0.8190230008699161,728517.5526641216,113.17128557228888,-0.003750377965080265
22,20,"kalman arima (1,1,1)",851985.7821044401,0.05771550096052352,0.6695881165301506,507603.60787486105,61.728145816880954,0.32911358159716286
22,20,kalman structural (level),887411.3256000809,0.060115309774937606,0.6974295705127656,529405.6154146148,56.30482038833077,0.27216281547011356
22,20,ewma (alpha=0.2),925844.2588960505,0.06271884617795162,0.7276345762287209,589873.6951140977,73.79539559599101,0.20775377028116981
22,20,"hankel+knn+svd (L=72, k=5, λ=0.2)",796014.3526470665,0.05392386598437443,0.6255993495611862,420949.76212532073,41.05344646979226,0.41436624321483473
22,20,Hankel+SVD+KNN,847475.7263370773,0.057409979279950056,0.666043597583772,460650.7774985481,44.144085518069474,0.3361975652429863
22,30,linear interpolation,729592.8593273087,0.049371353296963925,0.5764992492497084,414524.83827960916,40.395672899657455,0.4566468186371132
22,30,knn imputer (k=5),991799.7833855331,0.06711482558988723,0.7836861658089173,715367.1544745716,114.35035510309868,-0.004081771516218025
22,30,"kalman arima (1,1,1)",796739.3822455923,0.05391514051099701,0.629556128243576,497550.4862829026,63.653237820566844,0.3520318880912655
22,30,kalman structural (level),840283.3623727101,0.056861749978630874,0.6639630875931685,524125.84960916784,57.67777731071491,0.279270009853105
22,30,ewma (alpha=0.2),867960.0862927767,0.05873462647034984,0.6858322854034665,576793.0431702747,74.778206158588,0.23101021071238836
22,30,"hankel+knn+svd (L=72, k=5, λ=0.2)",728843.8397447544,0.04932066734251156,0.5759073996701853,409196.8062541625,41.64774752470105,0.45776188783901317
22,30,Hankel+SVD+KNN,782769.1147700347,0.052969776254245954,0.6185173021249893,451868.8932851156,45.32661364413284,0.3745560039387006
22,40,linear interpolation,724480.2315084788,0.049025383142387476,0.5727328317795229,426728.37357157917,43.177667873180205,0.4568478919215184
22,40,knn imputer (k=5),985690.8663700799,0.06670143681233003,0.7792310909296912,717886.5601295868,114.21213322213374,-0.005425405206757938
22,40,"kalman arima (1,1,1)",804238.7501599696,0.05442262072831439,0.6357853765683501,516636.5300732381,68.41883576073047,0.3306729459005314
22,40,kalman structural (level),846354.0553357389,0.057272552144802605,0.6690793395303952,539173.013385219,61.14985964916555,0.2587366138218763
22,40,ewma (alpha=0.2),874627.338271065,0.05918579762523676,0.6914305876321365,595625.1096608253,79.18322761960896,0.20838414091346247
22,40,"hankel+knn+svd (L=72, k=5, λ=0.2)",733763.5441387189,0.049653582420621005,0.5800716903153059,433058.8816639895,46.466644683532735,0.44283907376675147
22,40,Hankel+SVD+KNN,799958.5861666724,0.05413298317775386,0.6324017225530325,484186.87437969557,49.60309571748125,0.33777831413881154
23,10,linear interpolation,780750.7251752102,0.06993425907828996,0.2535180283151649,561003.4109718032,27.461513572325895,0.8586405509017709
23,10,knn imputer (k=5),2078163.4286876912,0.18614753075798604,0.6748016722486606,1697828.1167006055,147.12349210585552,-0.0015195866543498138
23,10,"kalman arima (1,1,1)",1107775.137705895,0.09922684793334881,0.35970631812699827,790490.8716277139,33.92411928180745,0.7154207181157333
23,10,kalman structural (level),1187899.9877959583,0.10640387876293933,0.38572370544267776,872222.7175180551,45.60847014894146,0.6727649555919151
23,10,ewma (alpha=0.2),1528107.1920628462,0.13687729107794167,0.49619258733196536,1180405.461129047,85.44524950697645,0.4584884915274754
23,10,"hankel+knn+svd (L=72, k=5, λ=0.2)",903393.6837780457,0.08091976849185331,0.2933414957154056,659792.208495216,43.171225916125486,0.8107420415413229
23,10,Hankel+SVD+KNN,948794.0663441822,0.08498642128416568,0.30808348070727115,695699.508743761,46.66776271694841,0.7912415943247745
23,20,linear interpolation,842082.354044639,0.07063633910164258,0.26425645292234806,608385.2911136722,27.24049152599699,0.845528147271974
23,20,knn imputer (k=5),2142974.017546097,0.1797589495401909,0.6724932660819843,1740260.9498385165,126.91311808256249,-0.00040080596900993193
23,20,"kalman arima (1,1,1)",1261872.825303916,0.10584959578263547,0.39599219156210685,880989.9976776104,38.12687339019977,0.6531262801798621
23,20,kalman structural (level),1333036.7100371493,0.11181903127746881,0.41832434905888083,958555.9093729551,47.740842023109344,0.612898868364022
23,20,ewma (alpha=0.2),1606935.4135332382,0.1347944583324625,0.5042773434403182,1230897.6842378292,78.814164397029,0.43748116893427524
23,20,"hankel+knn+svd (L=72, k=5, λ=0.2)",915759.2593115779,0.07681657413376058,0.2873772291203315,665374.101125415,34.957414366797856,0.8173150128082995
23,20,Hankel+SVD+KNN,1038509.4820738998,0.08711322305199919,0.3258978539817803,753327.0609571995,42.503114564461015,0.7650577333414382
23,30,linear interpolation,839198.8319176406,0.07039446080340792,0.26407236203156426,602121.2717291078,26.892805505933875,0.8432108048416923
23,30,knn imputer (k=5),2119687.0601628507,0.17780557121505705,0.6670061342505308,1731809.928619633,123.09269340702451,-0.000299119774465062
23,30,"kalman arima (1,1,1)",1329641.207213233,0.11153420653587587,0.41840083766675007,905818.6027847184,39.23032201108722,0.6063997901362801
23,30,kalman structural (level),1375405.813873701,0.11537307604714786,0.43280167727547497,978271.3920823403,48.380305287225376,0.5788390458190051
23,30,ewma (alpha=0.2),1605645.3391635795,0.13468624310837682,0.5052516056641876,1227331.0559468314,76.16051072452652,0.42603470248289654
23,30,"hankel+knn+svd (L=72, k=5, λ=0.2)",910233.4907398171,0.07635305644958477,0.28642497910851394,668049.9651863218,33.92768767453437,0.8155443294832676
23,30,Hankel+SVD+KNN,1100526.3461017252,0.09231537960646097,0.34630480958721216,805728.8132704163,43.70746569632517,0.7303581631078082
23,40,linear interpolation,892467.2106829062,0.07486276874001928,0.27711668739887174,633123.640166927,29.382561427982377,0.8297423183247266
23,40,knn imputer (k=5),2165931.1153936484,0.18168465827943764,0.6725352468386517,1754778.6501280013,119.12977467625208,-0.0027933794885017793
23,40,"kalman arima (1,1,1)",1413665.45080787,0.11858240667307429,0.4389520221346245,967215.3273281358,42.302145704000246,0.5728155201911993
23,40,kalman structural (level),1458376.002284251,0.12233285894218772,0.4528349298410384,1045035.367004002,52.42648258294511,0.5453667489406198
23,40,ewma (alpha=0.2),1676145.217946317,0.1405999798354359,0.5204536422591058,1281851.599744731,78.48158185279624,0.3994551291739328
23,40,"hankel+knn+svd (L=72, k=5, λ=0.2)",996562.8654604085,0.0835946177504563,0.30943904353617435,718739.4889052139,36.55421450938823,0.787709002469413
23,40,Hankel+SVD+KNN,1228567.5127386367,0.10305584842414071,0.38147794708949423,885267.050391722,43.110874137468365,0.6773584975674555
24,10,linear interpolation,137932.0520010225,0.057988933499110995,0.9837887667951201,65586.7942862829,66.12384853329884,0.19307675487025322
24,10,knn imputer (k=5),153862.68331130248,0.06468643640904982,1.097412655540659,75670.6498801089,93.47781555808595,-0.004080276628751323
24,10,"kalman arima (1,1,1)",140498.93341072268,0.059068093224553954,1.0020968326864297,67970.08967814643,74.09290847653804,0.16276401440799415
24,10,kalman structural (level),142939.07883120512,0.06009397102789054,1.0195009647876427,71227.9966598788,69.35077758920583,0.13342972080220328
24,10,ewma (alpha=0.2),144267.0712175973,0.06065228116005076,1.0289727588570325,72226.59657175862,72.45081865694382,0.11725297532091317
24,10,"hankel+knn+svd (L=72, k=5, λ=0.2)",144736.34117046552,0.06084957006930156,1.0323197873506187,65284.831436331515,57.8564884694891,0.11150086045387542
24,10,Hankel+SVD+KNN,151292.95410697316,0.06360607942328213,1.079084277993533,72702.51728804199,74.68771356154876,0.02917883078094552
24,20,linear interpolation,133936.53079042153,0.056205214706385107,0.9834425569741065,70405.36106628833,72.92563364100782,0.01907572331452112
24,20,knn imputer (k=5),135369.71520193078,0.056806637164375805,0.9939658588242608,75462.38978445026,111.61569248708913,-0.0020293027765394545
24,20,"kalman arima (1,1,1)",124444.93457786296,0.05222215496991986,0.9137495494431701,67282.75007518963,81.25901849906472,0.15317857180504213
24,20,kalman structural (level),131611.94405362304,0.05522972358477456,0.9663740431724284,72103.30680708372,77.32297244021548,0.0528298564099039
24,20,ewma (alpha=0.2),129184.77314193071,0.05421118397190207,0.9485522946657201,70919.41682882994,80.10465415591946,0.08744290647898856
24,20,"hankel+knn+svd (L=72, k=5, λ=0.2)",125508.57547343556,0.052668501941529076,0.9215594405600375,63385.248870005795,62.5218303174652,0.13864100717795302
24,20,Hankel+SVD+KNN,135893.10525566363,0.05702627291402257,0.9978089033596106,75584.38980090104,97.09923865401933,-0.009792723629762135
24,30,linear interpolation,126665.09365853437,0.053146214810743955,0.9360658759058258,69400.30209844983,71.4575147193789,-0.021321464362459075
24,30,knn imputer (k=5),125466.78528767866,0.05264342787673122,0.9272102745529052,74596.01469780412,116.89127459387372,-0.0020885580753675637
24,30,"kalman arima (1,1,1)",116320.35035948102,0.048805761307305906,0.8596173381314501,66823.30357382658,83.14075800126987,0.13868905632268047
24,30,kalman structural (level),125321.63331283767,0.05258252492539485,0.9261375890438629,72283.70203167552,79.14242706505257,0.00022872445695165666
24,30,ewma (alpha=0.2),120152.03820524713,0.05041346315678132,0.887933839039063,70468.18641986295,82.3314179247299,0.08100987047636765
24,30,"hankel+knn+svd (L=72, k=5, λ=0.2)",114576.59074488153,0.04807411361827773,0.8467308054343711,62355.0910660644,64.7030221779771,0.16431933668054133
24,30,Hankel+SVD+KNN,125670.94753426699,0.05272909039274118,0.9287190510173572,74693.93469207129,100.97101918404985,-0.0053524514850926685
24,40,linear interpolation,121332.83790903229,0.05090890379392327,0.9047057917747705,70047.83640163674,75.14384790818818,0.03410830043112267
24,40,knn imputer (k=5),123543.16848002274,0.051836315600409535,0.9211868937070532,74267.36955087316,115.03110022672757,-0.001403704064810496
24,40,"kalman arima (1,1,1)",112443.92315056144,0.04717928768941369,0.8384265156680822,66692.56004534062,85.75808879636672,0.17044783322923318
24,40,kalman structural (level),121681.01043130424,0.05105499022646283,0.9073019042770795,72766.08737925513,82.32015395462213,0.028556967945354783
24,40,ewma (alpha=0.2),117737.17690703094,0.04940023422696162,0.8778951163646379,70689.55165161032,84.48852928176345,0.09050784161622161
24,40,"hankel+knn+svd (L=72, k=5, λ=0.2)",112537.81206945457,0.04721868165745744,0.8391265887082411,62786.12217912415,67.14916622579986,0.16906192867138692
24,40,Hankel+SVD+KNN,125462.33940663874,0.052641562471338575,0.9354969937808437,75576.80407524388,101.47357457412294,-0.03275780356449176
25,10,linear interpolation,145706.05024515538,0.048346862374486925,1.1271769885848042,60410.8728640858,89.96047053335032,0.08060967496079008
25,10,knn imputer (k=5),152079.90837925998,0.050461778271840375,1.1764849356822562,72985.94001811942,225.92785348465222,-0.0015864543566204148
25,10,"kalman arima (1,1,1)",146717.3442516632,0.04868242079550317,1.1350003242040967,65360.870253068984,166.92059232319627,0.06780306138124359
25,10,kalman structural (level),148859.56105972966,0.049393231781194175,1.151572439682825,67894.70329711362,159.22769742560425,0.040382352483042006
25,10,ewma (alpha=0.2),148785.92743290964,0.04936879933781922,1.1510028124806744,68838.77356697895,182.76130055408507,0.04133147058026121
25,10,"hankel+knn+svd (L=72, k=5, λ=0.2)",143202.6996126499,0.04751622323286452,1.1078111542726963,57609.55877004802,86.86215551215264,0.11193006317540055
25,10,Hankel+SVD+KNN,147279.44345520218,0.04886893146399349,1.1393487042917112,61000.888961705314,94.16759768033023,0.0606465673544303
25,20,linear interpolation,121723.80277078282,0.04038929015203264,0.9565368892514874,61305.86179169369,90.03414382404667,0.06128502449101236
25,20,knn imputer (k=5),125709.57106447751,0.041711811700229355,0.9878580796690041,69594.93497676245,223.03680529466737,-0.0011967058141684195
25,20,"kalman arima (1,1,1)",120138.96364325196,0.039863423181817494,0.9440828165516137,63333.295804116075,169.4311169897492,0.08556995828062064
25,20,kalman structural (level),124016.55853960331,0.04115005161270618,0.9745539526441813,66808.77722523366,156.96635250753826,0.025589233480091567
25,20,ewma (alpha=0.2),122911.46306152733,0.04078336883666968,0.9658698286941989,66963.3403962286,177.36943154255314,0.042877557820685364
25,20,"hankel+knn+svd (L=72, k=5, λ=0.2)",115352.93717072201,0.0382753672102313,0.9064729919347319,54496.55715079271,86.26217986824587,0.15697580849829496
25,20,Hankel+SVD+KNN,120114.29841066065,0.039855238987657256,0.9438889908222288,58427.90202315373,88.44256303311798,0.08594539541916135
25,30,linear interpolation,111183.67218240674,0.036889943054390216,0.8830598657315607,59782.830007982026,91.75345770295431,0.0908235346488554
25,30,knn imputer (k=5),116644.50978148218,0.0387018097080538,0.9264317603844923,69582.84350462163,230.10844435539744,-0.0006789449861981378
25,30,"kalman arima (1,1,1)",110571.44317816163,0.03668680987251622,0.8781973274498723,62659.93445522815,175.45810402494013,0.1008086642153424
25,30,kalman structural (level),115531.14913847977,0.03833240465141944,0.9175890582086949,66824.04759472288,160.88858191174793,0.01833265681066687
25,30,ewma (alpha=0.2),113993.48019603545,0.03782221715167385,0.9053763501446296,66498.37608127992,181.12653573748923,0.04428988379590171
25,30,"hankel+knn+svd (L=72, k=5, λ=0.2)",105509.75880329641,0.035007379388859096,0.83799564822209,54521.2096214448,93.36250452358392,0.1812498021193626
25,30,Hankel+SVD+KNN,109876.6715830501,0.036456289652448085,0.8726792068531111,57659.853331272985,93.59800462549053,0.11207323377550782
25,40,linear interpolation,108490.5718001637,0.035993164708833424,0.8642177665458883,60902.98176045059,107.69094551448953,0.07041428182513743
25,40,knn imputer (k=5),112561.99384263509,0.03734391216773497,0.8966500342151146,69864.60967119063,256.65537156034776,-0.0006656708365415653
25,40,"kalman arima (1,1,1)",106726.34533272145,0.03540785952726154,0.8501642333026266,63806.92181360761,207.85029882847624,0.10040150043441032
25,40,kalman structural (level),110922.22573911613,0.036799897674540456,0.8835879155022864,67354.95978664636,182.7734209566231,0.028276742624720352
25,40,ewma (alpha=0.2),109747.14881539799,0.036410050551798384,0.874227449079399,67074.49973130965,201.8750340311548,0.04875598133025216
25,40,"hankel+knn+svd (L=72, k=5, λ=0.2)",101730.84941252628,0.03375053848567755,0.8103709475331284,55635.57755630299,111.68749671062687,0.18264487923801997
25,40,Hankel+SVD+KNN,106918.98050688839,0.03547176876322056,0.8516987329113426,59189.16023452406,119.81010783113479,0.0971511182265612
26,10,linear interpolation,81990.55478432184,0.07810659001766515,0.5319272506088374,53083.80902051562,59.502001183032945,0.8088773703506639
26,10,knn imputer (k=5),187556.6496601617,0.17867192603622134,1.2168047069515868,114073.72659139328,166.25782886499002,-0.00011374201387970295
26,10,"kalman arima (1,1,1)",83746.72024666777,0.07977956437588801,0.5433206637703556,59121.41447927202,84.0713682123728,0.8006023306111391
26,10,kalman structural (level),87761.23342956573,0.08360390653483486,0.5693654803413514,59024.32748592156,68.73627024564101,0.7810273375962262
26,10,ewma (alpha=0.2),91974.73374658047,0.08761780963216216,0.5967012587729628,66328.76138638957,98.20771088271239,0.7594964226160572
26,10,"hankel+knn+svd (L=72, k=5, λ=0.2)",99323.61078448813,0.09461856389465004,0.6443783109421979,61609.58135176649,61.39180424878429,0.719528032598194
26,10,Hankel+SVD+KNN,86658.91751802656,0.08255380829853164,0.5622140240099506,55628.06274046202,63.32467068924608,0.7864935587243698
26,20,linear interpolation,84050.15991605225,0.07643022501143701,0.5374643678642186,54522.12630738086,60.2568829275826,0.8033205843900684
26,20,knn imputer (k=5),189590.57607257474,0.17240241307985193,1.2123496162723957,112904.0706203432,163.9495601988867,-0.0007262996000760857
26,20,"kalman arima (1,1,1)",89341.01442229179,0.08124141395882928,0.5712970907941662,60665.64995286717,83.85963120391679,0.7777797766431297
26,20,kalman structural (level),97731.62897085692,0.08887134064274738,0.62495143659007,62463.79610750513,70.19876855171908,0.7340793300923033
26,20,ewma (alpha=0.2),97630.84189751714,0.08877969086241028,0.6243069469101509,68247.04393287974,98.44404912771778,0.7346275159090294
26,20,"hankel+knn+svd (L=72, k=5, λ=0.2)",96881.44629961134,0.08809823500048537,0.6195148866486243,60332.3554456284,62.511970135731,0.7386857771615477
26,20,Hankel+SVD+KNN,108467.51897877069,0.0986339215803974,0.6936028031350746,61297.13686641193,62.78306302751726,0.6724472620162623
26,30,linear interpolation,88510.21161516685,0.05927109515295942,0.5744781880466661,56577.55974664687,61.776397884766546,0.7712106917678195
26,30,knn imputer (k=5),185061.299834703,0.12392678439550196,1.2011459273065772,109301.8344895123,157.3949180061857,-0.00018464634649384415
26,30,"kalman arima (1,1,1)",95189.74739381784,0.06374406379114737,0.6178319157249622,62101.08349510059,82.13439575763073,0.7353759477171742
26,30,kalman structural (level),102983.15652058387,0.06896294063585415,0.6684152718389104,64591.97618360232,69.04701732383458,0.6902713601399015
26,30,ewma (alpha=0.2),101196.27856621097,0.06776635313111687,0.6568174867838719,68952.1931892063,95.93768010540013,0.7009264190610704
26,30,"hankel+knn+svd (L=72, k=5, λ=0.2)",98362.14372583029,0.0658684673082822,0.6384224494421825,60914.468730718596,62.87202942959051,0.7174437373489393
26,30,Hankel+SVD+KNN,113933.04833849959,0.07629556438638964,0.7394858737058855,64638.740113561165,60.57329076794896,0.620904698671495
26,40,linear interpolation,88168.63776086296,0.05895620351444435,0.5748639479596542,57169.46788990332,64.19365222550915,0.7737300943632861
26,40,knn imputer (k=5),185361.69418538435,0.12394681423814202,1.2085675590101936,109786.57007970875,163.8378625946288,-8.868681309781579e-05
26,40,"kalman arima (1,1,1)",96778.53738303592,0.06471343201717492,0.6310009260738348,63699.4096187314,88.51632654087648,0.7273806721416729
26,40,kalman structural (level),104470.07682472533,0.06985657561312716,0.6811501496711133,66907.62590647223,73.3745309140523,0.6823254947429118
26,40,ewma (alpha=0.2),101840.16117409147,0.06809801558246037,0.6640029674970529,69973.67003139587,101.04863937075285,0.6981183674065913
26,40,"hankel+knn+svd (L=72, k=5, λ=0.2)",96152.23719507082,0.06429464045726725,0.6269174173817984,61242.26993661643,68.23139481064766,0.7308977548714559
26,40,Hankel+SVD+KNN,130388.03454290211,0.08718727764865149,0.850136536160756,71125.60320347897,64.26573248888843,0.5051495018374099
27,10,linear interpolation,205499.87843087642,0.11901661579667602,0.5489673512783141,129707.0306166555,41.297873204453786,0.3863545350250349
27,10,knn imputer (k=5),262432.4932869981,0.15198951680454875,0.7010557467438444,193376.5487153975,85.17870997500474,-0.0007592281927657485
27,10,"kalman arima (1,1,1)",210074.74659940283,0.12166618099978684,0.5611885422595447,147470.14524151103,55.09097189388134,0.3587282813179241
27,10,kalman structural (level),220507.00444856982,0.1277080922349986,0.5890570208350002,152283.29508118163,50.60108088377726,0.29345607050962186
27,10,ewma (alpha=0.2),231405.99934027973,0.13402031732000222,0.6181723293353428,165961.1294904334,58.601953432419165,0.22188530246431826
27,10,"hankel+knn+svd (L=72, k=5, λ=0.2)",202192.7725122536,0.11710128349808277,0.5401328293778358,133376.1896238739,43.033290558563884,0.4059463819046629
27,10,Hankel+SVD+KNN,211290.90901402215,0.12237052951790915,0.5644373688018065,138372.24075712042,48.00278906283212,0.35128190290818284
27,20,linear interpolation,221346.25050250313,0.06669654121321784,0.5725194557984756,135606.90205205383,40.13714302571405,0.38364303649430387
27,20,knn imputer (k=5),282033.4000053795,0.08498292717522235,0.7294887910750838,196817.96777559907,84.76736013595519,-0.000665792167078294
27,20,"kalman arima (1,1,1)",232361.79813667358,0.07001577036257407,0.601011536972293,151293.7911602779,54.5465456955207,0.32076911563821864
27,20,kalman structural (level),243078.64429879913,0.07324499412446399,0.6287310168310527,159213.3058889826,51.0137312404949,0.25667014052089077
27,20,ewma (alpha=0.2),252250.38287116122,0.0760086426538593,0.652454024400658,169700.17254071022,58.35210444501375,0.19951787979664304
27,20,"hankel+knn+svd (L=72, k=5, λ=0.2)",222290.12577672605,0.06698095179611423,0.5749608206605998,135242.1415360779,41.65737797966131,0.378375231055735
27,20,Hankel+SVD+KNN,230801.26691071148,0.06954554764594523,0.5969751709339434,142908.50460267652,49.05200721009562,0.32986184678681985
27,30,linear interpolation,230995.52926944877,0.06960408320905635,0.5954147570332106,138852.50137679215,41.25661657586637,0.3141175557196225
27,30,knn imputer (k=5),279109.3935193181,0.08410185908094665,0.719433195324491,195654.61528574504,83.93305404919803,-0.001362777611293886
27,30,"kalman arima (1,1,1)",244719.00278772268,0.0737392705683277,0.6307884228196309,155997.8482851229,55.97224542321696,0.23019996538208998
27,30,kalman structural (level),258801.75327298636,0.07798271605702925,0.6670881619750224,167542.94606272882,53.1378657811533,0.13905191156592933
27,30,ewma (alpha=0.2),259705.068956822,0.07825490513454339,0.6694165511439223,174589.45848426528,59.84387271805255,0.1330313560766696
27,30,"hankel+knn+svd (L=72, k=5, λ=0.2)",223819.1234609581,0.06744167275628313,0.576916832270996,138100.1145741526,42.74122207672232,0.35607257979861917
27,30,Hankel+SVD+KNN,233047.36253247675,0.07022234614090868,0.600703568499139,146777.96722865617,49.30314886026166,0.3018786460807036
27,40,linear interpolation,235125.05569710847,0.07084840123544353,0.6062195963546264,144326.42460360605,43.33495113788248,0.28982985147414664
27,40,knn imputer (k=5),279257.3498977727,0.08414644162377696,0.7200052645693955,195320.12614764483,82.68064550449681,-0.0017833629255472605
27,40,"kalman arima (1,1,1)",247443.2420054064,0.07456014434795764,0.6379794014060167,160655.4833776013,58.24440289017275,0.21346910835737876
27,40,kalman structural (level),264102.6725265351,0.07958000075762668,0.6809321748400254,172194.60041441358,55.26745777834932,0.10399551783527838
27,40,ewma (alpha=0.2),262601.3636531282,0.07912762305110746,0.6770613714645962,178027.8360559786,61.18398516607031,0.11415335597144571
27,40,"hankel+knn+svd (L=72, k=5, λ=0.2)",226363.5453669041,0.06820836358627674,0.5836299185336645,142252.9973709208,44.50878869074194,0.3417701624912167
27,40,Hankel+SVD+KNN,241255.92736834995,0.07269576903212226,0.6220267358312029,152166.3219781443,49.94864314633406,0.2523117172933439
28,10,linear interpolation,84423.25862730088,0.09786994147540581,0.7622749505023821,51718.23866313334,67.48598372747531,-0.019680824456206336
28,10,knn imputer (k=5),83698.78975778085,0.0970300813821856,0.7557335722064807,62555.40749341169,108.70586277790646,-0.0022553572571317737
28,10,"kalman arima (1,1,1)",74491.2412334985,0.08635598220790829,0.6725967244974786,54250.21890471262,87.97852722558184,0.20612806063467892
28,10,kalman structural (level),78341.74681363122,0.09081978474178072,0.7073637306309715,55916.96427765999,81.21481742830767,0.12193527270703852
28,10,ewma (alpha=0.2),78578.70851361846,0.09109448898900772,0.7095033065140365,57203.843151477704,88.0709501110889,0.11661544280691127
28,10,"hankel+knn+svd (L=72, k=5, λ=0.2)",73386.37384400335,0.08507513486197314,0.6626206497956338,49740.44662655899,65.21409593731762,0.22950311463416906
28,10,Hankel+SVD+KNN,74090.99397955266,0.08589198477454336,0.6689828097937454,50364.379818109446,67.08839227741446,0.21463621337728178
28,20,linear interpolation,101863.74910739786,0.10419927720610171,0.9009683981843193,56051.42873374675,72.6896287102676,-0.193853608070385
28,20,knn imputer (k=5),93241.2947076412,0.09537912750544666,0.8247041825331215,65340.460611170594,122.3331755361611,-0.00029558996914169633
28,20,"kalman arima (1,1,1)",86585.1928790421,0.08857041483162786,0.7658320375824982,58397.73676778913,98.80289391325493,0.13742072158828356
28,20,kalman structural (level),94362.74691092828,0.09652629232146478,0.8346232460281294,61231.68286017697,90.55685126172484,-0.02450224172370752
28,20,ewma (alpha=0.2),90434.83168329757,0.09250831800545528,0.7998814706482439,61332.3188179102,96.35931962154112,0.059013846831079686
28,20,"hankel+knn+svd (L=72, k=5, λ=0.2)",80510.61500854888,0.08235655927472882,0.7121033780585507,50507.549912793256,68.7736090537149,0.25420743091838127
28,20,Hankel+SVD+KNN,84054.52543181436,0.08598172433907471,0.7434486930046146,52812.80368266644,74.65032071128532,0.18710591304496538
28,30,linear interpolation,105998.88495925581,0.10324174370251188,0.9304277874173846,57983.98634245628,74.5870450535363,-0.31230350005080165
28,30,knn imputer (k=5),92532.20446499756,0.09012534557581231,0.8122211313667498,64354.35381991149,117.25854208459168,-4.0321841094703714e-05
28,30,"kalman arima (1,1,1)",88241.59073623439,0.08594633517318669,0.7745593555862756,58656.030112700864,96.71693618246562,0.09055099807869882
28,30,kalman structural (level),98401.17452497092,0.09584165761968326,0.8637372659885326,63414.591910815616,91.46536758212768,-0.13092097268636516
28,30,ewma (alpha=0.2),92761.18942916044,0.0903483744028695,0.8142310956568442,62814.33929111797,96.20442078732013,-0.004995948674101358
28,30,"hankel+knn+svd (L=72, k=5, λ=0.2)",81439.42144404126,0.07932109737983029,0.714851865959319,51965.57716387892,70.00260960831119,0.22535797702495552
28,30,Hankel+SVD+KNN,85522.42052282614,0.08329789340548217,0.7506912599337112,53740.120683453366,72.59786650924995,0.14573687160210247
28,40,linear interpolation,112060.43350140518,0.041933496800353666,0.9774114791975598,59802.960966463135,76.08845290658213,-0.18262167848968258
28,40,knn imputer (k=5),103046.99003678608,0.03856062743983104,0.8987945862037766,64758.14660277458,116.42427565450943,-2.7310899241905773e-05
28,40,"kalman arima (1,1,1)",98471.68124218953,0.036848527185494265,0.8588879108770553,59025.84439814882,96.10501671789694,0.08680411661594445
28,40,kalman structural (level),107351.95243754309,0.040171562909356265,0.9363432511209173,63756.207016072505,89.87316210972922,-0.08532831721453471
28,40,ewma (alpha=0.2),102473.1653908102,0.03834589978615217,0.8937895832915197,62790.274442316826,94.86950507831465,0.011079128632894064
28,40,"hankel+knn+svd (L=72, k=5, λ=0.2)",94765.33648635313,0.03546159701662316,0.8265604979175762,53410.78923097285,71.79021102634442,0.15425340617390582
28,40,Hankel+SVD+KNN,98133.96490072628,0.03672215227615574,0.8559422875330706,55383.576089426395,74.12606433843344,0.09305712917562947
29,10,linear interpolation,104503.25833169768,0.05745642629941328,0.9090545257360072,53580.66943753143,71.02216314023616,0.5969880753112231
29,10,knn imputer (k=5),164615.58159162835,0.09050648929465581,1.431960513399082,85330.07826749756,186.3276707076951,-2.643490575326979e-07
29,10,"kalman arima (1,1,1)",107338.52771456543,0.059015271917591594,0.9337180099691575,60385.534769659105,93.59360426963886,0.5748232562265847
29,10,kalman structural (level),113497.97619004062,0.062401768214701114,0.9872979136205455,63133.40265283732,87.20958414793172,0.5246270467314057
29,10,ewma (alpha=0.2),117689.97426497079,0.06470655021178504,1.023763329940833,67808.07142449502,115.70408756272954,0.4888631771264833
29,10,"hankel+knn+svd (L=72, k=5, λ=0.2)",112598.51664108616,0.06190724075107149,0.9794736812784473,57543.978804742845,74.15641006600579,0.5321317529491079
29,10,Hankel+SVD+KNN,138959.78351495258,0.0764008002005768,1.2087854686656,59781.95082857402,73.32193950353788,0.2874153036641296
29,20,linear interpolation,93269.66300114495,0.051280138090880334,0.8312674728573293,50688.59004926987,69.1450786965393,0.6115125961937213
29,20,knn imputer (k=5),149679.6941261477,0.08229466192126544,1.3340228437704704,82246.3681854646,197.62050734598728,-0.0005110759532758191
29,20,"kalman arima (1,1,1)",103844.54432684607,0.0570942619681154,0.925516284234227,58664.45305199369,98.52455419385385,0.5184254841300278
29,20,kalman structural (level),111149.95722436927,0.061110815369742784,0.9906259021110376,61423.5486074833,85.91273974659467,0.44828508274612866
29,20,ewma (alpha=0.2),116049.10544035686,0.0638043921337164,1.0342896447001741,66172.20057737139,121.370418842197,0.39857743172869875
29,20,"hankel+knn+svd (L=72, k=5, λ=0.2)",111977.67659683514,0.06156589971715836,0.998002965229367,56030.95094312707,75.32442143075072,0.4400373874769322
29,20,Hankel+SVD+KNN,124236.73670824879,0.06830599371074315,1.1072620489498242,56901.35972079053,76.97177200213349,0.3107191743177865
29,30,linear interpolation,97943.81219618156,0.053541264247411166,0.8391071443661768,52688.2361145161,69.75950680746354,0.6464296584932219
29,30,knn imputer (k=5),164738.8951036881,0.09005498680106494,1.4113559676400265,85216.41345870444,194.63846367170424,-0.00026280150514379486
29,30,"kalman arima (1,1,1)",109328.45785517697,0.059764713262959894,0.9366420196618808,60583.64117981861,97.29145253279113,0.55945704065788
29,30,kalman structural (level),116290.81336407023,0.06357070475672989,0.996290119099012,63268.00947187531,86.01333494081209,0.5015602876831913
29,30,ewma (alpha=0.2),119108.58460470663,0.06511104744097708,1.0204306127778944,68012.5582021654,121.33841268277645,0.47711287517568013
29,30,"hankel+knn+svd (L=72, k=5, λ=0.2)",113027.72730163216,0.06178692945522235,0.9683345110184413,57377.66951126913,78.1584222464626,0.529139986434573
29,30,Hankel+SVD+KNN,137454.84792042908,0.07514008460130497,1.1776072661616797,62228.885625559495,83.3097751074968,0.3036269684443955
29,40,linear interpolation,98981.34155907008,0.05410843263239902,0.8378689235506157,54491.60924184126,74.28064678643126,0.6624125226642361
29,40,knn imputer (k=5),170445.04863704747,0.09317427190254687,1.4428033321899238,86019.52448307221,186.53152422646048,-0.001033095366933745
29,40,"kalman arima (1,1,1)",112410.0208767723,0.061449258476534076,0.951541590614993,62322.67405212942,102.06080843193672,0.5645987077843184
29,40,kalman structural (level),119173.79714988767,0.06514669606476957,1.0087964010249966,65141.9781736087,91.57296635906054,0.510625640423676
29,40,ewma (alpha=0.2),118737.7993822817,0.06490835664175514,1.0051057157457262,68388.80777113627,121.73347254678531,0.5141998460463304
29,40,"hankel+knn+svd (L=72, k=5, λ=0.2)",114151.26494812075,0.062401114513713524,0.9662810786106063,58523.11349119222,81.5773496592412,0.5510054044512978
29,40,Hankel+SVD+KNN,152326.0497610615,0.08326946949630021,1.2894274954421743,64609.24499990453,79.90782816077513,0.20048242246898162
