Timestamp,Data,Vazao
1682650792,2023-04-27 23:59:52,832976352.1218107
1682653436,2023-04-28 00:43:56,879232031.0
1682675743,2023-04-28 06:55:43,902260519.5407526
1682681811,2023-04-28 08:36:51,908370952.8315195
1682694209,2023-04-28 12:03:29,903872466.0
1682718837,2023-04-28 18:53:57,895074194.0782081
1682721603,2023-04-28 19:40:03,888285272.2351549
1682737066,2023-04-28 23:57:46,889814835.5485198
1682743020,2023-04-29 01:37:00,905972019.0
1682762191,2023-04-29 06:56:31,936265775.8052503
1682765416,2023-04-29 07:50:16,953004329.501813
1682785200,2023-04-29 13:20:00,921695723.0
1682789623,2023-04-29 14:33:43,865601825.0
1682802238,2023-04-29 18:03:58,917505192.0
1682808486,2023-04-29 19:48:06,904928236.0
1682832533,2023-04-30 02:28:53,928514233.0
1682845786,2023-04-30 06:09:46,904397930.0
1682849987,2023-04-30 07:19:47,911738883.0
1682892985,2023-04-30 19:16:25,900729846.0
1682912084,2023-05-01 00:34:44,917506752.0
1682917414,2023-05-01 02:03:34,906497170.0
1682941328,2023-05-01 08:42:08,901774683.0
1682952476,2023-05-01 11:47:56,906488920.0
1682954993,2023-05-01 12:29:53,901551383.2347237
1682977992,2023-05-01 18:53:12,891816875.0
1682998553,2023-05-02 00:35:53,887718245.2041285
1683020755,2023-05-02 06:45:55,894960197.0
1683020919,2023-05-02 06:48:39,914357951.0
1683046331,2023-05-02 13:52:11,934238319.3877248
1683047969,2023-05-02 14:19:29,948586166.3540245
1683060693,2023-05-02 17:51:33,953727730.7231175
1683066747,2023-05-02 19:32:27,945989251.2910371
1683087438,2023-05-03 01:17:18,921696967.0
1683088670,2023-05-03 01:37:50,886314738.1777624
1683106603,2023-05-03 06:36:43,881856913.0
1683108027,2023-05-03 07:00:27,916981500.0
1683129004,2023-05-03 12:50:04,904922128.0
1683133586,2023-05-03 14:06:26,928513908.0
1683153440,2023-05-03 19:37:20,892863490.0
1683154820,2023-05-03 20:00:20,915793055.9204131
1683170795,2023-05-04 00:26:35,927992451.0
1683174233,2023-05-04 01:23:53,868221665.0
1683199853,2023-05-04 08:30:53,894435149.0
1683215360,2023-05-04 12:49:20,915930723.0
1683216229,2023-05-04 13:03:49,918595628.6409001
1683242194,2023-05-04 20:16:34,919601519.0
1683242301,2023-05-04 20:18:21,919079713.0
1683254890,2023-05-04 23:48:10,897056095.0
1683261582,2023-05-05 01:39:42,921175766.0
1683278099,2023-05-05 06:14:59,938507617.2696729
1683286288,2023-05-05 08:31:28,924320206.0
1683298749,2023-05-05 11:59:09,898107364.0
1683308367,2023-05-05 14:39:27,920651062.0
1683325333,2023-05-05 19:22:13,893387779.0
1683327746,2023-05-05 20:02:26,892709045.9286009
1683344351,2023-05-06 00:39:11,912466592.2172511
1683344581,2023-05-06 00:43:01,908592421.0
1683365672,2023-05-06 06:34:32,868746475.0
1683366278,2023-05-06 06:44:38,871363998.0
1683391636,2023-05-06 13:47:16,891801897.3050787
1683394792,2023-05-06 14:39:52,908239109.1327564
1683408911,2023-05-06 18:35:11,908594193.0
1683413705,2023-05-06 19:55:05,893387600.0
1683433766,2023-05-07 01:29:26,898832066.5003142
1683436722,2023-05-07 02:18:42,914881096.0
1683454123,2023-05-07 07:08:43,921629814.7115244
1683454942,2023-05-07 07:22:22,918600963.1446792
1683473640,2023-05-07 12:34:00,910174185.250797
1683493817,2023-05-07 18:10:17,900729125.0
1683495964,2023-05-07 18:46:04,893638837.9138335
1683516552,2023-05-08 00:29:12,888250025.5431315
1683545431,2023-05-08 08:30:31,882902801.0
1683559505,2023-05-08 12:25:05,877350532.3434173
1683566724,2023-05-08 14:25:24,876999607.668568
1683578854,2023-05-08 17:47:34,888669670.0
1683585345,2023-05-08 19:35:45,912258702.0
1683609165,2023-05-09 02:12:45,926328951.4793416
1683624752,2023-05-09 06:32:32,927924635.4459112
1683630190,2023-05-09 08:03:10,920440878.164394
1683652298,2023-05-09 14:11:38,907272803.920425
1683671060,2023-05-09 19:24:20,891815537.0
1683689268,2023-05-10 00:27:48,878005744.8349593
1683711196,2023-05-10 06:33:16,871946267.4484704
1683719032,2023-05-10 08:43:52,880281488.0
1683733384,2023-05-10 12:43:04,903668670.6050782
1683756296,2023-05-10 19:04:56,918816603.0
1683758795,2023-05-10 19:46:35,906482884.9858121
1683774096,2023-05-11 00:01:36,887568841.0
1683796832,2023-05-11 06:20:32,886797100.2253984
1683799530,2023-05-11 07:05:30,904031787.0
1683817542,2023-05-11 12:05:42,926642330.2518734
1683838361,2023-05-11 17:52:41,916877880.0
1683842265,2023-05-11 18:57:45,871786391.0
1683859862,2023-05-11 23:51:02,890348597.0
1683861325,2023-05-12 00:15:25,902509679.0
1683875940,2023-05-12 04:19:00,915093510.0
1683878978,2023-05-12 05:09:38,911296074.6709657
1683897566,2023-05-12 10:19:26,898207571.9003496
1683898191,2023-05-12 10:29:51,893492949.0
1683929017,2023-05-12 19:03:37,900726829.0
1683940597,2023-05-12 22:16:37,884330759.0849667
1683947186,2023-05-13 00:06:26,863468881.0354915
1683964994,2023-05-13 05:03:14,874513564.0
1683969080,2023-05-13 06:11:20,912055691.0
1683987674,2023-05-13 11:21:14,884840990.0
1683988441,2023-05-13 11:34:01,908487291.0
1684005448,2023-05-13 16:17:28,914620964.0
1684029123,2023-05-13 22:52:03,911913046.0487816
1684045937,2023-05-14 03:32:17,913992412.0
1684068354,2023-05-14 09:45:54,922860136.4697263
1684077054,2023-05-14 12:10:54,929654874.7035019
1684089337,2023-05-14 15:35:37,922799677.0
1684096159,2023-05-14 17:29:19,904504009.0
1684116024,2023-05-14 23:00:24,912472432.0
1684136042,2023-05-15 04:34:02,916298779.0
1684141247,2023-05-15 06:00:47,891762172.0
1684157361,2023-05-15 10:29:21,914831366.0
1684158237,2023-05-15 10:43:57,923167510.0
1684177943,2023-05-15 16:12:23,922313434.1336769
1684200649,2023-05-15 22:30:49,904870423.0
1684201552,2023-05-15 22:45:52,865701620.1450427
1684227481,2023-05-16 05:58:01,854644219.0
1684239929,2023-05-16 09:25:29,889505508.0
1684245794,2023-05-16 11:03:14,876034308.0
1684263698,2023-05-16 16:01:38,899679107.0
1684270401,2023-05-16 17:53:21,909295456.8841519
1684292229,2023-05-16 23:57:09,903244043.0
1684305055,2023-05-17 03:30:55,900518689.0
1684307264,2023-05-17 04:07:44,892392478.0
1684329410,2023-05-17 10:16:50,880543809.0
1684335524,2023-05-17 11:58:44,920230665.0
1684373050,2023-05-17 22:24:10,939153417.5796616
1684374800,2023-05-17 22:53:20,927543309.5253396
1684397172,2023-05-18 05:06:12,902486105.1353402
1684399834,2023-05-18 05:50:34,881067569.0
1684420822,2023-05-18 11:40:22,876371194.9025244
1684458581,2023-05-18 22:09:41,885471392.7844465
1684484808,2023-05-19 05:26:48,901440301.7801682
1684487100,2023-05-19 06:05:00,917350061.0
1684499585,2023-05-19 09:33:05,927395276.941685
1684503010,2023-05-19 10:30:10,930260425.7358328
1684524514,2023-05-19 16:28:34,925752450.9004858
1684528700,2023-05-19 17:38:20,913678296.0
1684547251,2023-05-19 22:47:31,900149932.0
1684550712,2023-05-19 23:45:12,906550378.4616978
1684564571,2023-05-20 03:36:11,920771432.206249
1684573465,2023-05-20 06:04:25,920755828.0
1684594054,2023-05-20 11:47:34,899366243.0
1684609040,2023-05-20 15:57:20,893499783.2997608
1684611890,2023-05-20 16:44:50,892392121.0
1684654765,2023-05-21 04:39:25,878026913.0
1684679511,2023-05-21 11:31:51,875405730.0
1684718095,2023-05-21 22:14:55,916560464.0
1684723225,2023-05-21 23:40:25,924320991.0
1684737500,2023-05-22 03:38:20,922171362.0
1684739626,2023-05-22 04:13:46,921308476.4688727
1684761088,2023-05-22 10:11:28,910319570.0
1684761598,2023-05-22 10:19:58,890188728.0
1684785531,2023-05-22 16:58:51,902729673.685356
1684787750,2023-05-22 17:35:50,926889543.0
1684808850,2023-05-22 23:27:30,923378334.0
1684829090,2023-05-23 05:04:50,886519776.0
1684851693,2023-05-23 11:21:33,887778557.0
1684851951,2023-05-23 11:25:51,892180577.0
1684867874,2023-05-23 15:51:14,898280234.7652587
1684867963,2023-05-23 15:52:43,904372098.5356799
1684888722,2023-05-23 21:38:42,903874545.0
1684891126,2023-05-23 22:18:46,898579135.0
1684909446,2023-05-24 03:24:06,911824765.7667962
1684911863,2023-05-24 04:04:23,927541899.881576
1684930583,2023-05-24 09:16:23,917715596.0
1684931269,2023-05-24 09:27:49,875719165.0
1684954837,2023-05-24 16:00:37,860662113.0496143
1684957646,2023-05-24 16:47:26,873774927.0680479
1685647050,2023-06-01 16:17:30,896471276.8062439
1685663329,2023-06-01 20:48:49,910164832.0
1685676491,2023-06-02 00:28:11,908067360.0
1685686529,2023-06-02 03:15:29,918350749.5205637
1685693355,2023-06-02 05:09:15,932055897.6512773
1685704851,2023-06-02 08:20:51,927991430.0
1685717400,2023-06-02 11:50:00,901775946.0
1685728014,2023-06-02 14:46:54,897729248.7686977
1685750072,2023-06-02 20:54:32,902826328.0
1685767017,2023-06-03 01:36:57,897058472.0
1685769738,2023-06-03 02:22:18,898782871.811051
1685792212,2023-06-03 08:36:52,906495402.0
1685811428,2023-06-03 13:57:08,907017967.0
1685831843,2023-06-03 19:37:23,897059593.0
1685831939,2023-06-03 19:38:59,923797211.0
1685857828,2023-06-04 02:50:28,909641863.0
1685861590,2023-06-04 03:53:10,880801461.0
1685880829,2023-06-04 09:13:49,900204251.0
1685883963,2023-06-04 10:06:03,928051193.8046744
1685905277,2023-06-04 16:01:17,935716729.0635338
1685918016,2023-06-04 19:33:36,904926155.0
1685927336,2023-06-04 22:08:56,849874417.0
1685940476,2023-06-05 01:47:56,868936815.485422
1685949894,2023-06-05 04:24:54,910165333.0
1685964130,2023-06-05 08:22:10,901076965.6267452
1685987021,2023-06-05 14:43:41,869841725.8061949
1685992555,2023-06-05 16:15:55,869792878.0
1686006523,2023-06-05 20:08:43,905444606.0
1686011787,2023-06-05 21:36:27,875561616.0
1686035553,2023-06-06 04:12:33,908593602.0
1686035660,2023-06-06 04:14:20,933338595.4636471
1686057477,2023-06-06 10:17:57,915932601.0
1686071003,2023-06-06 14:03:23,882376968.0
1686093947,2023-06-06 20:25:47,923796795.0
1686099542,2023-06-06 21:59:02,961073740.8307387
1686113919,2023-06-07 01:58:39,972539183.7969866
1686121944,2023-06-07 04:12:24,965235986.3728496
1686144153,2023-06-07 10:22:33,946207011.3199633
1686144252,2023-06-07 10:24:12,922495121.3999649
1686156049,2023-06-07 13:40:49,901143179.3744906
1686165166,2023-06-07 16:12:46,889194048.0
1686178996,2023-06-07 20:03:16,892120748.6518018
1686181294,2023-06-07 20:41:34,909116937.0
1686207020,2023-06-08 03:50:20,928516137.0
1686207830,2023-06-08 04:03:50,917710459.4901054
1686229858,2023-06-08 10:10:58,899680727.0
1686230066,2023-06-08 10:14:26,903688357.7234857
1686252045,2023-06-08 16:20:45,919238152.0700947
1686265361,2023-06-08 20:02:41,925895756.0
1686269654,2023-06-08 21:14:14,910164650.0
1686292028,2023-06-09 03:27:08,896011372.0
1686295041,2023-06-09 04:17:21,913835446.0
1686313304,2023-06-09 09:21:44,892339692.0
1686314469,2023-06-09 09:41:09,882657035.7975544
1686336022,2023-06-09 15:40:22,893068259.2770118
1686351215,2023-06-09 19:53:35,909641453.0
1686351504,2023-06-09 19:58:24,918555423.0
1686374163,2023-06-10 02:16:03,912243356.370757
1686376491,2023-06-10 02:54:51,906495221.0
1686393241,2023-06-10 07:34:01,913837913.0
1686399315,2023-06-10 09:15:15,916768225.9075775
1686416414,2023-06-10 14:00:14,913781372.5109694
1686423088,2023-06-10 15:51:28,909640817.0
1686439554,2023-06-10 20:25:54,907888472.2589531
1686443188,2023-06-10 21:26:28,907180044.9404929
1686462287,2023-06-11 02:44:47,904949690.3288411
1686465645,2023-06-11 03:40:45,898631564.0
1686481608,2023-06-11 08:06:48,895486680.0
1686489021,2023-06-11 10:10:21,908063773.0
1686502097,2023-06-11 13:48:17,877136279.0
1686505667,2023-06-11 14:47:47,886596165.642856
1686527956,2023-06-11 20:59:16,911736877.0
1686544345,2023-06-12 01:32:25,910166152.0
1686550490,2023-06-12 03:14:50,916147500.2375333
1686567911,2023-06-12 08:05:11,924320806.0
1686568994,2023-06-12 08:23:14,919113398.957226
1686595324,2023-06-12 15:42:04,906809121.2465742
1686597206,2023-06-12 16:13:26,899155943.0
1686610417,2023-06-12 19:53:37,906494087.0
1686619453,2023-06-12 22:24:13,921699870.0
1686630545,2023-06-13 01:29:05,907898706.2846067
1686640549,2023-06-13 04:15:49,892337194.0
1686656581,2023-06-13 08:43:01,907140229.3493347
1686659582,2023-06-13 09:33:02,927991801.0
1686678170,2023-06-13 14:42:50,926419258.0
1686680943,2023-06-13 15:29:03,911808079.6042439
1686700896,2023-06-13 21:01:36,895672457.3201436
1686703742,2023-06-13 21:49:02,887570364.1632162
1686722954,2023-06-14 03:09:14,897059773.0
1686726850,2023-06-14 04:14:10,919076128.0
1686745308,2023-06-14 09:21:48,911212680.0
1686746861,2023-06-14 09:47:41,894310917.8203369
1686763350,2023-06-14 14:22:30,883476488.3336215
1686765868,2023-06-14 15:04:28,887094098.0
1686784717,2023-06-14 20:18:37,908593602.0
1686789558,2023-06-14 21:39:18,920125716.0
1686810315,2023-06-15 03:25:15,891292986.0
1686813588,2023-06-15 04:19:48,908598827.0
1686825802,2023-06-15 07:43:22,897723434.0
1686835174,2023-06-15 10:19:34,896534452.0
1686849488,2023-06-15 14:18:08,909434648.388998
1686850559,2023-06-15 14:35:59,922325615.1397177
1686869389,2023-06-15 19:49:49,921700930.0
1686874394,2023-06-15 21:13:14,903344798.3568588
1686898068,2023-06-16 03:47:48,900203936.0
1686898872,2023-06-16 04:01:12,925367764.0
1686942610,2023-06-16 16:10:10,906492731.222188
1686943299,2023-06-16 16:21:39,866722261.3168666
1686963391,2023-06-16 21:56:31,860358500.0
1686963768,2023-06-16 22:02:48,904400688.0
1686981213,2023-06-17 02:53:33,911213774.0
1686985316,2023-06-17 04:01:56,915409136.0
1687028970,2023-06-17 16:09:30,921535383.0559943
1687047895,2023-06-17 21:24:55,916981545.0
1687050441,2023-06-17 22:07:21,898632058.0
1687065058,2023-06-18 02:10:58,891502370.2396966
1687073172,2023-06-18 04:26:12,896702630.167893
1687087416,2023-06-18 08:23:36,907092838.9836769
1687089274,2023-06-18 08:54:34,915532997.8645234
1687111898,2023-06-18 15:11:38,914883108.0
1687136889,2023-06-18 22:08:09,901867675.4494908
1687151584,2023-06-19 02:13:04,888669226.0
1687158766,2023-06-19 04:12:46,886745215.974507
1687174333,2023-06-19 08:32:13,889194804.0
1687177643,2023-06-19 09:27:23,887421097.200233
1687194268,2023-06-19 14:04:28,884401294.3603961
1687196312,2023-06-19 14:38:32,886006117.096288
1687218986,2023-06-19 20:56:26,898106287.0
1687220274,2023-06-19 21:17:54,919690795.7999234
1687238321,2023-06-20 02:18:41,922221715.0
1687240544,2023-06-20 02:55:44,890246721.0
1687261481,2023-06-20 08:44:41,872510967.6621841
1687264903,2023-06-20 09:41:43,875039484.7928865
1687280011,2023-06-20 13:53:31,888185438.0454549
1687286911,2023-06-20 15:48:31,902301993.0
1687303078,2023-06-20 20:17:58,909716141.9127128
1687306800,2023-06-20 21:20:00,910650183.9862905
1687324663,2023-06-21 02:17:43,907300245.0995107
1687326453,2023-06-21 02:47:33,901862451.1421596
1687343540,2023-06-21 07:32:20,896532928.0
1687352584,2023-06-21 10:03:04,893111777.1067114
1687371811,2023-06-21 15:23:31,891815002.0
1687394194,2023-06-21 21:36:34,892472785.4520309
1687396609,2023-06-21 22:16:49,894956125.0
1687415564,2023-06-22 03:32:44,899285483.1728646
1687416652,2023-06-22 03:50:52,906038367.7990189
1687431668,2023-06-22 08:01:08,915931548.0
1687439102,2023-06-22 10:05:02,927245349.7276641
1687458033,2023-06-22 15:20:33,928514326.0
1687458795,2023-06-22 15:33:15,912763614.9043365
1687480253,2023-06-22 21:30:53,900726468.0
1687524058,2023-06-23 09:40:58,911738564.0
1687541867,2023-06-23 14:37:47,933547403.1476201
1687544410,2023-06-23 15:20:10,952416790.791992
1687560202,2023-06-23 19:43:22,956320758.7679756
1687563767,2023-06-23 20:42:47,933233339.0
1687584362,2023-06-24 02:26:02,886050264.0
1687589935,2023-06-24 03:58:55,862226475.4598926
1687602908,2023-06-24 07:35:08,863628231.7968787
1687604058,2023-06-24 07:54:18,876994196.095817
1687629098,2023-06-24 14:51:38,889063031.3367648
1687631939,2023-06-24 15:38:59,886573401.0
1687648472,2023-06-24 20:14:32,879756891.0
1687649267,2023-06-24 20:27:47,915409136.0
1687671490,2023-06-25 02:38:10,901773421.0
1687674095,2023-06-25 03:21:35,911734415.0
1687689712,2023-06-25 07:41:52,915409273.0
1687694446,2023-06-25 09:00:46,915932326.0
1687712049,2023-06-25 13:54:09,906296738.6683758
1687712392,2023-06-25 13:59:52,897060445.0
1687736012,2023-06-25 20:33:32,900937278.9887758
1687741523,2023-06-25 22:05:23,911739977.0
1687762735,2023-06-26 03:58:55,920614842.7571543
1687764147,2023-06-26 04:22:27,926943547.0
1687779129,2023-06-26 08:32:09,925892469.0
1687779920,2023-06-26 08:45:20,903350301.0
1687805516,2023-06-26 15:51:56,891099039.2979248
1687805916,2023-06-26 15:58:36,892307672.0677174
1687825269,2023-06-26 21:21:09,899037224.0730492
1687825764,2023-06-26 21:29:24,903348720.0
1687844100,2023-06-27 02:35:00,900726243.0
1687850475,2023-06-27 04:21:15,898323785.0354286
1687869872,2023-06-27 09:44:32,898629092.0
1687872034,2023-06-27 10:20:34,901504285.2617217
1687890555,2023-06-27 15:29:15,904398292.0
1687890745,2023-06-27 15:32:25,904478855.8006343
1687907285,2023-06-27 20:08:05,900202180.0
1687913461,2023-06-27 21:51:01,891561803.6872911
1687928824,2023-06-28 02:07:04,883412149.399183
1687949822,2023-06-28 07:57:02,881822860.4296467
1687954122,2023-06-28 09:08:42,892863580.0
1687969707,2023-06-28 13:28:27,916004653.691032
1687973070,2023-06-28 14:24:30,924319235.0
1687993575,2023-06-28 20:06:15,910168018.0
1688001655,2023-06-28 22:20:55,923795456.0
1688015560,2023-06-29 02:12:40,904923531.0
1688021988,2023-06-29 03:59:48,906756143.9712206
1688038534,2023-06-29 08:35:34,925401939.2232492
1688044172,2023-06-29 10:09:32,931134463.0
1688056326,2023-06-29 13:32:06,910687345.0
1688064605,2023-06-29 15:50:05,905447005.0
1688079831,2023-06-29 20:03:51,908069994.0
1688104561,2023-06-30 02:56:01,866648757.0
1688106863,2023-06-30 03:34:23,866661958.8662221
1688120861,2023-06-30 07:27:41,899154369.0
1688127907,2023-06-30 09:25:07,925891635.0
1688150838,2023-06-30 15:47:18,936415051.1486164
1688152339,2023-06-30 16:12:19,934993819.3294405
1688168051,2023-06-30 20:34:11,927972874.40695
1688173962,2023-06-30 22:12:42,921697151.0
1688188405,2023-07-01 02:13:25,916979207.0
1688211053,2023-07-01 08:30:53,908592012.0
1688216747,2023-07-01 10:05:47,915932051.0
1688229551,2023-07-01 13:39:11,880280828.0
1688236900,2023-07-01 15:41:40,860172125.5492964
1688272711,2023-07-02 01:38:31,880807891.0
1688280671,2023-07-02 03:51:11,923795686.0
1688298779,2023-07-02 08:52:59,918555928.0
1688321094,2023-07-02 15:04:54,915931685.0
1688324425,2023-07-02 16:00:25,894434120.0
1688339588,2023-07-02 20:13:08,910618479.8892851
1688344572,2023-07-02 21:36:12,930086912.0
1688360517,2023-07-03 02:01:57,916455057.0
1688382563,2023-07-03 08:09:23,921173417.0
1688386274,2023-07-03 09:11:14,913368359.1395986
1688401797,2023-07-03 13:29:57,899155178.0
1688408077,2023-07-03 15:14:37,898630261.0
1688428700,2023-07-03 20:58:20,912262853.0
1688431794,2023-07-03 21:49:54,921178069.0
1688450065,2023-07-04 02:54:25,926942342.0
1688451689,2023-07-04 03:21:29,917089999.300703
1688471529,2023-07-04 08:52:09,902376047.8935586
1688472764,2023-07-04 09:12:44,901252018.0
1688495658,2023-07-04 15:34:18,921172081.0
1688513835,2023-07-04 20:37:15,931585819.836665
1688515752,2023-07-04 21:09:12,914884847.0
1688534546,2023-07-05 02:22:26,883953501.0
1688537943,2023-07-05 03:19:03,909301398.6074271
1688556846,2023-07-05 08:34:06,924321038.0
1688561012,2023-07-05 09:43:32,883425810.0
1688582029,2023-07-05 15:33:49,908591013.0
1688604117,2023-07-05 21:41:57,916456569.0
1688605093,2023-07-05 21:58:13,919603037.0
1688621573,2023-07-06 02:32:53,924845049.0
1688625581,2023-07-06 03:39:41,903349759.0
1688642728,2023-07-06 08:25:28,910164650.0
1688646660,2023-07-06 09:31:00,918103462.9275024
1688661952,2023-07-06 13:45:52,915407488.0
1688664532,2023-07-06 14:28:52,903618056.2887655
1688687336,2023-07-06 20:48:56,890406667.1730552
1688690753,2023-07-06 21:45:53,884977362.2456625
1688711418,2023-07-07 03:30:18,896534183.0
1688713539,2023-07-07 04:05:39,922222084.0
1688727317,2023-07-07 07:55:17,923796610.0
1688748529,2023-07-07 13:48:49,904016760.8661323
1688750648,2023-07-07 14:24:08,885187600.9576793
1688771204,2023-07-07 20:06:44,891288976.0
1688771716,2023-07-07 20:15:16,925891913.0
1688800205,2023-07-08 04:10:05,931738455.9242591
1688800841,2023-07-08 04:20:41,914387008.8749027
1688812315,2023-07-08 07:31:55,900202270.0
1688836319,2023-07-08 14:11:59,908580973.0
1688843456,2023-07-08 16:10:56,929206154.8185905
1688856638,2023-07-08 19:50:38,937425537.0
1688856703,2023-07-08 19:51:43,919602853.0
1688879700,2023-07-09 02:15:00,904776213.6420543
1688905719,2023-07-09 09:28:39,899813486.1949338
1688925451,2023-07-09 14:57:31,902825515.0
1688929632,2023-07-09 16:07:12,910958831.3714374
1688942976,2023-07-09 19:49:36,917502715.0
1688951745,2023-07-09 22:15:45,916901471.4393792
1688964758,2023-07-10 01:52:38,912076761.5442886
1688986379,2023-07-10 07:52:59,908069585.0
1688987310,2023-07-10 08:08:30,908706515.5608153
1689010985,2023-07-10 14:43:05,912956423.2162123
1689016389,2023-07-10 16:13:09,918573752.0265969
1689030528,2023-07-10 20:08:48,923312946.0501685
1689036138,2023-07-10 21:42:18,924928449.3451273
1689056186,2023-07-11 03:16:26,921174706.0
1689059157,2023-07-11 04:05:57,913310517.0
1689078121,2023-07-11 09:22:01,913835948.0
1689102058,2023-07-11 16:00:58,925370078.0
1689122708,2023-07-11 21:45:08,928516276.0
1689123183,2023-07-11 21:53:03,902301542.0
1689142073,2023-07-12 03:07:53,912262351.0
1689144475,2023-07-12 03:47:55,870843891.0
1689158265,2023-07-12 07:37:45,883949612.0
1689160889,2023-07-12 08:21:29,913828135.0
1689181426,2023-07-12 14:03:46,880281576.0
1689189554,2023-07-12 16:19:14,926416525.0
1689211004,2023-07-12 22:16:44,918465397.8152024
1689211062,2023-07-12 22:17:42,902823981.0
1689227727,2023-07-13 02:55:27,926419489.0
1689230352,2023-07-13 03:39:12,869266505.0
1689248559,2023-07-13 08:42:39,905447911.0
1689253391,2023-07-13 10:03:11,915932097.0
1689266793,2023-07-13 13:46:33,891294814.0
1689267728,2023-07-13 14:02:08,912261941.0
1689290259,2023-07-13 20:17:39,909640726.0
1689291103,2023-07-13 20:31:43,925369476.0
1689317985,2023-07-14 03:59:45,927466445.0
1689318509,2023-07-14 04:08:29,854066774.0
1689335332,2023-07-14 08:48:52,911216462.0
1689337317,2023-07-14 09:21:57,931541893.6539662
1689354509,2023-07-14 14:08:29,908591967.0
1689374874,2023-07-14 19:47:54,897794381.923505
1689375961,2023-07-14 20:06:01,901778200.0
1689396285,2023-07-15 01:44:45,910750296.4184937
1689396409,2023-07-15 01:46:49,918027434.5785637
1689418302,2023-07-15 07:51:42,917703849.665711
1689426393,2023-07-15 10:06:33,903873777.0
1689440549,2023-07-15 14:02:29,876618969.4452178
1689448730,2023-07-15 16:18:50,859971251.6088624
1689462273,2023-07-15 20:04:33,883949965.0
1689469494,2023-07-15 22:04:54,930089934.0
1689486429,2023-07-16 02:47:09,875037722.0
1689489388,2023-07-16 03:36:28,852404575.1462674
1689506730,2023-07-16 08:25:30,881851005.0
1689512051,2023-07-16 09:54:11,926942898.0
1689524994,2023-07-16 13:29:54,942963450.440302
1689549625,2023-07-16 20:20:25,932232431.7665448
1689569503,2023-07-17 01:51:43,910164878.0
1689577760,2023-07-17 04:09:20,895485918.0
1689611979,2023-07-17 13:39:39,908399061.3702543
1689620229,2023-07-17 15:57:09,925369939.0
1689632913,2023-07-17 19:28:33,920052585.7495313
1689635731,2023-07-17 20:15:31,901902623.5284123
1689657415,2023-07-18 02:16:55,889326070.627204
1689657466,2023-07-18 02:17:46,900728945.0
1689685609,2023-07-18 10:06:49,925894830.0
1689685953,2023-07-18 10:12:33,894961003.0
1689708235,2023-07-18 16:23:55,891814646.0
1689708275,2023-07-18 16:24:35,904399874.0
1689720367,2023-07-18 19:46:07,890454851.4087442
1689728535,2023-07-18 22:02:15,876609360.0
1689741937,2023-07-19 01:45:37,893386886.0
1689750797,2023-07-19 04:13:17,910689622.0
1689764968,2023-07-19 08:09:28,899676498.0
1689770714,2023-07-19 09:45:14,918553127.0
1689791244,2023-07-19 15:27:24,920649267.0
1689792092,2023-07-19 15:41:32,923576701.9090966
1689809349,2023-07-19 20:29:09,927467883.0
1689834372,2023-07-20 03:26:12,923414287.9540832
1689834551,2023-07-20 03:29:11,913312801.0
1689848931,2023-07-20 07:28:51,901845186.8933665
1689857799,2023-07-20 09:56:39,894027326.7674999
1689881079,2023-07-20 16:24:39,894958631.0
1689897651,2023-07-20 21:00:51,908066952.0
1689899202,2023-07-20 21:26:42,927754880.9370643
1689914055,2023-07-21 01:34:15,937397327.0128965
1689916684,2023-07-21 02:18:04,918030169.0
1689943756,2023-07-21 09:49:16,876610281.0
1689960800,2023-07-21 14:33:20,890330842.595454
1689964395,2023-07-21 15:33:15,928515301.0
1689983355,2023-07-21 20:49:15,940410806.410065
1689986958,2023-07-21 21:49:18,928750045.0985196
1690000298,2023-07-22 01:31:38,909637087.0
1690007871,2023-07-22 03:37:51,896241258.0368718
1690050788,2023-07-22 15:33:08,889992907.4970132
1690053715,2023-07-22 16:21:55,889387640.5840998
1690069901,2023-07-22 20:51:41,892921062.488276
1690070768,2023-07-22 21:06:08,899088778.3996866
1690091294,2023-07-23 02:48:14,906386393.508476
1690095256,2023-07-23 03:54:16,913309513.0
1690113228,2023-07-23 08:53:48,918050141.7170559
1690138412,2023-07-23 15:53:32,917585883.0268459
1690139319,2023-07-23 16:08:39,908590740.0
1690161446,2023-07-23 22:17:26,895486187.0
1690176277,2023-07-24 02:24:37,903037662.2702445
1690182643,2023-07-24 04:10:43,921174384.0
1690200784,2023-07-24 09:13:04,932659830.0234597
1690204071,2023-07-24 10:07:51,934178207.0628412
1690226419,2023-07-24 16:20:19,925893904.0
1690239639,2023-07-24 20:00:39,912259477.0
1690245608,2023-07-24 21:40:08,909082762.2269334
1690260453,2023-07-25 01:47:33,913270204.9464127
1690263235,2023-07-25 02:33:55,915930861.0
1690281285,2023-07-25 07:34:45,910733744.4375316
1690285324,2023-07-25 08:42:04,901587702.3346006
1690307452,2023-07-25 14:50:52,894961540.0
1690311984,2023-07-25 16:06:24,895587324.5016813
1690324407,2023-07-25 19:33:27,901250170.0
1690324913,2023-07-25 19:41:53,905443972.0
1690346560,2023-07-26 01:42:40,896644354.1473402
1690349365,2023-07-26 02:29:25,881571066.994266
1690369528,2023-07-26 08:05:28,872143512.4347498
1690389043,2023-07-26 13:30:43,880281092.0
1690415908,2023-07-26 20:58:28,900728405.0
1690417565,2023-07-26 21:26:05,899155628.0
1690439276,2023-07-27 03:27:56,923270983.0
1690439710,2023-07-27 03:35:10,902824567.0
1690499050,2023-07-27 20:04:10,928516926.0
1690506380,2023-07-27 22:06:20,879232294.0
1690528542,2023-07-28 04:15:42,877562269.7128099
1690544686,2023-07-28 08:44:46,902826373.0
1690549314,2023-07-28 10:01:54,892340362.0
1690562699,2023-07-28 13:44:59,873989756.0
1690585504,2023-07-28 20:05:04,909116210.0
1690585695,2023-07-28 20:08:15,925880297.6052082
1690612155,2023-07-29 03:29:15,922223468.0
1690612905,2023-07-29 03:41:45,916455149.0
1690634591,2023-07-29 09:43:11,900728540.0
1690634738,2023-07-29 09:45:38,884505115.8056508
1690650255,2023-07-29 14:04:15,885519775.0
1690654476,2023-07-29 15:14:36,911093951.1593305
1690669917,2023-07-29 19:31:57,924844355.0
1690672571,2023-07-29 20:16:11,896642237.1337456
1690700775,2023-07-30 04:06:15,865081731.0
1690701720,2023-07-30 04:22:00,871455455.0470616
1690720457,2023-07-30 09:34:17,899127084.9309117
1690723187,2023-07-30 10:19:47,916978061.0
1690736442,2023-07-30 14:00:42,908591058.0
1690758952,2023-07-30 20:15:52,905445285.0
1690760793,2023-07-30 20:46:33,910816350.0960039
1690781184,2023-07-31 02:26:24,919986635.5387303
1690788028,2023-07-31 04:20:28,928967318.2568111
1690804020,2023-07-31 08:47:00,933769575.2440314
1690808687,2023-07-31 10:04:47,930404583.4941778
1690845101,2023-07-31 20:11:41,914883520.0
1690853140,2023-07-31 22:25:40,886732363.128846
1690865783,2023-08-01 01:56:23,859536296.7236725
1690866371,2023-08-01 02:06:11,850395306.0
1690886151,2023-08-01 07:35:51,869972837.2878268
1690889741,2023-08-01 08:35:41,903186181.3344573
1690908784,2023-08-01 13:53:04,928516090.0
1690916732,2023-08-01 16:05:32,930057194.4421858
1690934235,2023-08-01 20:57:15,914359643.0
1690937212,2023-08-01 21:46:52,896010611.0
1690975944,2023-08-02 08:32:24,892779928.1940479
1690978054,2023-08-02 09:07:34,898820820.6240766
1690997278,2023-08-02 14:27:58,901776577.0
1691001681,2023-08-02 15:41:21,895297188.5365069
1691020445,2023-08-02 20:54:05,897059459.0
1691022883,2023-08-02 21:34:43,906498348.0
1691039945,2023-08-03 02:19:05,884995135.0
1691046510,2023-08-03 04:08:30,922747756.0
1691065902,2023-08-03 09:31:42,908065363.0
1691088807,2023-08-03 15:53:27,903351972.0
1691108895,2023-08-03 21:28:15,928515208.0
1691111577,2023-08-03 22:12:57,922592356.996144
1691131397,2023-08-04 03:43:17,897584062.0
1691131819,2023-08-04 03:50:19,881327290.0
1691151867,2023-08-04 09:24:27,873509705.7159325
1691152361,2023-08-04 09:32:41,873358194.1828927
1691171182,2023-08-04 14:46:22,881853386.0
1691176829,2023-08-04 16:20:29,903875042.0
1691189621,2023-08-04 19:53:41,941610900.3800818
1691189841,2023-08-04 19:57:21,927993611.0
1691211330,2023-08-05 01:55:30,859833480.0
1691219672,2023-08-05 04:14:32,912786959.0
1691236327,2023-08-05 08:52:07,888670026.0
1691262270,2023-08-05 16:04:30,918554045.0
1691283482,2023-08-05 21:58:02,934852298.9652041
1691284269,2023-08-05 22:11:09,912263948.0
1691304468,2023-08-06 03:47:48,879758563.0
1691306085,2023-08-06 04:14:45,902824477.0
1691323732,2023-08-06 09:08:52,915007030.3403323
1691328080,2023-08-06 10:21:20,905447594.0
1691341272,2023-08-06 14:01:12,893386617.0
1691347764,2023-08-06 15:49:24,904920590.0
1691362073,2023-08-06 19:47:53,919879487.5450071
1691367359,2023-08-06 21:15:59,917503954.0
1691390026,2023-08-07 03:33:46,890376356.5624123
1691413174,2023-08-07 09:59:34,871368660.0
1691413487,2023-08-07 10:04:47,881329449.0
1691432292,2023-08-07 15:18:12,888142628.0
1691436178,2023-08-07 16:22:58,915409502.0
1691450678,2023-08-07 20:24:38,878181214.0
1691471574,2023-08-08 02:12:54,924305093.0
1691477789,2023-08-08 03:56:29,865600786.0
1691490913,2023-08-08 07:35:13,874656856.6972857
1691497322,2023-08-08 09:22:02,922223514.0
1691512364,2023-08-08 13:32:44,922747156.0
1691543100,2023-08-08 22:05:00,904921178.0
1691544029,2023-08-08 22:20:29,887097691.0
1691555612,2023-08-09 01:33:32,889543517.3094232
1691555771,2023-08-09 01:36:11,905386469.7801461
1691578249,2023-08-09 07:50:49,919600692.0
1691578403,2023-08-09 07:53:23,920711932.4444324
1691599201,2023-08-09 13:40:01,911452359.8603798
1691622670,2023-08-09 20:11:10,898105748.0
1691623212,2023-08-09 20:20:12,886407665.6189575
1691645015,2023-08-10 02:23:35,879900861.4896634
1691646327,2023-08-10 02:45:27,881579879.3762316
1691669183,2023-08-10 09:06:23,894439263.0
1691713390,2023-08-10 21:23:10,913835491.0
1691733798,2023-08-11 03:03:18,915497535.2466654
1691734714,2023-08-11 03:18:34,911215323.0
1691753614,2023-08-11 08:33:34,917677281.2027837
1691773769,2023-08-11 14:09:29,927466816.0
1691777618,2023-08-11 15:13:38,929907059.726439
1691799501,2023-08-11 21:18:21,925385069.7136501
1691800668,2023-08-11 21:37:48,917053884.5545197
1691816710,2023-08-12 02:05:10,908066543.0
1691817522,2023-08-12 02:18:42,903873461.0
1691841124,2023-08-12 08:52:04,905446371.0
1691864257,2023-08-12 15:17:37,890239466.0
1691885184,2023-08-12 21:06:24,900728585.0
1691901229,2023-08-13 01:33:49,894426830.0
1691923310,2023-08-13 07:41:50,905084733.203677
1691928109,2023-08-13 09:01:49,921174338.0
1691946299,2023-08-13 14:04:59,920217506.6821119
1691968543,2023-08-13 20:15:43,914360192.0
1691975776,2023-08-13 22:16:16,916781290.2460676
1691989446,2023-08-14 02:04:06,910167381.0
1691996460,2023-08-14 04:01:00,895485874.0
1692015071,2023-08-14 09:11:11,924319189.0
1692035222,2023-08-14 14:47:02,912263765.0
1692040612,2023-08-14 16:16:52,901253370.0
1692056601,2023-08-14 20:43:21,896533017.0
1692078811,2023-08-15 02:53:31,880969372.638546
1692080587,2023-08-15 03:23:07,867615514.3683964
1692102929,2023-08-15 09:35:29,877658594.0
1692104285,2023-08-15 09:58:05,912786914.0
1692121135,2023-08-15 14:38:55,916454965.0
1692143331,2023-08-15 20:48:51,905446190.0
1692148378,2023-08-15 22:12:58,919078150.0
1692165658,2023-08-16 03:00:58,873463065.0
1692168806,2023-08-16 03:53:26,874576290.5916224
1692206398,2023-08-16 14:19:58,910861132.2048776
1692209889,2023-08-16 15:18:09,923271260.0
1692234862,2023-08-16 22:14:22,886048359.0
1692250629,2023-08-17 02:37:09,877629320.4437044
1692256873,2023-08-17 04:21:13,893911576.0
1692271790,2023-08-17 08:29:50,911738837.0
1692290659,2023-08-17 13:44:19,914886219.0
1692292697,2023-08-17 14:18:17,860359662.0
1692313777,2023-08-17 20:09:37,916982829.0
1692315573,2023-08-17 20:39:33,916979666.0
1692339427,2023-08-18 03:17:07,911417706.6898153
1692341319,2023-08-18 03:48:39,910688620.0
1692356002,2023-08-18 07:53:22,905971249.0
1692364341,2023-08-18 10:12:21,919600508.0
1692384032,2023-08-18 15:40:32,898628059.0
1692405873,2023-08-18 21:44:33,863673326.2881665
1692406614,2023-08-18 21:56:54,867698505.0
1692427000,2023-08-19 03:36:40,924321130.0
1692444980,2023-08-19 08:36:20,927561936.7301219
1692448780,2023-08-19 09:39:40,910166288.0
1692472632,2023-08-19 16:17:12,921698580.0
1692487818,2023-08-19 20:30:18,923797534.0
1692491168,2023-08-19 21:26:08,928515162.0
1692510727,2023-08-20 02:52:07,909653169.7039189
1692512584,2023-08-20 03:23:04,890765267.0
1692528757,2023-08-20 07:52:37,901481653.7236342
1692536954,2023-08-20 10:09:14,925892654.0
1692549121,2023-08-20 13:32:01,941297397.8682336
1692556310,2023-08-20 15:31:50,943370112.9919033
1692571869,2023-08-20 19:51:09,932378801.6966928
1692573147,2023-08-20 20:12:27,908591467.0
1692594282,2023-08-21 02:04:42,894959392.0
1692598385,2023-08-21 03:13:05,928513490.0
1692618376,2023-08-21 08:46:16,880805909.0
1692623847,2023-08-21 10:17:27,915930586.0
1692639549,2023-08-21 14:39:09,941592777.1261556
1692645692,2023-08-21 16:21:32,935330633.0
1692658157,2023-08-21 19:49:17,917260359.5286971
1692665961,2023-08-21 21:59:21,903364481.4292855
1692679682,2023-08-22 01:48:02,908592103.0
1692685084,2023-08-22 03:18:04,920126406.0
1692705421,2023-08-22 08:57:01,878184463.0
1692708863,2023-08-22 09:54:23,886046232.0
1692722994,2023-08-22 13:49:54,884944942.7474847
1692723400,2023-08-22 13:56:40,894960913.0
1692744916,2023-08-22 19:55:16,924319050.0
1692752351,2023-08-22 21:59:11,869267982.0
1692769022,2023-08-23 02:37:02,849921264.4905769
1692787076,2023-08-23 07:37:56,875871389.6919541
1692793066,2023-08-23 09:17:46,909117073.0
1692812523,2023-08-23 14:42:03,919085754.2013148
1692833112,2023-08-23 20:25:12,904919775.0
1692835238,2023-08-23 21:00:38,876237457.4916869
1692854424,2023-08-24 02:20:24,854846146.0710204
1692857254,2023-08-24 03:07:34,865600440.0
1692877089,2023-08-24 08:38:09,902301903.0
1692897442,2023-08-24 14:17:22,892339336.0
1692898670,2023-08-24 14:37:50,912787233.0
1692923672,2023-08-24 21:34:32,919192125.4482946
1692926259,2023-08-24 22:17:39,906674404.4946978
1692939198,2023-08-25 01:53:18,892862642.0
1692944723,2023-08-25 03:25:23,891408862.8051304
1692965912,2023-08-25 09:18:32,900058900.6002921
1692967577,2023-08-25 09:46:17,912582041.5915852
1692991329,2023-08-25 16:22:09,922747572.0
1693005409,2023-08-25 20:16:49,925892515.0
1693009143,2023-08-25 21:19:03,921325855.4179235
1693027940,2023-08-26 02:32:20,900728360.0
1693029258,2023-08-26 02:54:18,865692094.0187029
1693049976,2023-08-26 08:39:36,866650273.0
1693055633,2023-08-26 10:13:53,915933288.0
1693075582,2023-08-26 15:46:22,893913811.0
1693095065,2023-08-26 21:11:05,875695987.7724652
1693097254,2023-08-26 21:47:34,877141016.0
1693115665,2023-08-27 02:54:25,884342566.8837594
1693120562,2023-08-27 04:16:02,892861883.0
1693132931,2023-08-27 07:42:11,900200155.0
1693142037,2023-08-27 10:13:57,899154998.0
1693155805,2023-08-27 14:03:25,889194715.0
1693176851,2023-08-27 19:54:11,901775855.0
1693182954,2023-08-27 21:35:54,886048536.0
1693199383,2023-08-28 02:09:43,925369152.0
1693206576,2023-08-28 04:09:36,915409639.0
1693241534,2023-08-28 13:52:14,912261074.0
1693250079,2023-08-28 16:14:39,902455866.8392961
1693265258,2023-08-28 20:27:38,885458287.9280124
1693270820,2023-08-28 22:00:20,873464157.0
1693290859,2023-08-29 03:34:19,874916931.1912974
1693293190,2023-08-29 04:13:10,883250614.2807893
1693310666,2023-08-29 09:04:26,888146847.0
1693312382,2023-08-29 09:33:02,883003653.2292404
1693328546,2023-08-29 14:02:26,876084590.0
1693335291,2023-08-29 15:54:51,876793593.9663252
1693348998,2023-08-29 19:43:18,884230587.468471
1693358433,2023-08-29 22:20:33,894919489.2703333
1693373008,2023-08-30 02:23:28,905384218.134691
1693374102,2023-08-30 02:41:42,912148692.8243234
1693396337,2023-08-30 08:52:17,911736832.0
1693398171,2023-08-30 09:22:51,897582761.0
1693414345,2023-08-30 13:52:25,864779972.6395081
1693421045,2023-08-30 15:44:05,861406346.0
1693441909,2023-08-30 21:31:49,909642181.0
1693457072,2023-08-31 01:44:32,912260390.0
1693463103,2023-08-31 03:25:03,888669626.0
1693483227,2023-08-31 09:00:27,882377718.0
1693483886,2023-08-31 09:11:26,909641317.0
1693505961,2023-08-31 15:19:21,902824748.0
1693522186,2023-08-31 19:49:46,889720784.0
1693524270,2023-08-31 20:24:30,892200388.4620854
1693553062,2023-09-01 04:24:22,902825064.0
1693570208,2023-09-01 09:10:08,910027762.9859977
1693588803,2023-09-01 14:20:03,906495629.0
1693589098,2023-09-01 14:24:58,891292630.0
1693609213,2023-09-01 20:00:13,880166455.7233806
1693609430,2023-09-01 20:03:50,875900532.1109127
1693635359,2023-09-02 03:15:59,876708900.1974645
1693637666,2023-09-02 03:54:26,880805601.0
1693657663,2023-09-02 09:27:43,886734620.9255016
1693657756,2023-09-02 09:29:16,894359728.0972943
1693676492,2023-09-02 14:41:32,903874636.0
1693678567,2023-09-02 15:16:07,913831699.0
1693701138,2023-09-02 21:32:18,919347858.4762369
1693703003,2023-09-02 22:03:23,926418795.0
1693725434,2023-09-03 04:17:14,939406767.7767324
1693740775,2023-09-03 08:32:55,943620252.1573412
1693767748,2023-09-03 16:02:28,919604278.0
1693781907,2023-09-03 19:58:27,873992291.0
1693784261,2023-09-03 20:37:41,883433179.3822143
1693805778,2023-09-04 02:36:18,913311339.0
1693806565,2023-09-04 02:49:25,909643273.0
1693830370,2023-09-04 09:26:10,890766380.0
1693831215,2023-09-04 09:40:15,903872602.0
1693850321,2023-09-04 14:58:41,890110764.0727204
1693876808,2023-09-04 22:20:08,854809857.8215306
1693889088,2023-09-05 01:44:48,828312428.3816082
1693896974,2023-09-05 03:56:14,840961021.0
1693910318,2023-09-05 07:38:38,896530686.0
1693920284,2023-09-05 10:24:44,918876770.6874005
1693940357,2023-09-05 15:59:17,910688256.0
1693956896,2023-09-05 20:34:56,901777028.0
1693958027,2023-09-05 20:53:47,911736604.0
1693978294,2023-09-06 02:31:34,914884023.0
1693984983,2023-09-06 04:23:03,904148804.1618068
1694001959,2023-09-06 09:05:59,892350403.8642257
1694006004,2023-09-06 10:13:24,895484172.0
1694021242,2023-09-06 14:27:22,910167381.0
1694026706,2023-09-06 15:58:26,886572426.0
1694041548,2023-09-06 20:05:48,869271199.0
1694045988,2023-09-06 21:19:48,883192315.595755
1694068486,2023-09-07 03:34:46,907804441.4433796
1694069125,2023-09-07 03:45:25,913834303.0
1694091786,2023-09-07 10:03:06,897578049.0
1694112236,2023-09-07 15:43:56,908066044.0
1694114304,2023-09-07 16:18:24,877658945.0
1694135250,2023-09-07 22:07:30,879905877.5332139
1694136356,2023-09-07 22:25:56,912260937.0
1694155059,2023-09-08 03:37:39,927467373.0
1694176791,2023-09-08 09:39:51,884473015.0
1694199204,2023-09-08 15:53:24,883425014.0
1694200467,2023-09-08 16:14:27,872856601.1805173
1694220722,2023-09-08 21:52:02,870319603.0
1694222735,2023-09-08 22:25:35,903609884.4177213
1694236527,2023-09-09 02:15:27,913311111.0
1694241843,2023-09-09 03:44:03,877659077.0
1694256107,2023-09-09 07:41:47,911214411.0
1694256263,2023-09-09 07:44:23,882900109.0
1694282496,2023-09-09 15:01:36,879755615.0
1694300708,2023-09-09 20:05:08,843056537.0
1694305253,2023-09-09 21:20:53,894438726.0
1694320327,2023-09-10 01:32:07,923272691.0
1694365378,2023-09-10 14:02:58,920125347.0
1694371278,2023-09-10 15:41:18,921804737.2509228
1694390581,2023-09-10 21:03:01,921704202.0
1694393302,2023-09-10 21:48:22,912784677.0
1694407283,2023-09-11 01:41:23,918558449.9171013
1694409548,2023-09-11 02:19:08,919078104.0
1694455295,2023-09-11 15:01:35,898105882.0
1695063209,2023-09-18 15:53:29,890246454.0
1695076654,2023-09-18 19:37:34,879231855.0
1695083596,2023-09-18 21:33:16,858260442.0
1695100582,2023-09-19 02:16:22,863503674.0
1695105996,2023-09-19 03:46:36,927465889.0
1695129335,2023-09-19 10:15:35,891815805.0
1695148485,2023-09-19 15:34:45,893378398.0
1695167317,2023-09-19 20:48:37,900717811.1991941
1695171902,2023-09-19 22:05:02,902300099.0
1695187848,2023-09-20 02:30:48,905969075.0
1695192066,2023-09-20 03:41:06,903928727.0067527
1695236083,2023-09-20 15:54:43,896009670.0
1695254564,2023-09-20 21:02:44,885781884.1316049
1695258571,2023-09-20 22:09:31,879467126.3903587
1695276449,2023-09-21 03:07:29,883950098.0
1695295092,2023-09-21 08:18:12,901251522.0
1695297555,2023-09-21 08:59:15,917681720.8867269
1695315312,2023-09-21 13:55:12,929669088.6947657
1695323535,2023-09-21 16:12:15,937387531.8313087
1695336002,2023-09-21 19:40:02,941010956.7122641
1695340662,2023-09-21 20:57:42,940713269.7535408
1695364310,2023-09-22 03:31:50,936668377.3710475
1695366776,2023-09-22 04:12:56,929050185.9806931
1695402452,2023-09-22 14:07:32,918032602.0
1695405955,2023-09-22 15:05:55,904585574.3511599
1695448876,2023-09-23 03:01:16,892863222.0
1695453325,2023-09-23 04:15:25,886313662.3088093
1695466878,2023-09-23 08:01:18,882376836.0
1695469024,2023-09-23 08:37:04,878623888.7084904
1695494680,2023-09-23 15:44:40,879158962.6555238
1695495676,2023-09-23 16:01:16,889719449.0
1695513531,2023-09-23 20:58:51,910247547.1509428
1695530175,2023-09-24 01:36:15,917504688.0
1695532926,2023-09-24 02:22:06,903873822.0
1695552879,2023-09-24 07:54:39,911733868.0
1695556248,2023-09-24 08:50:48,896008953.0
1695580162,2023-09-24 15:29:22,893809566.6910278
1695601599,2023-09-24 21:26:39,906494042.0
1695620321,2023-09-25 02:38:41,920832459.7182765
1695625201,2023-09-25 04:00:01,934806111.0
1695642130,2023-09-25 08:42:10,944139569.5057207
1695644946,2023-09-25 09:29:06,924319328.0
1695667156,2023-09-25 15:39:16,879756275.0
1695688263,2023-09-25 21:31:03,898104715.0
1695709673,2023-09-26 03:27:53,915595648.2252381
1695710878,2023-09-26 03:47:58,917215157.2409568
1695724932,2023-09-26 07:42:12,913311157.0
1695745858,2023-09-26 13:30:58,912145815.6503547
1695747358,2023-09-26 13:55:58,913638311.5822514
1695771368,2023-09-26 20:36:08,915622075.9985007
1695792070,2023-09-27 02:21:10,915930540.0
1695814219,2023-09-27 08:30:19,913834577.0
1695819907,2023-09-27 10:05:07,913496148.0038306
1695971011,2023-09-29 04:03:31,917079939.9567721
1695983826,2023-09-29 07:37:06,925891959.0
1695985658,2023-09-29 08:07:38,918029297.0
1696005188,2023-09-29 13:33:08,864028481.0
1696008036,2023-09-29 14:20:36,920651247.0
1696029813,2023-09-29 20:23:33,910164468.0
1696036055,2023-09-29 22:07:35,906217364.9317087
1696056070,2023-09-30 03:41:10,911216963.0
1696058406,2023-09-30 04:20:06,895484889.0
1696071521,2023-09-30 07:58:41,876413404.5509311
1696092480,2023-09-30 13:48:00,872940916.0
1696113375,2023-09-30 19:36:15,893959423.4225601
1696134999,2023-10-01 01:36:39,919078242.0
1696159739,2023-10-01 08:28:59,923795964.0
1696166691,2023-10-01 10:24:51,906494994.0
1696182466,2023-10-01 14:47:46,899021984.7843968
1696208491,2023-10-01 22:01:31,903580464.3897022
1696222595,2023-10-02 01:56:35,912452175.2098203
1696230981,2023-10-02 04:16:21,917918859.5368307
1696244113,2023-10-02 07:55:13,912262260.0
1696244508,2023-10-02 08:01:48,902301181.0
1696273167,2023-10-02 15:59:27,914357860.0
1696286644,2023-10-02 19:44:04,885522387.0
1696511919,2023-10-05 10:18:39,884861072.4795986
1696532269,2023-10-05 15:57:49,901772609.0
1696552420,2023-10-05 21:33:40,894959705.0
1696568277,2023-10-06 01:57:57,854592217.0
1696570463,2023-10-06 02:34:23,845669923.2419053
1696589910,2023-10-06 07:58:30,868217938.3097084
1696742171,2023-10-08 02:16:11,900074369.2501677
1696766719,2023-10-08 09:05:19,919077323.0
1696767323,2023-10-08 09:15:23,911528662.3293098
1696789404,2023-10-08 15:23:24,897585274.0
1696791568,2023-10-08 15:59:28,898685711.0419459
1696806603,2023-10-08 20:10:03,907540168.0
1696835388,2023-10-09 04:09:48,910939787.765318
1696835531,2023-10-09 04:12:11,900727864.0
1696857072,2023-10-09 10:11:12,886571894.0
1696872584,2023-10-09 14:29:44,912786366.0
1696876711,2023-10-09 15:38:31,931212029.192848
1696893426,2023-10-09 20:17:06,931515244.3938152
1696914440,2023-10-10 02:07:20,920718193.6269994
1696918084,2023-10-10 03:08:04,905843059.1162995
1696937918,2023-10-10 08:38:38,893912023.0
1696942726,2023-10-10 09:58:46,889193648.0
1697049978,2023-10-11 15:46:18,887371797.3483919
1697063549,2023-10-11 19:32:29,891095839.518284
1697071501,2023-10-11 21:45:01,905444923.0
1697087936,2023-10-12 02:18:56,916983058.0
1697091214,2023-10-12 03:13:34,885522077.0
1697133571,2023-10-12 14:59:31,892865499.0
1697136634,2023-10-12 15:50:34,896277734.2870331
1697152679,2023-10-12 20:17:59,896534676.0
1697194752,2023-10-13 07:59:12,905446100.0
1697222416,2023-10-13 15:40:16,899846934.660625
1697238938,2023-10-13 20:15:38,897057844.0
1697245594,2023-10-13 22:06:34,915485320.344775
1697266758,2023-10-14 03:59:18,925367764.0
1697268227,2023-10-14 04:23:47,901097897.6730481
1697284253,2023-10-14 08:50:53,881853826.0
1697286200,2023-10-14 09:23:20,899155853.0
1697307331,2023-10-14 15:15:31,906494722.0
1697307526,2023-10-14 15:18:46,902293602.0
1697322640,2023-10-14 19:30:40,894962300.0
1697347533,2023-10-15 02:25:33,887618163.0
1697372051,2023-10-15 09:14:11,910690976.8518555
1697373993,2023-10-15 09:46:33,927988878.0
1697391275,2023-10-15 14:34:35,913836040.0
1697394645,2023-10-15 15:30:45,925894691.0
1697414207,2023-10-15 20:56:47,922742710.7468805
1697417292,2023-10-15 21:48:12,918553402.0
1697434900,2023-10-16 02:41:40,914359689.0
1697436143,2023-10-16 03:02:23,839910089.0
1697457381,2023-10-16 08:56:21,833066937.5613378
1697461181,2023-10-16 09:59:41,883945822.3657134
1697479671,2023-10-16 15:07:51,926949109.0
1697495442,2023-10-16 19:30:42,924844586.0
1697518501,2023-10-17 01:55:01,928513305.0
1697562049,2023-10-17 14:00:49,923795317.0
1697566510,2023-10-17 15:15:10,905984386.0
1697585084,2023-10-17 20:24:44,888369182.2769091
1697587733,2023-10-17 21:08:53,881477979.551029
1697604752,2023-10-18 01:52:32,894435775.0
1697609442,2023-10-18 03:10:42,921175029.0
1697625512,2023-10-18 07:38:32,915898251.0126802
1697668137,2023-10-18 19:28:57,901776216.0
1697974250,2023-10-22 08:30:50,910252210.1568458
1697974374,2023-10-22 08:32:54,921698764.0
1697992652,2023-10-22 13:37:32,915933059.0
1698017357,2023-10-22 20:29:17,913874384.3835496
1698039054,2023-10-23 02:30:54,917665357.8876243
1698041376,2023-10-23 03:09:36,921701345.0
1698062647,2023-10-23 09:04:07,920377711.1047115
1698084878,2023-10-23 15:14:38,908089821.637986
1698086966,2023-10-23 15:49:26,879233042.0
