timestamp,data,vazao_bps
1743758804,2025-04-04 06:26:44,862186834.770179
1743802546,2025-04-04 18:35:46,919155801.4064003
1743919343,2025-04-06 03:02:23,670073697.2327926
1744055615,2025-04-07 16:53:35,541479055.7191796
1744166596,2025-04-08 23:43:16,902801588.85613
1744253691,2025-04-09 23:54:51,886847095.7036233
1744275740,2025-04-10 06:02:20,918546789.1552283
1744338868,2025-04-10 23:34:28,714687889.494526
1744398215,2025-04-11 16:03:35,738129743.6895293
1744404365,2025-04-11 17:46:05,911791857.1021428
1744471446,2025-04-12 12:24:06,924661732.0607712
1744505588,2025-04-12 21:53:08,628161113.943705
1744652955,2025-04-14 14:49:15,860980372.472672
1744665393,2025-04-14 18:16:33,912858985.2310544
1744709870,2025-04-15 06:37:50,919788882.5783204
1744717879,2025-04-15 08:51:19,765992306.2774874
1744762813,2025-04-15 21:20:13,898007221.8892503
1744795857,2025-04-16 06:30:57,894230218.085623
1744869720,2025-04-17 03:02:00,923606212.825036
1744878006,2025-04-17 05:20:06,807377360.9735044
1744892148,2025-04-17 09:15:48,814510175.279408
1744928911,2025-04-17 19:28:31,862196279.1261364
1744935075,2025-04-17 21:11:15,849753968.42105
1744963321,2025-04-18 05:02:01,764065976.746963
1745057545,2025-04-19 07:12:25,790080723.3245064
1745195458,2025-04-20 21:30:58,855531474.8342167
1745232418,2025-04-21 07:46:58,889479707.7442007
1745307322,2025-04-22 04:35:22,924553920.2439126
1745407767,2025-04-23 08:29:27,795868289.624595
1745437703,2025-04-23 16:48:23,914686628.089963
1745487825,2025-04-24 06:43:45,883142528.912859
1745531801,2025-04-24 18:56:41,839915495.6838462
1750792483,2025-06-24 16:14:43,906100899.999125
1750879019,2025-06-25 16:16:59,926976611.0518322
1751018210,2025-06-27 06:56:50,884717253.2969723
1751156104,2025-06-28 21:15:04,916278134.6134588
1751295965,2025-06-30 12:06:05,911012531.1411222
1751351487,2025-07-01 03:31:27,632346767.7001042
1751787132,2025-07-06 04:32:12,859001077.877984
1751954251,2025-07-08 02:57:31,814185836.9034985
1751970029,2025-07-08 07:20:29,923797227.7513583
1751984022,2025-07-08 11:13:42,916762825.982665
1752058177,2025-07-09 07:49:37,925571551.3707552
1752102319,2025-07-09 20:05:19,723539082.212052
1752143380,2025-07-10 07:29:40,729879894.8086604
1752208831,2025-07-11 01:40:31,925388156.6721
1752240595,2025-07-11 10:29:55,856059800.5644516
1752311187,2025-07-12 06:06:27,804593584.89685
1752494207,2025-07-14 08:56:47,909528155.353685
1752560404,2025-07-15 03:20:04,923347522.98961
1752724920,2025-07-17 01:02:00,857952365.331738
1752950616,2025-07-19 15:43:36,925412378.006765
1753023450,2025-07-20 11:57:30,914337836.549353
1753067151,2025-07-21 00:05:51,666725406.7652618
1753569696,2025-07-26 19:41:36,880873374.5776794
1753700463,2025-07-28 08:01:03,903707553.9478978
1753792853,2025-07-29 09:40:53,925411170.7943823
1753807037,2025-07-29 13:37:17,919596485.658558
1753991317,2025-07-31 16:48:37,926502725.2232442
1754048737,2025-08-01 08:45:37,922810903.2175326
1754084634,2025-08-01 18:43:54,634103825.3142014
1754143301,2025-08-02 11:01:41,888240091.8936824
1754194345,2025-08-03 01:12:25,868842627.4378377
1754326101,2025-08-04 13:48:21,924566280.5055455
1754419894,2025-08-05 15:51:34,921799339.057925
1754549101,2025-08-07 03:45:01,927125078.7665564
1754565135,2025-08-07 08:12:15,856231468.8043958
1754940987,2025-08-11 16:36:27,921028240.987776
1755112360,2025-08-13 16:12:40,906213959.9074092
1755229882,2025-08-15 00:51:22,922798736.6443384
1755258552,2025-08-15 08:49:12,921703172.9162775
1755286840,2025-08-15 16:40:40,893302139.2773767
1755324367,2025-08-16 03:06:07,900167074.4256214
1755431176,2025-08-17 08:46:16,811772974.7915796
1755440622,2025-08-17 11:23:42,901597472.0977626
1755448652,2025-08-17 13:37:32,924498627.170784
1755504838,2025-08-18 05:13:58,877882243.698848
1755512699,2025-08-18 07:24:59,918670405.5060836
1755663808,2025-08-20 01:23:28,923011750.3498237
1755709681,2025-08-20 14:08:01,924796867.3597646
1755782087,2025-08-21 10:14:47,924195524.5037616
1755817404,2025-08-21 20:03:24,927824832.4390668
1755874535,2025-08-22 11:55:35,925386705.855451
1756342643,2025-08-27 21:57:23,923938500.5194985
1756438239,2025-08-29 00:30:39,909098839.4499915
1756468895,2025-08-29 09:01:35,888027220.4172326
1756474579,2025-08-29 10:36:19,900114689.812009
1756487843,2025-08-29 14:17:23,892047122.0556524
1756556634,2025-08-30 09:23:54,709464391.969691
1756575257,2025-08-30 14:34:17,925404470.954752
1756635176,2025-08-31 07:12:56,913608256.0277276
1756685152,2025-08-31 21:05:52,899533978.873662
1756779403,2025-09-01 23:16:43,861464599.3423847
1756948838,2025-09-03 22:20:38,902090626.7025586
1757041291,2025-09-05 00:01:31,424095047.1100076
1757064222,2025-09-05 06:23:42,923515154.0592562
1757122003,2025-09-05 22:26:43,881989416.6434172
1757130730,2025-09-06 00:52:10,902030523.6085505
1757201147,2025-09-06 20:25:47,915328437.9900054
1757209180,2025-09-06 22:39:40,907122116.9158177
1757282036,2025-09-07 18:53:56,894763850.3928
1757297669,2025-09-07 23:14:29,657180550.0278994
1757434240,2025-09-09 13:10:40,871387540.5710312
1757484628,2025-09-10 03:10:28,920125329.6436772
1757500187,2025-09-10 07:29:47,884322350.3960166
1757551412,2025-09-10 21:43:32,823913112.9777986
1757565375,2025-09-11 01:36:15,925556978.778733
1757580278,2025-09-11 05:44:38,909735184.7609985
1757761237,2025-09-13 08:00:37,868290181.3362162
1757862541,2025-09-14 12:09:01,911933453.5813602
1757985791,2025-09-15 22:23:11,818306656.235363
1758278841,2025-09-19 07:47:21,927184961.9841068
1758431725,2025-09-21 02:15:25,924116405.203196
1758726159,2025-09-24 12:02:39,866360319.052572
1758780436,2025-09-25 03:07:16,926953568.405845
1758843110,2025-09-25 20:31:50,916348486.1316683
