dataset,missing_rate,method,rmse,mae,n_points
esmond data perfsonar-ankara.ulakbim.gov.tr to psmp-gn-bw-lis-pt.geant.org 10-24-2023,0.1,SVD_KNN,118850531.5000249,75712858.59823386,102
esmond data perfsonar-ankara.ulakbim.gov.tr to psmp-gn-bw-lis-pt.geant.org 10-24-2023,0.1,SVD_KNN_Hankel,114514210.2031613,73422301.52037464,102
esmond data perfsonar-ankara.ulakbim.gov.tr to psmp-gn-bw-lis-pt.geant.org 10-24-2023,0.1,Kalman,156195465.60647452,122919678.02704628,102
esmond data perfsonar-ankara.ulakbim.gov.tr to psmp-gn-bw-lis-pt.geant.org 10-24-2023,0.1,ARIMA,104862003.93952967,68386634.026162,102
esmond data perfsonar-ankara.ulakbim.gov.tr to psmp-gn-bw-lis-pt.geant.org 10-24-2023,0.1,HoltWinters,117926204.2153533,77455591.79428612,102
esmond data perfsonar-ankara.ulakbim.gov.tr to psmp-gn-bw-lis-pt.geant.org 10-24-2023,0.1,Linear,115782605.84333214,89614230.58986928,102
esmond data perfsonar-ankara.ulakbim.gov.tr to psmp-gn-bw-lis-pt.geant.org 10-24-2023,0.1,KNN_Sklearn,112251555.45307803,70731718.09321779,102
esmond data perfsonar-ankara.ulakbim.gov.tr to psmp-gn-bw-lis-pt.geant.org 10-24-2023,0.1,Spline,135500813.12858117,109862733.58866718,102
esmond data perfsonar-ankara.ulakbim.gov.tr to psmp-gn-bw-lis-pt.geant.org 10-24-2023,0.1,Mean,112251555.45307803,70731718.09321779,102
esmond data perfsonar-ankara.ulakbim.gov.tr to psmp-gn-bw-lis-pt.geant.org 10-24-2023,0.1,LOCF,117908940.37117739,93056345.51960784,102
esmond data perfsonar-ankara.ulakbim.gov.tr to psmp-gn-bw-lis-pt.geant.org 10-24-2023,0.2,SVD_KNN,118692521.59751719,76216997.69362472,203
esmond data perfsonar-ankara.ulakbim.gov.tr to psmp-gn-bw-lis-pt.geant.org 10-24-2023,0.2,SVD_KNN_Hankel,118205703.83239861,76031505.73518933,203
esmond data perfsonar-ankara.ulakbim.gov.tr to psmp-gn-bw-lis-pt.geant.org 10-24-2023,0.2,Kalman,157369264.297169,119802086.06853305,203
esmond data perfsonar-ankara.ulakbim.gov.tr to psmp-gn-bw-lis-pt.geant.org 10-24-2023,0.2,ARIMA,109980159.25071934,74370040.91947551,203
esmond data perfsonar-ankara.ulakbim.gov.tr to psmp-gn-bw-lis-pt.geant.org 10-24-2023,0.2,HoltWinters,118061020.21350084,81295531.9116434,203
esmond data perfsonar-ankara.ulakbim.gov.tr to psmp-gn-bw-lis-pt.geant.org 10-24-2023,0.2,Linear,124155030.52597001,92298635.3233169,203
esmond data perfsonar-ankara.ulakbim.gov.tr to psmp-gn-bw-lis-pt.geant.org 10-24-2023,0.2,KNN_Sklearn,113739530.85966,73891112.13588051,203
esmond data perfsonar-ankara.ulakbim.gov.tr to psmp-gn-bw-lis-pt.geant.org 10-24-2023,0.2,Spline,154771962.54623863,116650349.94322203,203
esmond data perfsonar-ankara.ulakbim.gov.tr to psmp-gn-bw-lis-pt.geant.org 10-24-2023,0.2,Mean,113739530.85966,73891112.13588051,203
esmond data perfsonar-ankara.ulakbim.gov.tr to psmp-gn-bw-lis-pt.geant.org 10-24-2023,0.2,LOCF,134870691.5927655,100228071.57635468,203
esmond data perfsonar-ankara.ulakbim.gov.tr to psmp-gn-bw-lis-pt.geant.org 10-24-2023,0.3,SVD_KNN,114067486.71041134,75847331.46987174,304
esmond data perfsonar-ankara.ulakbim.gov.tr to psmp-gn-bw-lis-pt.geant.org 10-24-2023,0.3,SVD_KNN_Hankel,113505111.49667759,74383030.59640257,304
esmond data perfsonar-ankara.ulakbim.gov.tr to psmp-gn-bw-lis-pt.geant.org 10-24-2023,0.3,Kalman,167720695.6081522,114323507.39129634,304
esmond data perfsonar-ankara.ulakbim.gov.tr to psmp-gn-bw-lis-pt.geant.org 10-24-2023,0.3,ARIMA,113241114.44392116,77758956.84424716,304
esmond data perfsonar-ankara.ulakbim.gov.tr to psmp-gn-bw-lis-pt.geant.org 10-24-2023,0.3,HoltWinters,115349011.64286335,80966915.40722437,304
esmond data perfsonar-ankara.ulakbim.gov.tr to psmp-gn-bw-lis-pt.geant.org 10-24-2023,0.3,Linear,123157959.42938519,87688727.62467106,304
esmond data perfsonar-ankara.ulakbim.gov.tr to psmp-gn-bw-lis-pt.geant.org 10-24-2023,0.3,KNN_Sklearn,111537425.81398216,74043714.9097546,304
esmond data perfsonar-ankara.ulakbim.gov.tr to psmp-gn-bw-lis-pt.geant.org 10-24-2023,0.3,Spline,147016350.20801252,110780103.05331273,304
esmond data perfsonar-ankara.ulakbim.gov.tr to psmp-gn-bw-lis-pt.geant.org 10-24-2023,0.3,Mean,111537425.81398216,74043714.9097546,304
esmond data perfsonar-ankara.ulakbim.gov.tr to psmp-gn-bw-lis-pt.geant.org 10-24-2023,0.3,LOCF,135620864.78764862,100389924.45065789,304
esmond data perfsonar-ankara.ulakbim.gov.tr to psmp-gn-bw-lis-pt.geant.org 10-24-2023,0.4,SVD_KNN,111254140.21689571,75972574.17707336,406
esmond data perfsonar-ankara.ulakbim.gov.tr to psmp-gn-bw-lis-pt.geant.org 10-24-2023,0.4,SVD_KNN_Hankel,107458923.94061327,72749746.4053048,406
esmond data perfsonar-ankara.ulakbim.gov.tr to psmp-gn-bw-lis-pt.geant.org 10-24-2023,0.4,Kalman,185848860.1637353,132808856.50329135,406
esmond data perfsonar-ankara.ulakbim.gov.tr to psmp-gn-bw-lis-pt.geant.org 10-24-2023,0.4,ARIMA,118783088.31937316,81118443.48066144,406
esmond data perfsonar-ankara.ulakbim.gov.tr to psmp-gn-bw-lis-pt.geant.org 10-24-2023,0.4,HoltWinters,117153074.29112555,85855068.08592358,406
esmond data perfsonar-ankara.ulakbim.gov.tr to psmp-gn-bw-lis-pt.geant.org 10-24-2023,0.4,Linear,121351168.44799943,88811216.5202987,406
esmond data perfsonar-ankara.ulakbim.gov.tr to psmp-gn-bw-lis-pt.geant.org 10-24-2023,0.4,KNN_Sklearn,107032861.37377186,73233472.16428855,406
esmond data perfsonar-ankara.ulakbim.gov.tr to psmp-gn-bw-lis-pt.geant.org 10-24-2023,0.4,Spline,148791639.3303012,114115505.8297251,406
esmond data perfsonar-ankara.ulakbim.gov.tr to psmp-gn-bw-lis-pt.geant.org 10-24-2023,0.4,Mean,107032861.37377186,73233472.16428855,406
esmond data perfsonar-ankara.ulakbim.gov.tr to psmp-gn-bw-lis-pt.geant.org 10-24-2023,0.4,LOCF,131230604.74946667,98378848.8888889,406
esmond data perfsonar-ankara.ulakbim.gov.tr to psmp-gn-bw-poz-pl.geant.org 10-24-2023,0.1,SVD_KNN,97342536.0509493,76305602.7304869,104
esmond data perfsonar-ankara.ulakbim.gov.tr to psmp-gn-bw-poz-pl.geant.org 10-24-2023,0.1,SVD_KNN_Hankel,94934885.70920262,75830494.03566118,104
esmond data perfsonar-ankara.ulakbim.gov.tr to psmp-gn-bw-poz-pl.geant.org 10-24-2023,0.1,Kalman,188852036.8094446,127753395.76885639,104
esmond data perfsonar-ankara.ulakbim.gov.tr to psmp-gn-bw-poz-pl.geant.org 10-24-2023,0.1,ARIMA,96559548.7771807,76678942.50275174,104
esmond data perfsonar-ankara.ulakbim.gov.tr to psmp-gn-bw-poz-pl.geant.org 10-24-2023,0.1,HoltWinters,98621279.25958416,78814054.20736624,104
esmond data perfsonar-ankara.ulakbim.gov.tr to psmp-gn-bw-poz-pl.geant.org 10-24-2023,0.1,Linear,119670141.74444525,90877797.05128203,104
esmond data perfsonar-ankara.ulakbim.gov.tr to psmp-gn-bw-poz-pl.geant.org 10-24-2023,0.1,KNN_Sklearn,94535484.23338927,76593390.46812716,104
esmond data perfsonar-ankara.ulakbim.gov.tr to psmp-gn-bw-poz-pl.geant.org 10-24-2023,0.1,Spline,147486184.15682185,113236948.10606319,104
esmond data perfsonar-ankara.ulakbim.gov.tr to psmp-gn-bw-poz-pl.geant.org 10-24-2023,0.1,Mean,94535484.23338927,76593390.46812716,104
esmond data perfsonar-ankara.ulakbim.gov.tr to psmp-gn-bw-poz-pl.geant.org 10-24-2023,0.1,LOCF,119011908.52555288,87920126.83653846,104
esmond data perfsonar-ankara.ulakbim.gov.tr to psmp-gn-bw-poz-pl.geant.org 10-24-2023,0.2,SVD_KNN,103459565.73347525,78903585.09252468,208
esmond data perfsonar-ankara.ulakbim.gov.tr to psmp-gn-bw-poz-pl.geant.org 10-24-2023,0.2,SVD_KNN_Hankel,102826952.77225122,77571795.51139267,208
esmond data perfsonar-ankara.ulakbim.gov.tr to psmp-gn-bw-poz-pl.geant.org 10-24-2023,0.2,Kalman,185202088.48686087,127669679.98011306,208
esmond data perfsonar-ankara.ulakbim.gov.tr to psmp-gn-bw-poz-pl.geant.org 10-24-2023,0.2,ARIMA,104753358.13168944,78101328.87891886,208
esmond data perfsonar-ankara.ulakbim.gov.tr to psmp-gn-bw-poz-pl.geant.org 10-24-2023,0.2,HoltWinters,106480752.74460968,81354609.03099191,208
esmond data perfsonar-ankara.ulakbim.gov.tr to psmp-gn-bw-poz-pl.geant.org 10-24-2023,0.2,Linear,118153308.16979295,88429932.61401099,208
esmond data perfsonar-ankara.ulakbim.gov.tr to psmp-gn-bw-poz-pl.geant.org 10-24-2023,0.2,KNN_Sklearn,100748366.78654596,77750440.18213624,208
esmond data perfsonar-ankara.ulakbim.gov.tr to psmp-gn-bw-poz-pl.geant.org 10-24-2023,0.2,Spline,154088865.81349713,113015621.79097274,208
esmond data perfsonar-ankara.ulakbim.gov.tr to psmp-gn-bw-poz-pl.geant.org 10-24-2023,0.2,Mean,100748366.78654596,77750440.18213624,208
esmond data perfsonar-ankara.ulakbim.gov.tr to psmp-gn-bw-poz-pl.geant.org 10-24-2023,0.2,LOCF,131143216.29376426,97769959.33653846,208
esmond data perfsonar-ankara.ulakbim.gov.tr to psmp-gn-bw-poz-pl.geant.org 10-24-2023,0.3,SVD_KNN,105466428.54678462,81777701.08299938,311
esmond data perfsonar-ankara.ulakbim.gov.tr to psmp-gn-bw-poz-pl.geant.org 10-24-2023,0.3,SVD_KNN_Hankel,101601370.88869414,76620885.73439835,311
esmond data perfsonar-ankara.ulakbim.gov.tr to psmp-gn-bw-poz-pl.geant.org 10-24-2023,0.3,Kalman,177127046.02833158,123715962.94533508,311
esmond data perfsonar-ankara.ulakbim.gov.tr to psmp-gn-bw-poz-pl.geant.org 10-24-2023,0.3,ARIMA,105758837.37087616,79852572.39750066,311
esmond data perfsonar-ankara.ulakbim.gov.tr to psmp-gn-bw-poz-pl.geant.org 10-24-2023,0.3,HoltWinters,107595765.29521105,83360199.81869367,311
esmond data perfsonar-ankara.ulakbim.gov.tr to psmp-gn-bw-poz-pl.geant.org 10-24-2023,0.3,Linear,116236274.03726225,89545642.53071505,311
esmond data perfsonar-ankara.ulakbim.gov.tr to psmp-gn-bw-poz-pl.geant.org 10-24-2023,0.3,KNN_Sklearn,100196837.15548497,78046116.55794194,311
esmond data perfsonar-ankara.ulakbim.gov.tr to psmp-gn-bw-poz-pl.geant.org 10-24-2023,0.3,Spline,157305907.3641356,119938874.59490173,311
esmond data perfsonar-ankara.ulakbim.gov.tr to psmp-gn-bw-poz-pl.geant.org 10-24-2023,0.3,Mean,100196837.15548497,78046116.55794194,311
esmond data perfsonar-ankara.ulakbim.gov.tr to psmp-gn-bw-poz-pl.geant.org 10-24-2023,0.3,LOCF,133965584.00081204,101259737.01607718,311
esmond data perfsonar-ankara.ulakbim.gov.tr to psmp-gn-bw-poz-pl.geant.org 10-24-2023,0.4,SVD_KNN,100482814.25897127,78239206.89702499,415
esmond data perfsonar-ankara.ulakbim.gov.tr to psmp-gn-bw-poz-pl.geant.org 10-24-2023,0.4,SVD_KNN_Hankel,99804950.06301971,75645861.1571775,415
esmond data perfsonar-ankara.ulakbim.gov.tr to psmp-gn-bw-poz-pl.geant.org 10-24-2023,0.4,Kalman,177803949.17355374,122709635.94422375,415
esmond data perfsonar-ankara.ulakbim.gov.tr to psmp-gn-bw-poz-pl.geant.org 10-24-2023,0.4,ARIMA,111644053.43905254,81495078.82825196,415
esmond data perfsonar-ankara.ulakbim.gov.tr to psmp-gn-bw-poz-pl.geant.org 10-24-2023,0.4,HoltWinters,109173872.83428112,82556861.98001032,415
esmond data perfsonar-ankara.ulakbim.gov.tr to psmp-gn-bw-poz-pl.geant.org 10-24-2023,0.4,Linear,116095898.86393024,88753910.55860011,415
esmond data perfsonar-ankara.ulakbim.gov.tr to psmp-gn-bw-poz-pl.geant.org 10-24-2023,0.4,KNN_Sklearn,97274838.5994099,75632649.6506024,415
esmond data perfsonar-ankara.ulakbim.gov.tr to psmp-gn-bw-poz-pl.geant.org 10-24-2023,0.4,Spline,177313989.48100603,129815243.47169198,415
esmond data perfsonar-ankara.ulakbim.gov.tr to psmp-gn-bw-poz-pl.geant.org 10-24-2023,0.4,Mean,97274838.5994099,75632649.6506024,415
esmond data perfsonar-ankara.ulakbim.gov.tr to psmp-gn-bw-poz-pl.geant.org 10-24-2023,0.4,LOCF,133863616.82172999,101880850.08937198,415
esmond data perfsonar-sonda.rediris.es to psmp-gn-bw-lis-pt.geant.org 10-24-2023,0.1,SVD_KNN,96758175.42170176,73057520.07512073,30
esmond data perfsonar-sonda.rediris.es to psmp-gn-bw-lis-pt.geant.org 10-24-2023,0.1,SVD_KNN_Hankel,83827216.4886077,57175281.3907777,30
esmond data perfsonar-sonda.rediris.es to psmp-gn-bw-lis-pt.geant.org 10-24-2023,0.1,Kalman,378852517.03801,222351032.4310088,30
esmond data perfsonar-sonda.rediris.es to psmp-gn-bw-lis-pt.geant.org 10-24-2023,0.1,ARIMA,120003667.05834606,90196117.38969068,30
esmond data perfsonar-sonda.rediris.es to psmp-gn-bw-lis-pt.geant.org 10-24-2023,0.1,HoltWinters,89328517.94049075,67899084.5641832,30
esmond data perfsonar-sonda.rediris.es to psmp-gn-bw-lis-pt.geant.org 10-24-2023,0.1,Linear,118949442.94119504,87736237.51666667,30
esmond data perfsonar-sonda.rediris.es to psmp-gn-bw-lis-pt.geant.org 10-24-2023,0.1,KNN_Sklearn,86139551.82766616,59412315.20830237,30
esmond data perfsonar-sonda.rediris.es to psmp-gn-bw-lis-pt.geant.org 10-24-2023,0.1,Spline,151121958.81968546,110826352.93087544,30
esmond data perfsonar-sonda.rediris.es to psmp-gn-bw-lis-pt.geant.org 10-24-2023,0.1,Mean,86139551.82766616,59412315.20830237,30
esmond data perfsonar-sonda.rediris.es to psmp-gn-bw-lis-pt.geant.org 10-24-2023,0.1,LOCF,155168518.59060538,104294169.66666667,30
esmond data perfsonar-sonda.rediris.es to psmp-gn-bw-lis-pt.geant.org 10-24-2023,0.2,SVD_KNN,122724131.94261414,80432723.38849276,60
esmond data perfsonar-sonda.rediris.es to psmp-gn-bw-lis-pt.geant.org 10-24-2023,0.2,SVD_KNN_Hankel,125264190.14588405,79996159.99679707,60
esmond data perfsonar-sonda.rediris.es to psmp-gn-bw-lis-pt.geant.org 10-24-2023,0.2,Kalman,271386500.64543784,186803539.6472677,60
esmond data perfsonar-sonda.rediris.es to psmp-gn-bw-lis-pt.geant.org 10-24-2023,0.2,ARIMA,181679091.03733644,106320186.0767741,60
esmond data perfsonar-sonda.rediris.es to psmp-gn-bw-lis-pt.geant.org 10-24-2023,0.2,HoltWinters,132919717.68819688,91801882.19298749,60
esmond data perfsonar-sonda.rediris.es to psmp-gn-bw-lis-pt.geant.org 10-24-2023,0.2,Linear,176733059.68628895,103309898.63055556,60
esmond data perfsonar-sonda.rediris.es to psmp-gn-bw-lis-pt.geant.org 10-24-2023,0.2,KNN_Sklearn,119953149.28155869,76908158.19121338,60
esmond data perfsonar-sonda.rediris.es to psmp-gn-bw-lis-pt.geant.org 10-24-2023,0.2,Spline,230222718.11696947,131599360.51935148,60
esmond data perfsonar-sonda.rediris.es to psmp-gn-bw-lis-pt.geant.org 10-24-2023,0.2,Mean,119953149.28155869,76908158.19121338,60
esmond data perfsonar-sonda.rediris.es to psmp-gn-bw-lis-pt.geant.org 10-24-2023,0.2,LOCF,253582886.85292897,120319670.91666667,60
esmond data perfsonar-sonda.rediris.es to psmp-gn-bw-lis-pt.geant.org 10-24-2023,0.3,SVD_KNN,109070277.09088579,73548545.9820345,90
esmond data perfsonar-sonda.rediris.es to psmp-gn-bw-lis-pt.geant.org 10-24-2023,0.3,SVD_KNN_Hankel,110729782.63577016,70621514.17038658,90
esmond data perfsonar-sonda.rediris.es to psmp-gn-bw-lis-pt.geant.org 10-24-2023,0.3,Kalman,270750805.62682027,179065601.91092527,90
esmond data perfsonar-sonda.rediris.es to psmp-gn-bw-lis-pt.geant.org 10-24-2023,0.3,ARIMA,174696608.7005598,101770597.92665271,90
esmond data perfsonar-sonda.rediris.es to psmp-gn-bw-lis-pt.geant.org 10-24-2023,0.3,HoltWinters,122658250.07465106,85685752.59744371,90
esmond data perfsonar-sonda.rediris.es to psmp-gn-bw-lis-pt.geant.org 10-24-2023,0.3,Linear,155669333.57746837,89428135.03925925,90
esmond data perfsonar-sonda.rediris.es to psmp-gn-bw-lis-pt.geant.org 10-24-2023,0.3,KNN_Sklearn,110056530.17010014,72328735.46905899,90
esmond data perfsonar-sonda.rediris.es to psmp-gn-bw-lis-pt.geant.org 10-24-2023,0.3,Spline,201317953.09602875,114825722.39703473,90
esmond data perfsonar-sonda.rediris.es to psmp-gn-bw-lis-pt.geant.org 10-24-2023,0.3,Mean,110056530.17010014,72328735.46905899,90
esmond data perfsonar-sonda.rediris.es to psmp-gn-bw-lis-pt.geant.org 10-24-2023,0.3,LOCF,220154736.83856553,106961912.5,90
esmond data perfsonar-sonda.rediris.es to psmp-gn-bw-lis-pt.geant.org 10-24-2023,0.4,SVD_KNN,113837032.85933611,72526824.51446065,120
esmond data perfsonar-sonda.rediris.es to psmp-gn-bw-lis-pt.geant.org 10-24-2023,0.4,SVD_KNN_Hankel,113998895.99701877,70903283.56754874,120
esmond data perfsonar-sonda.rediris.es to psmp-gn-bw-lis-pt.geant.org 10-24-2023,0.4,Kalman,293872006.2782303,197786951.81338322,120
esmond data perfsonar-sonda.rediris.es to psmp-gn-bw-lis-pt.geant.org 10-24-2023,0.4,ARIMA,173228922.14996243,94195594.2721882,120
esmond data perfsonar-sonda.rediris.es to psmp-gn-bw-lis-pt.geant.org 10-24-2023,0.4,HoltWinters,130440396.12631196,87995480.28933527,120
esmond data perfsonar-sonda.rediris.es to psmp-gn-bw-lis-pt.geant.org 10-24-2023,0.4,Linear,150189311.77794582,85690339.75277779,120
esmond data perfsonar-sonda.rediris.es to psmp-gn-bw-lis-pt.geant.org 10-24-2023,0.4,KNN_Sklearn,112838089.78184022,70275295.7310056,120
esmond data perfsonar-sonda.rediris.es to psmp-gn-bw-lis-pt.geant.org 10-24-2023,0.4,Spline,226063882.06250152,131295545.49601,120
esmond data perfsonar-sonda.rediris.es to psmp-gn-bw-lis-pt.geant.org 10-24-2023,0.4,Mean,112838089.78184022,70275295.7310056,120
esmond data perfsonar-sonda.rediris.es to psmp-gn-bw-lis-pt.geant.org 10-24-2023,0.4,LOCF,199474461.4708903,98068146.35,120
esmond data perfsonar.restena.lu to psmp-gn-bw-lis-pt.geant.org 10-23-2023,0.1,SVD_KNN,63665546.659753546,39485776.68390533,105
esmond data perfsonar.restena.lu to psmp-gn-bw-lis-pt.geant.org 10-23-2023,0.1,SVD_KNN_Hankel,61187514.80462378,34406991.10942472,105
esmond data perfsonar.restena.lu to psmp-gn-bw-lis-pt.geant.org 10-23-2023,0.1,Kalman,179849250.0724787,85733510.45131296,105
esmond data perfsonar.restena.lu to psmp-gn-bw-lis-pt.geant.org 10-23-2023,0.1,ARIMA,63701485.69929961,46416232.76715339,105
esmond data perfsonar.restena.lu to psmp-gn-bw-lis-pt.geant.org 10-23-2023,0.1,HoltWinters,63969753.77152172,44116178.06271177,105
esmond data perfsonar.restena.lu to psmp-gn-bw-lis-pt.geant.org 10-23-2023,0.1,Linear,80146194.85470355,49974026.46955128,105
esmond data perfsonar.restena.lu to psmp-gn-bw-lis-pt.geant.org 10-23-2023,0.1,KNN_Sklearn,59562692.18182528,43684194.190239854,105
esmond data perfsonar.restena.lu to psmp-gn-bw-lis-pt.geant.org 10-23-2023,0.1,Spline,115292569.94871967,80585882.56250657,105
esmond data perfsonar.restena.lu to psmp-gn-bw-lis-pt.geant.org 10-23-2023,0.1,Mean,59562692.18182528,43684194.190239854,105
esmond data perfsonar.restena.lu to psmp-gn-bw-lis-pt.geant.org 10-23-2023,0.1,LOCF,95408599.91281691,51973283.240384616,105
esmond data perfsonar.restena.lu to psmp-gn-bw-lis-pt.geant.org 10-23-2023,0.2,SVD_KNN,77665106.05032985,41790338.91016445,208
esmond data perfsonar.restena.lu to psmp-gn-bw-lis-pt.geant.org 10-23-2023,0.2,SVD_KNN_Hankel,76893753.53863066,38752645.11297547,208
esmond data perfsonar.restena.lu to psmp-gn-bw-lis-pt.geant.org 10-23-2023,0.2,Kalman,159982002.04396173,92732404.810017,208
esmond data perfsonar.restena.lu to psmp-gn-bw-lis-pt.geant.org 10-23-2023,0.2,ARIMA,81003781.00452961,51198590.56095408,208
esmond data perfsonar.restena.lu to psmp-gn-bw-lis-pt.geant.org 10-23-2023,0.2,HoltWinters,76555524.95011212,47557678.428757966,208
esmond data perfsonar.restena.lu to psmp-gn-bw-lis-pt.geant.org 10-23-2023,0.2,Linear,91779629.73343398,56021466.33816425,208
esmond data perfsonar.restena.lu to psmp-gn-bw-lis-pt.geant.org 10-23-2023,0.2,KNN_Sklearn,73709097.14612365,47630898.16196132,208
esmond data perfsonar.restena.lu to psmp-gn-bw-lis-pt.geant.org 10-23-2023,0.2,Spline,124460557.95943987,82571062.46744919,208
esmond data perfsonar.restena.lu to psmp-gn-bw-lis-pt.geant.org 10-23-2023,0.2,Mean,73709097.14612365,47630898.16196132,208
esmond data perfsonar.restena.lu to psmp-gn-bw-lis-pt.geant.org 10-23-2023,0.2,LOCF,103902195.27109255,56558051.73913044,208
esmond data perfsonar.restena.lu to psmp-gn-bw-lis-pt.geant.org 10-23-2023,0.3,SVD_KNN,71867712.85284749,39546588.09185315,311
esmond data perfsonar.restena.lu to psmp-gn-bw-lis-pt.geant.org 10-23-2023,0.3,SVD_KNN_Hankel,71770773.26188365,35872836.99015954,311
esmond data perfsonar.restena.lu to psmp-gn-bw-lis-pt.geant.org 10-23-2023,0.3,Kalman,160039425.91946608,94769097.14091608,311
esmond data perfsonar.restena.lu to psmp-gn-bw-lis-pt.geant.org 10-23-2023,0.3,ARIMA,77734693.69013587,50220273.74828845,311
esmond data perfsonar.restena.lu to psmp-gn-bw-lis-pt.geant.org 10-23-2023,0.3,HoltWinters,72514981.60717848,47269265.80876119,311
esmond data perfsonar.restena.lu to psmp-gn-bw-lis-pt.geant.org 10-23-2023,0.3,Linear,88074574.35580876,54270965.06124424,311
esmond data perfsonar.restena.lu to psmp-gn-bw-lis-pt.geant.org 10-23-2023,0.3,KNN_Sklearn,69020110.06656563,45755125.806202106,311
esmond data perfsonar.restena.lu to psmp-gn-bw-lis-pt.geant.org 10-23-2023,0.3,Spline,119014392.49019693,77974624.3121257,311
esmond data perfsonar.restena.lu to psmp-gn-bw-lis-pt.geant.org 10-23-2023,0.3,Mean,69020110.06656563,45755125.806202106,311
esmond data perfsonar.restena.lu to psmp-gn-bw-lis-pt.geant.org 10-23-2023,0.3,LOCF,104200005.200797,58490196.86451613,311
esmond data perfsonar.restena.lu to psmp-gn-bw-lis-pt.geant.org 10-23-2023,0.4,SVD_KNN,80138158.77178404,42795235.7908297,415
esmond data perfsonar.restena.lu to psmp-gn-bw-lis-pt.geant.org 10-23-2023,0.4,SVD_KNN_Hankel,80180595.64164864,39948838.155344404,415
esmond data perfsonar.restena.lu to psmp-gn-bw-lis-pt.geant.org 10-23-2023,0.4,Kalman,158921530.75321174,96953307.16394706,415
esmond data perfsonar.restena.lu to psmp-gn-bw-lis-pt.geant.org 10-23-2023,0.4,ARIMA,93093549.3829922,54813383.55920203,415
esmond data perfsonar.restena.lu to psmp-gn-bw-lis-pt.geant.org 10-23-2023,0.4,HoltWinters,96988579.02145304,60316060.8590971,415
esmond data perfsonar.restena.lu to psmp-gn-bw-lis-pt.geant.org 10-23-2023,0.4,Linear,94561175.7294248,57320984.92961813,415
esmond data perfsonar.restena.lu to psmp-gn-bw-lis-pt.geant.org 10-23-2023,0.4,KNN_Sklearn,76052112.55202058,48095431.44433535,415
esmond data perfsonar.restena.lu to psmp-gn-bw-lis-pt.geant.org 10-23-2023,0.4,Spline,123146164.2519734,79037164.58377264,415
esmond data perfsonar.restena.lu to psmp-gn-bw-lis-pt.geant.org 10-23-2023,0.4,Mean,76052112.55202058,48095431.44433535,415
esmond data perfsonar.restena.lu to psmp-gn-bw-lis-pt.geant.org 10-23-2023,0.4,LOCF,110606592.7859948,63260541.0,415
esmond data psmall.lut.ac.uk to psmp-gn-bw-vie-at.geant.org 10-24-2023,0.1,SVD_KNN,320916690.83075243,171390735.86969846,88
esmond data psmall.lut.ac.uk to psmp-gn-bw-vie-at.geant.org 10-24-2023,0.1,SVD_KNN_Hankel,118406369.08734967,79438200.05620094,88
esmond data psmall.lut.ac.uk to psmp-gn-bw-vie-at.geant.org 10-24-2023,0.1,Kalman,170728412.67567953,110951510.01279475,88
esmond data psmall.lut.ac.uk to psmp-gn-bw-vie-at.geant.org 10-24-2023,0.1,ARIMA,95875946.73569648,64740324.888940744,88
esmond data psmall.lut.ac.uk to psmp-gn-bw-vie-at.geant.org 10-24-2023,0.1,HoltWinters,99390848.85271303,72530668.44053808,88
esmond data psmall.lut.ac.uk to psmp-gn-bw-vie-at.geant.org 10-24-2023,0.1,Linear,105169252.78678194,67880252.46553029,88
esmond data psmall.lut.ac.uk to psmp-gn-bw-vie-at.geant.org 10-24-2023,0.1,KNN_Sklearn,276426314.0308834,176223928.06789634,88
esmond data psmall.lut.ac.uk to psmp-gn-bw-vie-at.geant.org 10-24-2023,0.1,Spline,136796862.30587506,95375705.24492194,88
esmond data psmall.lut.ac.uk to psmp-gn-bw-vie-at.geant.org 10-24-2023,0.1,Mean,276426314.0308834,176223928.06789634,88
esmond data psmall.lut.ac.uk to psmp-gn-bw-vie-at.geant.org 10-24-2023,0.1,LOCF,103611882.11783978,61802243.28409091,88
esmond data psmall.lut.ac.uk to psmp-gn-bw-vie-at.geant.org 10-24-2023,0.2,SVD_KNN,333832977.6386778,185956769.5081147,177
esmond data psmall.lut.ac.uk to psmp-gn-bw-vie-at.geant.org 10-24-2023,0.2,SVD_KNN_Hankel,166119637.1814529,94882470.58003074,177
esmond data psmall.lut.ac.uk to psmp-gn-bw-vie-at.geant.org 10-24-2023,0.2,Kalman,207301776.40817273,136858396.28698424,177
esmond data psmall.lut.ac.uk to psmp-gn-bw-vie-at.geant.org 10-24-2023,0.2,ARIMA,121441775.7737275,74396489.46000187,177
esmond data psmall.lut.ac.uk to psmp-gn-bw-vie-at.geant.org 10-24-2023,0.2,HoltWinters,135451255.85114577,90620480.93044816,177
esmond data psmall.lut.ac.uk to psmp-gn-bw-vie-at.geant.org 10-24-2023,0.2,Linear,125972011.36976926,77993268.4472693,177
esmond data psmall.lut.ac.uk to psmp-gn-bw-vie-at.geant.org 10-24-2023,0.2,KNN_Sklearn,301042898.8578438,191663832.69049615,177
esmond data psmall.lut.ac.uk to psmp-gn-bw-vie-at.geant.org 10-24-2023,0.2,Spline,176948602.93103975,118010051.93012539,177
esmond data psmall.lut.ac.uk to psmp-gn-bw-vie-at.geant.org 10-24-2023,0.2,Mean,301042898.8578438,191663832.69049615,177
esmond data psmall.lut.ac.uk to psmp-gn-bw-vie-at.geant.org 10-24-2023,0.2,LOCF,137657188.68671504,78615037.3559322,177
esmond data psmall.lut.ac.uk to psmp-gn-bw-vie-at.geant.org 10-24-2023,0.3,SVD_KNN,332903080.6104308,188953973.8888183,265
esmond data psmall.lut.ac.uk to psmp-gn-bw-vie-at.geant.org 10-24-2023,0.3,SVD_KNN_Hankel,162763010.8661783,93893103.77456674,265
esmond data psmall.lut.ac.uk to psmp-gn-bw-vie-at.geant.org 10-24-2023,0.3,Kalman,213393361.77666357,145994284.17608514,265
esmond data psmall.lut.ac.uk to psmp-gn-bw-vie-at.geant.org 10-24-2023,0.3,ARIMA,112753007.97028325,72208806.90688254,265
esmond data psmall.lut.ac.uk to psmp-gn-bw-vie-at.geant.org 10-24-2023,0.3,HoltWinters,129132309.12148264,90832993.17410856,265
esmond data psmall.lut.ac.uk to psmp-gn-bw-vie-at.geant.org 10-24-2023,0.3,Linear,138343845.1872497,84254490.92314465,265
esmond data psmall.lut.ac.uk to psmp-gn-bw-vie-at.geant.org 10-24-2023,0.3,KNN_Sklearn,277904982.97249395,181959242.7481086,265
esmond data psmall.lut.ac.uk to psmp-gn-bw-vie-at.geant.org 10-24-2023,0.3,Spline,206054398.19816738,135286557.06200737,265
esmond data psmall.lut.ac.uk to psmp-gn-bw-vie-at.geant.org 10-24-2023,0.3,Mean,277904982.97249395,181959242.7481086,265
esmond data psmall.lut.ac.uk to psmp-gn-bw-vie-at.geant.org 10-24-2023,0.3,LOCF,134297622.8981145,77252604.69056603,265
esmond data psmall.lut.ac.uk to psmp-gn-bw-vie-at.geant.org 10-24-2023,0.4,SVD_KNN,354307450.36197996,204316628.27665734,354
esmond data psmall.lut.ac.uk to psmp-gn-bw-vie-at.geant.org 10-24-2023,0.4,SVD_KNN_Hankel,221828950.92743295,123237907.49324165,354
esmond data psmall.lut.ac.uk to psmp-gn-bw-vie-at.geant.org 10-24-2023,0.4,Kalman,218421591.6507656,146337936.9240615,354
esmond data psmall.lut.ac.uk to psmp-gn-bw-vie-at.geant.org 10-24-2023,0.4,ARIMA,124612998.40951493,79389937.36998154,354
esmond data psmall.lut.ac.uk to psmp-gn-bw-vie-at.geant.org 10-24-2023,0.4,HoltWinters,136967680.0518572,96652977.31599884,354
esmond data psmall.lut.ac.uk to psmp-gn-bw-vie-at.geant.org 10-24-2023,0.4,Linear,141765629.2177769,88209804.18239172,354
esmond data psmall.lut.ac.uk to psmp-gn-bw-vie-at.geant.org 10-24-2023,0.4,KNN_Sklearn,288414669.26318383,185178661.20309135,354
esmond data psmall.lut.ac.uk to psmp-gn-bw-vie-at.geant.org 10-24-2023,0.4,Spline,178249779.62389207,124980400.4657615,354
esmond data psmall.lut.ac.uk to psmp-gn-bw-vie-at.geant.org 10-24-2023,0.4,Mean,288414669.26318383,185178661.20309135,354
esmond data psmall.lut.ac.uk to psmp-gn-bw-vie-at.geant.org 10-24-2023,0.4,LOCF,144569995.11572632,86871875.6440678,354
esmond data psmp-gn-bw-lis-pt.geant.org to perfsonar-ankara.ulakbim.gov.tr 10-24-2023,0.1,SVD_KNN,25842650.77614962,21417477.365848776,100
esmond data psmp-gn-bw-lis-pt.geant.org to perfsonar-ankara.ulakbim.gov.tr 10-24-2023,0.1,SVD_KNN_Hankel,35313027.83349686,23673102.840484057,100
esmond data psmp-gn-bw-lis-pt.geant.org to perfsonar-ankara.ulakbim.gov.tr 10-24-2023,0.1,Kalman,62369779.00646328,39549707.76618742,100
esmond data psmp-gn-bw-lis-pt.geant.org to perfsonar-ankara.ulakbim.gov.tr 10-24-2023,0.1,ARIMA,37233632.54548379,25425590.592288423,100
esmond data psmp-gn-bw-lis-pt.geant.org to perfsonar-ankara.ulakbim.gov.tr 10-24-2023,0.1,HoltWinters,25428090.802400682,21673707.20817634,100
esmond data psmp-gn-bw-lis-pt.geant.org to perfsonar-ankara.ulakbim.gov.tr 10-24-2023,0.1,Linear,54408752.3402566,30103699.583333336,100
esmond data psmp-gn-bw-lis-pt.geant.org to perfsonar-ankara.ulakbim.gov.tr 10-24-2023,0.1,KNN_Sklearn,24068558.773131747,20608752.421365142,100
esmond data psmp-gn-bw-lis-pt.geant.org to perfsonar-ankara.ulakbim.gov.tr 10-24-2023,0.1,Spline,150500024.98413765,47773833.5041611,100
esmond data psmp-gn-bw-lis-pt.geant.org to perfsonar-ankara.ulakbim.gov.tr 10-24-2023,0.1,Mean,24068558.773131747,20608752.421365142,100
esmond data psmp-gn-bw-lis-pt.geant.org to perfsonar-ankara.ulakbim.gov.tr 10-24-2023,0.1,LOCF,94947364.95034814,38173662.21,100
esmond data psmp-gn-bw-lis-pt.geant.org to perfsonar-ankara.ulakbim.gov.tr 10-24-2023,0.2,SVD_KNN,68732668.23267873,25824387.464615718,200
esmond data psmp-gn-bw-lis-pt.geant.org to perfsonar-ankara.ulakbim.gov.tr 10-24-2023,0.2,SVD_KNN_Hankel,67048061.71513795,24655516.813682098,200
esmond data psmp-gn-bw-lis-pt.geant.org to perfsonar-ankara.ulakbim.gov.tr 10-24-2023,0.2,Kalman,75711066.86300516,34845662.17258021,200
esmond data psmp-gn-bw-lis-pt.geant.org to perfsonar-ankara.ulakbim.gov.tr 10-24-2023,0.2,ARIMA,72685045.74021924,28979457.548962798,200
esmond data psmp-gn-bw-lis-pt.geant.org to perfsonar-ankara.ulakbim.gov.tr 10-24-2023,0.2,HoltWinters,68360560.14708842,27313007.738051783,200
esmond data psmp-gn-bw-lis-pt.geant.org to perfsonar-ankara.ulakbim.gov.tr 10-24-2023,0.2,Linear,74301830.98971127,31231996.178333335,200
esmond data psmp-gn-bw-lis-pt.geant.org to perfsonar-ankara.ulakbim.gov.tr 10-24-2023,0.2,KNN_Sklearn,67047950.31141018,24194887.508426957,200
esmond data psmp-gn-bw-lis-pt.geant.org to perfsonar-ankara.ulakbim.gov.tr 10-24-2023,0.2,Spline,119835060.41729662,43338705.8648555,200
esmond data psmp-gn-bw-lis-pt.geant.org to perfsonar-ankara.ulakbim.gov.tr 10-24-2023,0.2,Mean,67047950.31141018,24194887.508426957,200
esmond data psmp-gn-bw-lis-pt.geant.org to perfsonar-ankara.ulakbim.gov.tr 10-24-2023,0.2,LOCF,92859517.99042335,36729997.575,200
esmond data psmp-gn-bw-lis-pt.geant.org to perfsonar-ankara.ulakbim.gov.tr 10-24-2023,0.3,SVD_KNN,57926998.76269742,26479941.66847221,300
esmond data psmp-gn-bw-lis-pt.geant.org to perfsonar-ankara.ulakbim.gov.tr 10-24-2023,0.3,SVD_KNN_Hankel,68279137.1270361,26207958.66560675,300
esmond data psmp-gn-bw-lis-pt.geant.org to perfsonar-ankara.ulakbim.gov.tr 10-24-2023,0.3,Kalman,123194435.10823601,46678994.89273154,300
esmond data psmp-gn-bw-lis-pt.geant.org to perfsonar-ankara.ulakbim.gov.tr 10-24-2023,0.3,ARIMA,64852178.092538014,29118477.339932755,300
esmond data psmp-gn-bw-lis-pt.geant.org to perfsonar-ankara.ulakbim.gov.tr 10-24-2023,0.3,HoltWinters,58207047.84262797,25834971.68995896,300
esmond data psmp-gn-bw-lis-pt.geant.org to perfsonar-ankara.ulakbim.gov.tr 10-24-2023,0.3,Linear,63346848.65335971,29509252.008888885,300
esmond data psmp-gn-bw-lis-pt.geant.org to perfsonar-ankara.ulakbim.gov.tr 10-24-2023,0.3,KNN_Sklearn,56682667.91150503,23261876.291930582,300
esmond data psmp-gn-bw-lis-pt.geant.org to perfsonar-ankara.ulakbim.gov.tr 10-24-2023,0.3,Spline,100627888.89446627,41981383.40540091,300
esmond data psmp-gn-bw-lis-pt.geant.org to perfsonar-ankara.ulakbim.gov.tr 10-24-2023,0.3,Mean,56682667.91150503,23261876.291930582,300
esmond data psmp-gn-bw-lis-pt.geant.org to perfsonar-ankara.ulakbim.gov.tr 10-24-2023,0.3,LOCF,78839494.9161117,34599830.75333333,300
esmond data psmp-gn-bw-lis-pt.geant.org to perfsonar-ankara.ulakbim.gov.tr 10-24-2023,0.4,SVD_KNN,52042695.153357595,23906018.43997678,400
esmond data psmp-gn-bw-lis-pt.geant.org to perfsonar-ankara.ulakbim.gov.tr 10-24-2023,0.4,SVD_KNN_Hankel,55448899.9556018,24960692.963250842,400
esmond data psmp-gn-bw-lis-pt.geant.org to perfsonar-ankara.ulakbim.gov.tr 10-24-2023,0.4,Kalman,119183439.7898757,48464421.11567293,400
esmond data psmp-gn-bw-lis-pt.geant.org to perfsonar-ankara.ulakbim.gov.tr 10-24-2023,0.4,ARIMA,73781140.91570209,30168347.87958515,400
esmond data psmp-gn-bw-lis-pt.geant.org to perfsonar-ankara.ulakbim.gov.tr 10-24-2023,0.4,HoltWinters,52886062.8664913,25545642.66362782,400
esmond data psmp-gn-bw-lis-pt.geant.org to perfsonar-ankara.ulakbim.gov.tr 10-24-2023,0.4,Linear,57366718.8693557,28980153.241928566,400
esmond data psmp-gn-bw-lis-pt.geant.org to perfsonar-ankara.ulakbim.gov.tr 10-24-2023,0.4,KNN_Sklearn,50697656.16854023,22650156.529584028,400
esmond data psmp-gn-bw-lis-pt.geant.org to perfsonar-ankara.ulakbim.gov.tr 10-24-2023,0.4,Spline,92184907.35463995,43402642.340586185,400
esmond data psmp-gn-bw-lis-pt.geant.org to perfsonar-ankara.ulakbim.gov.tr 10-24-2023,0.4,Mean,50697656.16854023,22650156.529584028,400
esmond data psmp-gn-bw-lis-pt.geant.org to perfsonar-ankara.ulakbim.gov.tr 10-24-2023,0.4,LOCF,70229730.09331532,32651919.28822055,400
esmond data psmp-gn-bw-lis-pt.geant.org to perfsonar.restena.lu 10-24-2023,0.1,SVD_KNN,96777782.51187328,77167150.0743929,110
esmond data psmp-gn-bw-lis-pt.geant.org to perfsonar.restena.lu 10-24-2023,0.1,SVD_KNN_Hankel,97730327.73871052,76800596.21981692,110
esmond data psmp-gn-bw-lis-pt.geant.org to perfsonar.restena.lu 10-24-2023,0.1,Kalman,137140190.77710494,110344972.78201541,110
esmond data psmp-gn-bw-lis-pt.geant.org to perfsonar.restena.lu 10-24-2023,0.1,ARIMA,96683178.8756252,79056615.38031673,110
esmond data psmp-gn-bw-lis-pt.geant.org to perfsonar.restena.lu 10-24-2023,0.1,HoltWinters,94625987.37021068,77675550.76322444,110
esmond data psmp-gn-bw-lis-pt.geant.org to perfsonar.restena.lu 10-24-2023,0.1,Linear,123550985.45230286,100064301.64848484,110
esmond data psmp-gn-bw-lis-pt.geant.org to perfsonar.restena.lu 10-24-2023,0.1,KNN_Sklearn,91106431.55961362,74456894.61796209,110
esmond data psmp-gn-bw-lis-pt.geant.org to perfsonar.restena.lu 10-24-2023,0.1,Spline,160698592.15982598,126907196.6302191,110
esmond data psmp-gn-bw-lis-pt.geant.org to perfsonar.restena.lu 10-24-2023,0.1,Mean,91106431.55961362,74456894.61796209,110
esmond data psmp-gn-bw-lis-pt.geant.org to perfsonar.restena.lu 10-24-2023,0.1,LOCF,143558913.7228426,113180609.94545455,110
esmond data psmp-gn-bw-lis-pt.geant.org to perfsonar.restena.lu 10-24-2023,0.2,SVD_KNN,89102850.29885265,70017711.15686023,221
esmond data psmp-gn-bw-lis-pt.geant.org to perfsonar.restena.lu 10-24-2023,0.2,SVD_KNN_Hankel,89968381.01565155,69351067.44716544,221
esmond data psmp-gn-bw-lis-pt.geant.org to perfsonar.restena.lu 10-24-2023,0.2,Kalman,155305466.29614982,105558665.0489905,221
esmond data psmp-gn-bw-lis-pt.geant.org to perfsonar.restena.lu 10-24-2023,0.2,ARIMA,90092227.72652481,74061539.58344711,221
esmond data psmp-gn-bw-lis-pt.geant.org to perfsonar.restena.lu 10-24-2023,0.2,HoltWinters,91754603.47387883,74545186.27933602,221
esmond data psmp-gn-bw-lis-pt.geant.org to perfsonar.restena.lu 10-24-2023,0.2,Linear,111597553.47582652,86327409.94223227,221
esmond data psmp-gn-bw-lis-pt.geant.org to perfsonar.restena.lu 10-24-2023,0.2,KNN_Sklearn,84524398.21122378,69069905.45112917,221
esmond data psmp-gn-bw-lis-pt.geant.org to perfsonar.restena.lu 10-24-2023,0.2,Spline,158516496.99992856,116033053.15234818,221
esmond data psmp-gn-bw-lis-pt.geant.org to perfsonar.restena.lu 10-24-2023,0.2,Mean,84524398.21122378,69069905.45112917,221
esmond data psmp-gn-bw-lis-pt.geant.org to perfsonar.restena.lu 10-24-2023,0.2,LOCF,129306009.60941981,97465894.760181,221
esmond data psmp-gn-bw-lis-pt.geant.org to perfsonar.restena.lu 10-24-2023,0.3,SVD_KNN,87441364.06286362,67233647.1064373,331
esmond data psmp-gn-bw-lis-pt.geant.org to perfsonar.restena.lu 10-24-2023,0.3,SVD_KNN_Hankel,88988317.65519881,67368148.95730162,331
esmond data psmp-gn-bw-lis-pt.geant.org to perfsonar.restena.lu 10-24-2023,0.3,Kalman,163338405.55345535,117457616.82150356,331
esmond data psmp-gn-bw-lis-pt.geant.org to perfsonar.restena.lu 10-24-2023,0.3,ARIMA,93557793.26720354,75364864.10336939,331
esmond data psmp-gn-bw-lis-pt.geant.org to perfsonar.restena.lu 10-24-2023,0.3,HoltWinters,93547632.85333088,74529127.0852515,331
esmond data psmp-gn-bw-lis-pt.geant.org to perfsonar.restena.lu 10-24-2023,0.3,Linear,109163900.33098611,85288989.42235649,331
esmond data psmp-gn-bw-lis-pt.geant.org to perfsonar.restena.lu 10-24-2023,0.3,KNN_Sklearn,84480505.55496769,68332163.38694568,331
esmond data psmp-gn-bw-lis-pt.geant.org to perfsonar.restena.lu 10-24-2023,0.3,Spline,146123306.6384399,109382210.47707044,331
esmond data psmp-gn-bw-lis-pt.geant.org to perfsonar.restena.lu 10-24-2023,0.3,Mean,84480505.55496769,68332163.38694568,331
esmond data psmp-gn-bw-lis-pt.geant.org to perfsonar.restena.lu 10-24-2023,0.3,LOCF,126093063.39014015,94545728.64652568,331
esmond data psmp-gn-bw-lis-pt.geant.org to perfsonar.restena.lu 10-24-2023,0.4,SVD_KNN,85756131.91945389,65614189.77865663,441
esmond data psmp-gn-bw-lis-pt.geant.org to perfsonar.restena.lu 10-24-2023,0.4,SVD_KNN_Hankel,85232154.82985859,63865980.09777374,441
esmond data psmp-gn-bw-lis-pt.geant.org to perfsonar.restena.lu 10-24-2023,0.4,Kalman,173568059.26891652,122793522.80937204,441
esmond data psmp-gn-bw-lis-pt.geant.org to perfsonar.restena.lu 10-24-2023,0.4,ARIMA,95397780.81511201,75035678.65985353,441
esmond data psmp-gn-bw-lis-pt.geant.org to perfsonar.restena.lu 10-24-2023,0.4,HoltWinters,106625096.94743507,82532673.76010688,441
esmond data psmp-gn-bw-lis-pt.geant.org to perfsonar.restena.lu 10-24-2023,0.4,Linear,106499839.19037014,82949455.69312169,441
esmond data psmp-gn-bw-lis-pt.geant.org to perfsonar.restena.lu 10-24-2023,0.4,KNN_Sklearn,82956538.50710769,66961123.44512609,441
esmond data psmp-gn-bw-lis-pt.geant.org to perfsonar.restena.lu 10-24-2023,0.4,Spline,146916288.1816173,111419461.25630966,441
esmond data psmp-gn-bw-lis-pt.geant.org to perfsonar.restena.lu 10-24-2023,0.4,Mean,82956538.50710769,66961123.44512609,441
esmond data psmp-gn-bw-lis-pt.geant.org to perfsonar.restena.lu 10-24-2023,0.4,LOCF,121685561.6164955,90580015.40136054,441
esmond data psmp-gn-bw-poz-pl.geant.org to perfsonar-ankara.ulakbim.gov.tr 10-24-2023,0.1,SVD_KNN,28047005.20189811,17505588.26850723,102
esmond data psmp-gn-bw-poz-pl.geant.org to perfsonar-ankara.ulakbim.gov.tr 10-24-2023,0.1,SVD_KNN_Hankel,26350781.34183747,15540769.199212901,102
esmond data psmp-gn-bw-poz-pl.geant.org to perfsonar-ankara.ulakbim.gov.tr 10-24-2023,0.1,Kalman,147017947.098916,38824132.47448952,102
esmond data psmp-gn-bw-poz-pl.geant.org to perfsonar-ankara.ulakbim.gov.tr 10-24-2023,0.1,ARIMA,35901713.05619569,19375835.79539726,102
esmond data psmp-gn-bw-poz-pl.geant.org to perfsonar-ankara.ulakbim.gov.tr 10-24-2023,0.1,HoltWinters,23744300.37381933,14779590.503345022,102
esmond data psmp-gn-bw-poz-pl.geant.org to perfsonar-ankara.ulakbim.gov.tr 10-24-2023,0.1,Linear,29499784.344627604,19040776.84640523,102
esmond data psmp-gn-bw-poz-pl.geant.org to perfsonar-ankara.ulakbim.gov.tr 10-24-2023,0.1,KNN_Sklearn,25751250.28105417,15174055.822116623,102
esmond data psmp-gn-bw-poz-pl.geant.org to perfsonar-ankara.ulakbim.gov.tr 10-24-2023,0.1,Spline,33852855.29141356,23023170.574671153,102
esmond data psmp-gn-bw-poz-pl.geant.org to perfsonar-ankara.ulakbim.gov.tr 10-24-2023,0.1,Mean,25751250.28105417,15174055.822116623,102
esmond data psmp-gn-bw-poz-pl.geant.org to perfsonar-ankara.ulakbim.gov.tr 10-24-2023,0.1,LOCF,32270423.452839296,20924708.87254902,102
esmond data psmp-gn-bw-poz-pl.geant.org to perfsonar-ankara.ulakbim.gov.tr 10-24-2023,0.2,SVD_KNN,24056833.83701154,17200487.563211367,204
esmond data psmp-gn-bw-poz-pl.geant.org to perfsonar-ankara.ulakbim.gov.tr 10-24-2023,0.2,SVD_KNN_Hankel,23909458.229420323,16389824.231105313,204
esmond data psmp-gn-bw-poz-pl.geant.org to perfsonar-ankara.ulakbim.gov.tr 10-24-2023,0.2,Kalman,107128900.14360568,31761932.641218327,204
esmond data psmp-gn-bw-poz-pl.geant.org to perfsonar-ankara.ulakbim.gov.tr 10-24-2023,0.2,ARIMA,28552634.293019217,17465929.63050554,204
esmond data psmp-gn-bw-poz-pl.geant.org to perfsonar-ankara.ulakbim.gov.tr 10-24-2023,0.2,HoltWinters,21625597.9631745,15163075.638903126,204
esmond data psmp-gn-bw-poz-pl.geant.org to perfsonar-ankara.ulakbim.gov.tr 10-24-2023,0.2,Linear,25972540.919283886,18257236.683006536,204
esmond data psmp-gn-bw-poz-pl.geant.org to perfsonar-ankara.ulakbim.gov.tr 10-24-2023,0.2,KNN_Sklearn,22257837.069519486,15057107.70040227,204
esmond data psmp-gn-bw-poz-pl.geant.org to perfsonar-ankara.ulakbim.gov.tr 10-24-2023,0.2,Spline,32428904.618737325,23390573.06278055,204
esmond data psmp-gn-bw-poz-pl.geant.org to perfsonar-ankara.ulakbim.gov.tr 10-24-2023,0.2,Mean,22257837.069519486,15057107.70040227,204
esmond data psmp-gn-bw-poz-pl.geant.org to perfsonar-ankara.ulakbim.gov.tr 10-24-2023,0.2,LOCF,29089956.692996114,20559677.666666668,204
esmond data psmp-gn-bw-poz-pl.geant.org to perfsonar-ankara.ulakbim.gov.tr 10-24-2023,0.3,SVD_KNN,22757053.243879925,16457779.984999778,305
esmond data psmp-gn-bw-poz-pl.geant.org to perfsonar-ankara.ulakbim.gov.tr 10-24-2023,0.3,SVD_KNN_Hankel,21193717.95106811,15428242.171390869,305
esmond data psmp-gn-bw-poz-pl.geant.org to perfsonar-ankara.ulakbim.gov.tr 10-24-2023,0.3,Kalman,122969354.15733425,42051240.25570019,305
esmond data psmp-gn-bw-poz-pl.geant.org to perfsonar-ankara.ulakbim.gov.tr 10-24-2023,0.3,ARIMA,29940301.538474992,18118199.533380825,305
esmond data psmp-gn-bw-poz-pl.geant.org to perfsonar-ankara.ulakbim.gov.tr 10-24-2023,0.3,HoltWinters,21298443.255177233,15136269.752703778,305
esmond data psmp-gn-bw-poz-pl.geant.org to perfsonar-ankara.ulakbim.gov.tr 10-24-2023,0.3,Linear,24400642.445014615,17639912.61081967,305
esmond data psmp-gn-bw-poz-pl.geant.org to perfsonar-ankara.ulakbim.gov.tr 10-24-2023,0.3,KNN_Sklearn,21439585.332546305,15247574.410305105,305
esmond data psmp-gn-bw-poz-pl.geant.org to perfsonar-ankara.ulakbim.gov.tr 10-24-2023,0.3,Spline,30805317.497719623,23414950.850230735,305
esmond data psmp-gn-bw-poz-pl.geant.org to perfsonar-ankara.ulakbim.gov.tr 10-24-2023,0.3,Mean,21439585.332546305,15247574.410305105,305
esmond data psmp-gn-bw-poz-pl.geant.org to perfsonar-ankara.ulakbim.gov.tr 10-24-2023,0.3,LOCF,26801780.31052562,19306360.773770493,305
esmond data psmp-gn-bw-poz-pl.geant.org to perfsonar-ankara.ulakbim.gov.tr 10-24-2023,0.4,SVD_KNN,41053567.517745145,18828410.737300538,407
esmond data psmp-gn-bw-poz-pl.geant.org to perfsonar-ankara.ulakbim.gov.tr 10-24-2023,0.4,SVD_KNN_Hankel,39378679.15096129,17501290.963194907,407
esmond data psmp-gn-bw-poz-pl.geant.org to perfsonar-ankara.ulakbim.gov.tr 10-24-2023,0.4,Kalman,117904497.67757967,39178725.44935501,407
esmond data psmp-gn-bw-poz-pl.geant.org to perfsonar-ankara.ulakbim.gov.tr 10-24-2023,0.4,ARIMA,61183898.75234923,22264522.33648071,407
esmond data psmp-gn-bw-poz-pl.geant.org to perfsonar-ankara.ulakbim.gov.tr 10-24-2023,0.4,HoltWinters,39583505.17948522,17045892.545289863,407
esmond data psmp-gn-bw-poz-pl.geant.org to perfsonar-ankara.ulakbim.gov.tr 10-24-2023,0.4,Linear,40713127.01883851,19312434.80909091,407
esmond data psmp-gn-bw-poz-pl.geant.org to perfsonar-ankara.ulakbim.gov.tr 10-24-2023,0.4,KNN_Sklearn,39225917.250226766,16808670.66365204,407
esmond data psmp-gn-bw-poz-pl.geant.org to perfsonar-ankara.ulakbim.gov.tr 10-24-2023,0.4,Spline,44941837.42372665,24780574.798396304,407
esmond data psmp-gn-bw-poz-pl.geant.org to perfsonar-ankara.ulakbim.gov.tr 10-24-2023,0.4,Mean,39225917.250226766,16808670.66365204,407
esmond data psmp-gn-bw-poz-pl.geant.org to perfsonar-ankara.ulakbim.gov.tr 10-24-2023,0.4,LOCF,41290722.41501684,21253318.86453202,407
esmond data psmp-gn-bw-poz-pl.geant.org to pspmp-anella.csuc.cat 10-24-2023,0.1,SVD_KNN,53439841.01820216,38982245.59444148,123
esmond data psmp-gn-bw-poz-pl.geant.org to pspmp-anella.csuc.cat 10-24-2023,0.1,SVD_KNN_Hankel,50418451.99218217,35765501.26206492,123
esmond data psmp-gn-bw-poz-pl.geant.org to pspmp-anella.csuc.cat 10-24-2023,0.1,Kalman,77327560.23249489,58986300.73803176,123
esmond data psmp-gn-bw-poz-pl.geant.org to pspmp-anella.csuc.cat 10-24-2023,0.1,ARIMA,51377582.51618261,39820577.2244843,123
esmond data psmp-gn-bw-poz-pl.geant.org to pspmp-anella.csuc.cat 10-24-2023,0.1,HoltWinters,51106926.04654637,39480698.68726907,123
esmond data psmp-gn-bw-poz-pl.geant.org to pspmp-anella.csuc.cat 10-24-2023,0.1,Linear,73567582.04196328,57783906.41056911,123
esmond data psmp-gn-bw-poz-pl.geant.org to pspmp-anella.csuc.cat 10-24-2023,0.1,KNN_Sklearn,49172184.88996414,36959085.77454489,123
esmond data psmp-gn-bw-poz-pl.geant.org to pspmp-anella.csuc.cat 10-24-2023,0.1,Spline,113914829.30778363,81724263.55202076,123
esmond data psmp-gn-bw-poz-pl.geant.org to pspmp-anella.csuc.cat 10-24-2023,0.1,Mean,49172184.88996414,36959085.77454489,123
esmond data psmp-gn-bw-poz-pl.geant.org to pspmp-anella.csuc.cat 10-24-2023,0.1,LOCF,82616174.69028455,61379809.406504065,123
esmond data psmp-gn-bw-poz-pl.geant.org to pspmp-anella.csuc.cat 10-24-2023,0.2,SVD_KNN,56084141.26308642,40497206.834136434,245
esmond data psmp-gn-bw-poz-pl.geant.org to pspmp-anella.csuc.cat 10-24-2023,0.2,SVD_KNN_Hankel,55422810.17652247,38920070.48476645,245
esmond data psmp-gn-bw-poz-pl.geant.org to pspmp-anella.csuc.cat 10-24-2023,0.2,Kalman,89442231.89306736,67821636.9335955,245
esmond data psmp-gn-bw-poz-pl.geant.org to pspmp-anella.csuc.cat 10-24-2023,0.2,ARIMA,57593879.279317625,43462863.85385785,245
esmond data psmp-gn-bw-poz-pl.geant.org to pspmp-anella.csuc.cat 10-24-2023,0.2,HoltWinters,55861334.35454641,42689939.11685414,245
esmond data psmp-gn-bw-poz-pl.geant.org to pspmp-anella.csuc.cat 10-24-2023,0.2,Linear,73128444.39398736,55474082.35210884,245
esmond data psmp-gn-bw-poz-pl.geant.org to pspmp-anella.csuc.cat 10-24-2023,0.2,KNN_Sklearn,53659930.29876066,39176217.90802611,245
esmond data psmp-gn-bw-poz-pl.geant.org to pspmp-anella.csuc.cat 10-24-2023,0.2,Spline,105123954.02166444,75278001.4454035,245
esmond data psmp-gn-bw-poz-pl.geant.org to pspmp-anella.csuc.cat 10-24-2023,0.2,Mean,53659930.29876066,39176217.90802611,245
esmond data psmp-gn-bw-poz-pl.geant.org to pspmp-anella.csuc.cat 10-24-2023,0.2,LOCF,89681731.04637419,63947885.0,245
esmond data psmp-gn-bw-poz-pl.geant.org to pspmp-anella.csuc.cat 10-24-2023,0.3,SVD_KNN,61204537.28847371,43539926.48463298,368
esmond data psmp-gn-bw-poz-pl.geant.org to pspmp-anella.csuc.cat 10-24-2023,0.3,SVD_KNN_Hankel,57585951.307562016,40262155.26892506,368
esmond data psmp-gn-bw-poz-pl.geant.org to pspmp-anella.csuc.cat 10-24-2023,0.3,Kalman,127911029.24061005,78094616.20939702,368
esmond data psmp-gn-bw-poz-pl.geant.org to pspmp-anella.csuc.cat 10-24-2023,0.3,ARIMA,63229050.81522339,47107691.50096547,368
esmond data psmp-gn-bw-poz-pl.geant.org to pspmp-anella.csuc.cat 10-24-2023,0.3,HoltWinters,63229844.75114194,46084461.605156876,368
esmond data psmp-gn-bw-poz-pl.geant.org to pspmp-anella.csuc.cat 10-24-2023,0.3,Linear,74491201.74466264,57638374.8236413,368
esmond data psmp-gn-bw-poz-pl.geant.org to pspmp-anella.csuc.cat 10-24-2023,0.3,KNN_Sklearn,55053828.04478019,39454887.09793682,368
esmond data psmp-gn-bw-poz-pl.geant.org to pspmp-anella.csuc.cat 10-24-2023,0.3,Spline,105834699.32426059,79330048.45170316,368
esmond data psmp-gn-bw-poz-pl.geant.org to pspmp-anella.csuc.cat 10-24-2023,0.3,Mean,55053828.04478019,39454887.09793682,368
esmond data psmp-gn-bw-poz-pl.geant.org to pspmp-anella.csuc.cat 10-24-2023,0.3,LOCF,88229318.72144298,63858950.10326087,368
esmond data psmp-gn-bw-poz-pl.geant.org to pspmp-anella.csuc.cat 10-24-2023,0.4,SVD_KNN,63645233.4211289,47470769.22236304,491
esmond data psmp-gn-bw-poz-pl.geant.org to pspmp-anella.csuc.cat 10-24-2023,0.4,SVD_KNN_Hankel,59455970.844833545,40194175.52275373,491
esmond data psmp-gn-bw-poz-pl.geant.org to pspmp-anella.csuc.cat 10-24-2023,0.4,Kalman,136257235.1437402,85887180.67506793,491
esmond data psmp-gn-bw-poz-pl.geant.org to pspmp-anella.csuc.cat 10-24-2023,0.4,ARIMA,65166376.200328894,48275224.05341833,491
esmond data psmp-gn-bw-poz-pl.geant.org to pspmp-anella.csuc.cat 10-24-2023,0.4,HoltWinters,73054545.07184745,56407861.736245014,491
esmond data psmp-gn-bw-poz-pl.geant.org to pspmp-anella.csuc.cat 10-24-2023,0.4,Linear,74810045.79643774,56574251.02841625,491
esmond data psmp-gn-bw-poz-pl.geant.org to pspmp-anella.csuc.cat 10-24-2023,0.4,KNN_Sklearn,57040673.2305431,40504862.69188601,491
esmond data psmp-gn-bw-poz-pl.geant.org to pspmp-anella.csuc.cat 10-24-2023,0.4,Spline,118440681.86276624,83947041.17111106,491
esmond data psmp-gn-bw-poz-pl.geant.org to pspmp-anella.csuc.cat 10-24-2023,0.4,Mean,57040673.2305431,40504862.69188601,491
esmond data psmp-gn-bw-poz-pl.geant.org to pspmp-anella.csuc.cat 10-24-2023,0.4,LOCF,85522855.41170551,62102393.892057024,491
esmond data psmp-gn-bw-vie-at.geant.org to psmall.lut.ac.uk 10-24-2023,0.1,SVD_KNN,43398694.87524058,31903854.802488998,110
esmond data psmp-gn-bw-vie-at.geant.org to psmall.lut.ac.uk 10-24-2023,0.1,SVD_KNN_Hankel,42999004.65135675,30628452.471631084,110
esmond data psmp-gn-bw-vie-at.geant.org to psmall.lut.ac.uk 10-24-2023,0.1,Kalman,54787007.14771606,44338685.89596239,110
esmond data psmp-gn-bw-vie-at.geant.org to psmall.lut.ac.uk 10-24-2023,0.1,ARIMA,40956468.286245644,30786318.411333766,110
esmond data psmp-gn-bw-vie-at.geant.org to psmall.lut.ac.uk 10-24-2023,0.1,HoltWinters,42101574.576237366,31764904.098875947,110
esmond data psmp-gn-bw-vie-at.geant.org to psmall.lut.ac.uk 10-24-2023,0.1,Linear,50254202.201595984,37556747.21363636,110
esmond data psmp-gn-bw-vie-at.geant.org to psmall.lut.ac.uk 10-24-2023,0.1,KNN_Sklearn,40598541.13584988,30302270.863123175,110
esmond data psmp-gn-bw-vie-at.geant.org to psmall.lut.ac.uk 10-24-2023,0.1,Spline,62879141.83379222,49031500.71659542,110
esmond data psmp-gn-bw-vie-at.geant.org to psmall.lut.ac.uk 10-24-2023,0.1,Mean,40598541.13584988,30302270.863123175,110
esmond data psmp-gn-bw-vie-at.geant.org to psmall.lut.ac.uk 10-24-2023,0.1,LOCF,49401874.986223325,36667966.654545456,110
esmond data psmp-gn-bw-vie-at.geant.org to psmall.lut.ac.uk 10-24-2023,0.2,SVD_KNN,42863123.4144545,30749033.800908227,220
esmond data psmp-gn-bw-vie-at.geant.org to psmall.lut.ac.uk 10-24-2023,0.2,SVD_KNN_Hankel,42950054.131014,29847523.106895827,220
esmond data psmp-gn-bw-vie-at.geant.org to psmall.lut.ac.uk 10-24-2023,0.2,Kalman,64981741.24279798,50085006.805335246,220
esmond data psmp-gn-bw-vie-at.geant.org to psmall.lut.ac.uk 10-24-2023,0.2,ARIMA,42448865.37151883,30279841.21433266,220
esmond data psmp-gn-bw-vie-at.geant.org to psmall.lut.ac.uk 10-24-2023,0.2,HoltWinters,45240914.61994571,32319585.975439884,220
esmond data psmp-gn-bw-vie-at.geant.org to psmall.lut.ac.uk 10-24-2023,0.2,Linear,52523794.11691987,39093704.338787876,220
esmond data psmp-gn-bw-vie-at.geant.org to psmall.lut.ac.uk 10-24-2023,0.2,KNN_Sklearn,41061385.38079674,29154774.22952999,220
esmond data psmp-gn-bw-vie-at.geant.org to psmall.lut.ac.uk 10-24-2023,0.2,Spline,72904254.16985996,55820248.48820716,220
esmond data psmp-gn-bw-vie-at.geant.org to psmall.lut.ac.uk 10-24-2023,0.2,Mean,41061385.38079674,29154774.22952999,220
esmond data psmp-gn-bw-vie-at.geant.org to psmall.lut.ac.uk 10-24-2023,0.2,LOCF,54817467.28661957,40063905.05,220
esmond data psmp-gn-bw-vie-at.geant.org to psmall.lut.ac.uk 10-24-2023,0.3,SVD_KNN,46240657.5755062,31946712.860542804,331
esmond data psmp-gn-bw-vie-at.geant.org to psmall.lut.ac.uk 10-24-2023,0.3,SVD_KNN_Hankel,45916350.90233149,30841028.71834737,331
esmond data psmp-gn-bw-vie-at.geant.org to psmall.lut.ac.uk 10-24-2023,0.3,Kalman,69403496.27326657,51678868.20482299,331
esmond data psmp-gn-bw-vie-at.geant.org to psmall.lut.ac.uk 10-24-2023,0.3,ARIMA,45621277.69863467,32066872.79076985,331
esmond data psmp-gn-bw-vie-at.geant.org to psmall.lut.ac.uk 10-24-2023,0.3,HoltWinters,46108573.137762204,32470557.2692485,331
esmond data psmp-gn-bw-vie-at.geant.org to psmall.lut.ac.uk 10-24-2023,0.3,Linear,53982325.28084234,39593154.85609265,331
esmond data psmp-gn-bw-vie-at.geant.org to psmall.lut.ac.uk 10-24-2023,0.3,KNN_Sklearn,43384822.02195416,30537426.846544486,331
esmond data psmp-gn-bw-vie-at.geant.org to psmall.lut.ac.uk 10-24-2023,0.3,Spline,74948490.39625013,55087409.98442413,331
esmond data psmp-gn-bw-vie-at.geant.org to psmall.lut.ac.uk 10-24-2023,0.3,Mean,43384822.02195416,30537426.846544486,331
esmond data psmp-gn-bw-vie-at.geant.org to psmall.lut.ac.uk 10-24-2023,0.3,LOCF,57880151.48482541,41347531.97885197,331
esmond data psmp-gn-bw-vie-at.geant.org to psmall.lut.ac.uk 10-24-2023,0.4,SVD_KNN,43849928.742719606,31627517.35455215,441
esmond data psmp-gn-bw-vie-at.geant.org to psmall.lut.ac.uk 10-24-2023,0.4,SVD_KNN_Hankel,43592486.177461125,30033159.274179265,441
esmond data psmp-gn-bw-vie-at.geant.org to psmall.lut.ac.uk 10-24-2023,0.4,Kalman,70793641.1525099,53612604.73813561,441
esmond data psmp-gn-bw-vie-at.geant.org to psmall.lut.ac.uk 10-24-2023,0.4,ARIMA,44919952.23540736,31836236.10646033,441
esmond data psmp-gn-bw-vie-at.geant.org to psmall.lut.ac.uk 10-24-2023,0.4,HoltWinters,47322135.245731,33694321.11189631,441
esmond data psmp-gn-bw-vie-at.geant.org to psmall.lut.ac.uk 10-24-2023,0.4,Linear,51864724.01640806,37677920.769161,441
esmond data psmp-gn-bw-vie-at.geant.org to psmall.lut.ac.uk 10-24-2023,0.4,KNN_Sklearn,42265626.40853903,29953143.554975796,441
esmond data psmp-gn-bw-vie-at.geant.org to psmall.lut.ac.uk 10-24-2023,0.4,Spline,147799433.67806292,60286701.76547735,441
esmond data psmp-gn-bw-vie-at.geant.org to psmall.lut.ac.uk 10-24-2023,0.4,Mean,42265626.40853903,29953143.554975796,441
esmond data psmp-gn-bw-vie-at.geant.org to psmall.lut.ac.uk 10-24-2023,0.4,LOCF,56119881.24914385,40639527.54648526,441
esmond data pspmp-anella.csuc.cat to psmp-gn-bw-poz-pl.geant.org 10-24-2023,0.1,SVD_KNN,95782729.67207393,70533807.99788958,73
esmond data pspmp-anella.csuc.cat to psmp-gn-bw-poz-pl.geant.org 10-24-2023,0.1,SVD_KNN_Hankel,96367733.559127,71199940.84563448,73
esmond data pspmp-anella.csuc.cat to psmp-gn-bw-poz-pl.geant.org 10-24-2023,0.1,Kalman,145579807.2310613,107400016.89414293,73
esmond data pspmp-anella.csuc.cat to psmp-gn-bw-poz-pl.geant.org 10-24-2023,0.1,ARIMA,90308976.86465052,72593455.13814792,73
esmond data pspmp-anella.csuc.cat to psmp-gn-bw-poz-pl.geant.org 10-24-2023,0.1,HoltWinters,89394443.54162094,73453012.47801846,73
esmond data pspmp-anella.csuc.cat to psmp-gn-bw-poz-pl.geant.org 10-24-2023,0.1,Linear,110260449.00429569,81883465.85616438,73
esmond data pspmp-anella.csuc.cat to psmp-gn-bw-poz-pl.geant.org 10-24-2023,0.1,KNN_Sklearn,89858308.69848563,70937947.24234916,73
esmond data pspmp-anella.csuc.cat to psmp-gn-bw-poz-pl.geant.org 10-24-2023,0.1,Spline,162364049.99751472,117625359.70988405,73
esmond data pspmp-anella.csuc.cat to psmp-gn-bw-poz-pl.geant.org 10-24-2023,0.1,Mean,89858308.69848563,70937947.24234916,73
esmond data pspmp-anella.csuc.cat to psmp-gn-bw-poz-pl.geant.org 10-24-2023,0.1,LOCF,117493449.69880143,84097169.1780822,73
esmond data pspmp-anella.csuc.cat to psmp-gn-bw-poz-pl.geant.org 10-24-2023,0.2,SVD_KNN,89959399.52217586,65517624.15662483,146
esmond data pspmp-anella.csuc.cat to psmp-gn-bw-poz-pl.geant.org 10-24-2023,0.2,SVD_KNN_Hankel,93274535.33187418,65782161.29086983,146
esmond data pspmp-anella.csuc.cat to psmp-gn-bw-poz-pl.geant.org 10-24-2023,0.2,Kalman,178685958.55175418,121625876.43449904,146
esmond data pspmp-anella.csuc.cat to psmp-gn-bw-poz-pl.geant.org 10-24-2023,0.2,ARIMA,94186139.41032158,73834198.61766094,146
esmond data pspmp-anella.csuc.cat to psmp-gn-bw-poz-pl.geant.org 10-24-2023,0.2,HoltWinters,93886570.53932911,73187731.4809537,146
esmond data pspmp-anella.csuc.cat to psmp-gn-bw-poz-pl.geant.org 10-24-2023,0.2,Linear,111080369.73082641,82663945.11780822,146
esmond data pspmp-anella.csuc.cat to psmp-gn-bw-poz-pl.geant.org 10-24-2023,0.2,KNN_Sklearn,89066934.67021921,70265846.92014986,146
esmond data pspmp-anella.csuc.cat to psmp-gn-bw-poz-pl.geant.org 10-24-2023,0.2,Spline,152218474.47357228,113705273.5285867,146
esmond data pspmp-anella.csuc.cat to psmp-gn-bw-poz-pl.geant.org 10-24-2023,0.2,Mean,89066934.67021921,70265846.92014986,146
esmond data pspmp-anella.csuc.cat to psmp-gn-bw-poz-pl.geant.org 10-24-2023,0.2,LOCF,122213592.58242188,88536032.80821918,146
esmond data pspmp-anella.csuc.cat to psmp-gn-bw-poz-pl.geant.org 10-24-2023,0.3,SVD_KNN,99432779.89056714,71771444.85310644,219
esmond data pspmp-anella.csuc.cat to psmp-gn-bw-poz-pl.geant.org 10-24-2023,0.3,SVD_KNN_Hankel,96685837.34259483,67372602.86525665,219
esmond data pspmp-anella.csuc.cat to psmp-gn-bw-poz-pl.geant.org 10-24-2023,0.3,Kalman,174163248.3443114,115960227.96312755,219
esmond data pspmp-anella.csuc.cat to psmp-gn-bw-poz-pl.geant.org 10-24-2023,0.3,ARIMA,92392762.06042784,72136230.58756004,219
esmond data pspmp-anella.csuc.cat to psmp-gn-bw-poz-pl.geant.org 10-24-2023,0.3,HoltWinters,99332765.73610494,74305171.40113927,219
esmond data pspmp-anella.csuc.cat to psmp-gn-bw-poz-pl.geant.org 10-24-2023,0.3,Linear,111625645.03527416,84124542.80776256,219
esmond data pspmp-anella.csuc.cat to psmp-gn-bw-poz-pl.geant.org 10-24-2023,0.3,KNN_Sklearn,88702208.18428901,69111686.55775543,219
esmond data pspmp-anella.csuc.cat to psmp-gn-bw-poz-pl.geant.org 10-24-2023,0.3,Spline,172842549.78338575,123668939.386635,219
esmond data pspmp-anella.csuc.cat to psmp-gn-bw-poz-pl.geant.org 10-24-2023,0.3,Mean,88702208.18428901,69111686.55775543,219
esmond data pspmp-anella.csuc.cat to psmp-gn-bw-poz-pl.geant.org 10-24-2023,0.3,LOCF,115420787.44934502,84164137.84474885,219
esmond data pspmp-anella.csuc.cat to psmp-gn-bw-poz-pl.geant.org 10-24-2023,0.4,SVD_KNN,97290273.98031206,68551201.64950328,292
esmond data pspmp-anella.csuc.cat to psmp-gn-bw-poz-pl.geant.org 10-24-2023,0.4,SVD_KNN_Hankel,99493768.62260431,67938132.42593092,292
esmond data pspmp-anella.csuc.cat to psmp-gn-bw-poz-pl.geant.org 10-24-2023,0.4,Kalman,177348893.816015,128784933.62088092,292
esmond data pspmp-anella.csuc.cat to psmp-gn-bw-poz-pl.geant.org 10-24-2023,0.4,ARIMA,102137341.62100121,77661238.65797494,292
esmond data pspmp-anella.csuc.cat to psmp-gn-bw-poz-pl.geant.org 10-24-2023,0.4,HoltWinters,107991955.84159467,81189562.87226936,292
esmond data pspmp-anella.csuc.cat to psmp-gn-bw-poz-pl.geant.org 10-24-2023,0.4,Linear,115976243.02052341,86235199.82959883,292
esmond data pspmp-anella.csuc.cat to psmp-gn-bw-poz-pl.geant.org 10-24-2023,0.4,KNN_Sklearn,92318377.3069178,68884350.07370424,292
esmond data pspmp-anella.csuc.cat to psmp-gn-bw-poz-pl.geant.org 10-24-2023,0.4,Spline,164159908.8068341,119572325.06973645,292
esmond data pspmp-anella.csuc.cat to psmp-gn-bw-poz-pl.geant.org 10-24-2023,0.4,Mean,92318377.3069178,68884350.07370424,292
esmond data pspmp-anella.csuc.cat to psmp-gn-bw-poz-pl.geant.org 10-24-2023,0.4,LOCF,124457485.01584148,91495615.07876712,292
