file_imputed,file_original,dtw_distance,normalized_dtw,len_imputed,len_original
esmond data perfsonar-ankara.ulakbim.gov.tr to psmp-gn-bw-lis-pt.geant.org 10-24-2023_mr10_KNN_Sklearn.csv,esmond data perfsonar-ankara.ulakbim.gov.tr to psmp-gn-bw-lis-pt.geant.org 10-24-2023_longest.csv,2981378427.254052,5551915.134551307,537,537
esmond data perfsonar-ankara.ulakbim.gov.tr to psmp-gn-bw-lis-pt.geant.org 10-24-2023_mr10_Mean.csv,esmond data perfsonar-ankara.ulakbim.gov.tr to psmp-gn-bw-lis-pt.geant.org 10-24-2023_longest.csv,2981378427.254052,5551915.134551307,537,537
esmond data perfsonar-ankara.ulakbim.gov.tr to psmp-gn-bw-lis-pt.geant.org 10-24-2023_mr10_SVD_KNN.csv,esmond data perfsonar-ankara.ulakbim.gov.tr to psmp-gn-bw-lis-pt.geant.org 10-24-2023_longest.csv,3089742112.3973303,5753709.706512719,537,537
esmond data perfsonar-ankara.ulakbim.gov.tr to psmp-gn-bw-lis-pt.geant.org 10-24-2023_mr10_SVD_KNN_Hankel.csv,esmond data perfsonar-ankara.ulakbim.gov.tr to psmp-gn-bw-lis-pt.geant.org 10-24-2023_longest.csv,3180411041.524862,5922553.149953187,537,537
esmond data perfsonar-ankara.ulakbim.gov.tr to psmp-gn-bw-lis-pt.geant.org 10-24-2023_mr10_Linear.csv,esmond data perfsonar-ankara.ulakbim.gov.tr to psmp-gn-bw-lis-pt.geant.org 10-24-2023_longest.csv,3770148521.5513883,7020760.747767949,537,537
esmond data perfsonar-ankara.ulakbim.gov.tr to psmp-gn-bw-lis-pt.geant.org 10-24-2023_mr10_LOCF.csv,esmond data perfsonar-ankara.ulakbim.gov.tr to psmp-gn-bw-lis-pt.geant.org 10-24-2023_longest.csv,4183233704.9,7790006.899255121,537,537
esmond data perfsonar-ankara.ulakbim.gov.tr to psmp-gn-bw-lis-pt.geant.org 10-24-2023_mr10_Spline.csv,esmond data perfsonar-ankara.ulakbim.gov.tr to psmp-gn-bw-lis-pt.geant.org 10-24-2023_longest.csv,4526118737.264175,8428526.51259623,537,537
esmond data perfsonar-ankara.ulakbim.gov.tr to psmp-gn-bw-lis-pt.geant.org 10-24-2023_mr20_KNN_Sklearn.csv,esmond data perfsonar-ankara.ulakbim.gov.tr to psmp-gn-bw-lis-pt.geant.org 10-24-2023_longest.csv,6008652105.292363,11189296.28546064,537,537
esmond data perfsonar-ankara.ulakbim.gov.tr to psmp-gn-bw-lis-pt.geant.org 10-24-2023_mr20_Mean.csv,esmond data perfsonar-ankara.ulakbim.gov.tr to psmp-gn-bw-lis-pt.geant.org 10-24-2023_longest.csv,6008652105.292363,11189296.28546064,537,537
esmond data perfsonar-ankara.ulakbim.gov.tr to psmp-gn-bw-lis-pt.geant.org 10-24-2023_mr20_SVD_KNN_Hankel.csv,esmond data perfsonar-ankara.ulakbim.gov.tr to psmp-gn-bw-lis-pt.geant.org 10-24-2023_longest.csv,6178031358.48473,11504713.889170818,537,537
esmond data perfsonar-ankara.ulakbim.gov.tr to psmp-gn-bw-lis-pt.geant.org 10-24-2023_mr20_SVD_KNN.csv,esmond data perfsonar-ankara.ulakbim.gov.tr to psmp-gn-bw-lis-pt.geant.org 10-24-2023_longest.csv,6789717108.931299,12643793.498940967,537,537
esmond data perfsonar-ankara.ulakbim.gov.tr to psmp-gn-bw-lis-pt.geant.org 10-24-2023_mr20_Linear.csv,esmond data perfsonar-ankara.ulakbim.gov.tr to psmp-gn-bw-lis-pt.geant.org 10-24-2023_longest.csv,8213168659.286114,15294541.26496483,537,537
esmond data perfsonar-ankara.ulakbim.gov.tr to psmp-gn-bw-lis-pt.geant.org 10-24-2023_mr30_SVD_KNN_Hankel.csv,esmond data perfsonar-ankara.ulakbim.gov.tr to psmp-gn-bw-lis-pt.geant.org 10-24-2023_longest.csv,9309673636.055178,17336449.97403199,537,537
esmond data perfsonar-ankara.ulakbim.gov.tr to psmp-gn-bw-lis-pt.geant.org 10-24-2023_mr30_KNN_Sklearn.csv,esmond data perfsonar-ankara.ulakbim.gov.tr to psmp-gn-bw-lis-pt.geant.org 10-24-2023_longest.csv,9366654804.439098,17442560.15724227,537,537
esmond data perfsonar-ankara.ulakbim.gov.tr to psmp-gn-bw-lis-pt.geant.org 10-24-2023_mr30_Mean.csv,esmond data perfsonar-ankara.ulakbim.gov.tr to psmp-gn-bw-lis-pt.geant.org 10-24-2023_longest.csv,9366654804.439098,17442560.15724227,537,537
esmond data perfsonar-ankara.ulakbim.gov.tr to psmp-gn-bw-lis-pt.geant.org 10-24-2023_mr30_SVD_KNN.csv,esmond data perfsonar-ankara.ulakbim.gov.tr to psmp-gn-bw-lis-pt.geant.org 10-24-2023_longest.csv,9629859040.51806,17932698.399474975,537,537
esmond data perfsonar-ankara.ulakbim.gov.tr to psmp-gn-bw-lis-pt.geant.org 10-24-2023_mr20_LOCF.csv,esmond data perfsonar-ankara.ulakbim.gov.tr to psmp-gn-bw-lis-pt.geant.org 10-24-2023_longest.csv,10537742587.316666,19623356.77340161,537,537
esmond data perfsonar-ankara.ulakbim.gov.tr to psmp-gn-bw-lis-pt.geant.org 10-24-2023_mr20_Spline.csv,esmond data perfsonar-ankara.ulakbim.gov.tr to psmp-gn-bw-lis-pt.geant.org 10-24-2023_longest.csv,12028369086.219269,22399197.55348095,537,537
esmond data perfsonar-ankara.ulakbim.gov.tr to psmp-gn-bw-lis-pt.geant.org 10-24-2023_mr30_Linear.csv,esmond data perfsonar-ankara.ulakbim.gov.tr to psmp-gn-bw-lis-pt.geant.org 10-24-2023_longest.csv,12110822064.141668,22552741.274006832,537,537
esmond data perfsonar-ankara.ulakbim.gov.tr to psmp-gn-bw-lis-pt.geant.org 10-24-2023_mr40_KNN_Sklearn.csv,esmond data perfsonar-ankara.ulakbim.gov.tr to psmp-gn-bw-lis-pt.geant.org 10-24-2023_longest.csv,12331527082.724134,22963737.584216267,537,537
esmond data perfsonar-ankara.ulakbim.gov.tr to psmp-gn-bw-lis-pt.geant.org 10-24-2023_mr40_Mean.csv,esmond data perfsonar-ankara.ulakbim.gov.tr to psmp-gn-bw-lis-pt.geant.org 10-24-2023_longest.csv,12331527082.724134,22963737.584216267,537,537
esmond data perfsonar-ankara.ulakbim.gov.tr to psmp-gn-bw-lis-pt.geant.org 10-24-2023_mr30_LOCF.csv,esmond data perfsonar-ankara.ulakbim.gov.tr to psmp-gn-bw-lis-pt.geant.org 10-24-2023_longest.csv,12482112136.133337,23244156.67808815,537,537
esmond data perfsonar-ankara.ulakbim.gov.tr to psmp-gn-bw-lis-pt.geant.org 10-24-2023_mr40_SVD_KNN.csv,esmond data perfsonar-ankara.ulakbim.gov.tr to psmp-gn-bw-lis-pt.geant.org 10-24-2023_longest.csv,12523014820.15017,23320325.549627878,537,537
esmond data perfsonar-ankara.ulakbim.gov.tr to psmp-gn-bw-lis-pt.geant.org 10-24-2023_mr40_SVD_KNN_Hankel.csv,esmond data perfsonar-ankara.ulakbim.gov.tr to psmp-gn-bw-lis-pt.geant.org 10-24-2023_longest.csv,13678523733.220945,25472111.235048316,537,537
esmond data perfsonar-ankara.ulakbim.gov.tr to psmp-gn-bw-lis-pt.geant.org 10-24-2023_mr30_Spline.csv,esmond data perfsonar-ankara.ulakbim.gov.tr to psmp-gn-bw-lis-pt.geant.org 10-24-2023_longest.csv,15159040240.6796,28229125.21541825,537,537
esmond data perfsonar-ankara.ulakbim.gov.tr to psmp-gn-bw-lis-pt.geant.org 10-24-2023_mr40_Linear.csv,esmond data perfsonar-ankara.ulakbim.gov.tr to psmp-gn-bw-lis-pt.geant.org 10-24-2023_longest.csv,16007713590.92837,29809522.51569529,537,537
esmond data perfsonar-ankara.ulakbim.gov.tr to psmp-gn-bw-lis-pt.geant.org 10-24-2023_mr40_LOCF.csv,esmond data perfsonar-ankara.ulakbim.gov.tr to psmp-gn-bw-lis-pt.geant.org 10-24-2023_longest.csv,16018936196.65,29830421.22281192,537,537
esmond data perfsonar-ankara.ulakbim.gov.tr to psmp-gn-bw-lis-pt.geant.org 10-24-2023_mr40_Spline.csv,esmond data perfsonar-ankara.ulakbim.gov.tr to psmp-gn-bw-lis-pt.geant.org 10-24-2023_longest.csv,18847926767.32497,35098560.08812843,537,537
esmond data perfsonar-ankara.ulakbim.gov.tr to psmp-gn-bw-poz-pl.geant.org 10-24-2023_mr30_LOCF.csv,esmond data perfsonar-ankara.ulakbim.gov.tr to psmp-gn-bw-lis-pt.geant.org 10-24-2023_longest.csv,29762155110.716682,56474677.62944342,527,537
esmond data perfsonar-ankara.ulakbim.gov.tr to psmp-gn-bw-poz-pl.geant.org 10-24-2023_mr40_LOCF.csv,esmond data perfsonar-ankara.ulakbim.gov.tr to psmp-gn-bw-lis-pt.geant.org 10-24-2023_longest.csv,30047580864.61665,57016282.475553416,527,537
esmond data perfsonar-ankara.ulakbim.gov.tr to psmp-gn-bw-poz-pl.geant.org 10-24-2023_mr40_Linear.csv,esmond data perfsonar-ankara.ulakbim.gov.tr to psmp-gn-bw-lis-pt.geant.org 10-24-2023_longest.csv,30210670436.721634,57325750.3543105,527,537
esmond data perfsonar-ankara.ulakbim.gov.tr to psmp-gn-bw-poz-pl.geant.org 10-24-2023_mr20_Linear.csv,esmond data perfsonar-ankara.ulakbim.gov.tr to psmp-gn-bw-lis-pt.geant.org 10-24-2023_longest.csv,30816324294.66072,58474998.66159529,527,537
esmond data perfsonar-ankara.ulakbim.gov.tr to psmp-gn-bw-poz-pl.geant.org 10-24-2023_mr40_Mean.csv,esmond data perfsonar-ankara.ulakbim.gov.tr to psmp-gn-bw-lis-pt.geant.org 10-24-2023_longest.csv,31106681881.55994,59025961.82459192,527,537
esmond data perfsonar-ankara.ulakbim.gov.tr to psmp-gn-bw-poz-pl.geant.org 10-24-2023_mr40_KNN_Sklearn.csv,esmond data perfsonar-ankara.ulakbim.gov.tr to psmp-gn-bw-lis-pt.geant.org 10-24-2023_longest.csv,31106681881.55994,59025961.82459192,527,537
esmond data perfsonar-ankara.ulakbim.gov.tr to psmp-gn-bw-poz-pl.geant.org 10-24-2023_mr10_Linear.csv,esmond data perfsonar-ankara.ulakbim.gov.tr to psmp-gn-bw-lis-pt.geant.org 10-24-2023_longest.csv,31347303705.666668,59482549.72612271,527,537
esmond data perfsonar-ankara.ulakbim.gov.tr to psmp-gn-bw-poz-pl.geant.org 10-24-2023_mr10_LOCF.csv,esmond data perfsonar-ankara.ulakbim.gov.tr to psmp-gn-bw-lis-pt.geant.org 10-24-2023_longest.csv,32333358678.083344,61353621.780044295,527,537
esmond data perfsonar-ankara.ulakbim.gov.tr to psmp-gn-bw-poz-pl.geant.org 10-24-2023_mr10_Spline.csv,esmond data perfsonar-ankara.ulakbim.gov.tr to psmp-gn-bw-lis-pt.geant.org 10-24-2023_longest.csv,32519290055.486656,61706432.74285893,527,537
esmond data perfsonar-ankara.ulakbim.gov.tr to psmp-gn-bw-poz-pl.geant.org 10-24-2023_mr20_Mean.csv,esmond data perfsonar-ankara.ulakbim.gov.tr to psmp-gn-bw-lis-pt.geant.org 10-24-2023_longest.csv,33319223621.74699,63224333.24809676,527,537
esmond data perfsonar-ankara.ulakbim.gov.tr to psmp-gn-bw-poz-pl.geant.org 10-24-2023_mr20_KNN_Sklearn.csv,esmond data perfsonar-ankara.ulakbim.gov.tr to psmp-gn-bw-lis-pt.geant.org 10-24-2023_longest.csv,33319223621.74699,63224333.24809676,527,537
esmond data perfsonar-ankara.ulakbim.gov.tr to psmp-gn-bw-poz-pl.geant.org 10-24-2023_mr20_LOCF.csv,esmond data perfsonar-ankara.ulakbim.gov.tr to psmp-gn-bw-lis-pt.geant.org 10-24-2023_longest.csv,33507377478.26667,63581361.43883619,527,537
esmond data perfsonar-ankara.ulakbim.gov.tr to psmp-gn-bw-poz-pl.geant.org 10-24-2023_mr20_Spline.csv,esmond data perfsonar-ankara.ulakbim.gov.tr to psmp-gn-bw-lis-pt.geant.org 10-24-2023_longest.csv,33561580426.056183,63684213.33217492,527,537
esmond data perfsonar-ankara.ulakbim.gov.tr to psmp-gn-bw-poz-pl.geant.org 10-24-2023_mr20_SVD_KNN.csv,esmond data perfsonar-ankara.ulakbim.gov.tr to psmp-gn-bw-lis-pt.geant.org 10-24-2023_longest.csv,34179421079.47919,64856586.48857532,527,537
esmond data perfsonar-ankara.ulakbim.gov.tr to psmp-gn-bw-poz-pl.geant.org 10-24-2023_mr20_SVD_KNN_Hankel.csv,esmond data perfsonar-ankara.ulakbim.gov.tr to psmp-gn-bw-lis-pt.geant.org 10-24-2023_longest.csv,34368587508.2747,65215536.06883244,527,537
esmond data perfsonar-ankara.ulakbim.gov.tr to psmp-gn-bw-poz-pl.geant.org 10-24-2023_mr40_Spline.csv,esmond data perfsonar-ankara.ulakbim.gov.tr to psmp-gn-bw-lis-pt.geant.org 10-24-2023_longest.csv,34541505118.22061,65543652.975750685,527,537
esmond data perfsonar-ankara.ulakbim.gov.tr to psmp-gn-bw-poz-pl.geant.org 10-24-2023_mr30_Linear.csv,esmond data perfsonar-ankara.ulakbim.gov.tr to psmp-gn-bw-lis-pt.geant.org 10-24-2023_longest.csv,35275808491.653564,66937018.01072782,527,537
esmond data perfsonar-ankara.ulakbim.gov.tr to psmp-gn-bw-poz-pl.geant.org 10-24-2023_mr10_Mean.csv,esmond data perfsonar-ankara.ulakbim.gov.tr to psmp-gn-bw-lis-pt.geant.org 10-24-2023_longest.csv,35577881174.13379,67510210.9566106,527,537
esmond data perfsonar-ankara.ulakbim.gov.tr to psmp-gn-bw-poz-pl.geant.org 10-24-2023_mr10_KNN_Sklearn.csv,esmond data perfsonar-ankara.ulakbim.gov.tr to psmp-gn-bw-lis-pt.geant.org 10-24-2023_longest.csv,35577881174.13379,67510210.9566106,527,537
esmond data perfsonar-ankara.ulakbim.gov.tr to psmp-gn-bw-poz-pl.geant.org 10-24-2023_mr10_SVD_KNN.csv,esmond data perfsonar-ankara.ulakbim.gov.tr to psmp-gn-bw-lis-pt.geant.org 10-24-2023_longest.csv,36103465320.547165,68507524.32741398,527,537
esmond data perfsonar-ankara.ulakbim.gov.tr to psmp-gn-bw-poz-pl.geant.org 10-24-2023_mr10_SVD_KNN_Hankel.csv,esmond data perfsonar-ankara.ulakbim.gov.tr to psmp-gn-bw-lis-pt.geant.org 10-24-2023_longest.csv,36675583905.96257,69593138.34148495,527,537
esmond data perfsonar-ankara.ulakbim.gov.tr to psmp-gn-bw-poz-pl.geant.org 10-24-2023_mr30_KNN_Sklearn.csv,esmond data perfsonar-ankara.ulakbim.gov.tr to psmp-gn-bw-lis-pt.geant.org 10-24-2023_longest.csv,37374859109.76278,70920036.26140945,527,537
esmond data perfsonar-ankara.ulakbim.gov.tr to psmp-gn-bw-poz-pl.geant.org 10-24-2023_mr30_Mean.csv,esmond data perfsonar-ankara.ulakbim.gov.tr to psmp-gn-bw-lis-pt.geant.org 10-24-2023_longest.csv,37374859109.76278,70920036.26140945,527,537
esmond data perfsonar-ankara.ulakbim.gov.tr to psmp-gn-bw-poz-pl.geant.org 10-24-2023_mr40_SVD_KNN.csv,esmond data perfsonar-ankara.ulakbim.gov.tr to psmp-gn-bw-lis-pt.geant.org 10-24-2023_longest.csv,37433330267.816055,71030987.22545741,527,537
esmond data perfsonar-ankara.ulakbim.gov.tr to psmp-gn-bw-poz-pl.geant.org 10-24-2023_mr40_SVD_KNN_Hankel.csv,esmond data perfsonar-ankara.ulakbim.gov.tr to psmp-gn-bw-lis-pt.geant.org 10-24-2023_longest.csv,38849708571.43009,73718612.09000017,527,537
esmond data perfsonar-ankara.ulakbim.gov.tr to psmp-gn-bw-poz-pl.geant.org 10-24-2023_mr30_SVD_KNN_Hankel.csv,esmond data perfsonar-ankara.ulakbim.gov.tr to psmp-gn-bw-lis-pt.geant.org 10-24-2023_longest.csv,39468843765.18992,74893441.67967726,527,537
esmond data perfsonar-ankara.ulakbim.gov.tr to psmp-gn-bw-poz-pl.geant.org 10-24-2023_mr30_SVD_KNN.csv,esmond data perfsonar-ankara.ulakbim.gov.tr to psmp-gn-bw-lis-pt.geant.org 10-24-2023_longest.csv,39840214368.94923,75598129.73235147,527,537
esmond data psmp-gn-bw-lis-pt.geant.org to perfsonar.restena.lu 10-24-2023_mr40_Mean.csv,esmond data perfsonar-ankara.ulakbim.gov.tr to psmp-gn-bw-lis-pt.geant.org 10-24-2023_longest.csv,41945362156.279144,78110544.05266134,537,537
esmond data psmp-gn-bw-lis-pt.geant.org to perfsonar.restena.lu 10-24-2023_mr40_KNN_Sklearn.csv,esmond data perfsonar-ankara.ulakbim.gov.tr to psmp-gn-bw-lis-pt.geant.org 10-24-2023_longest.csv,41945362156.279144,78110544.05266134,537,537
esmond data perfsonar-ankara.ulakbim.gov.tr to psmp-gn-bw-poz-pl.geant.org 10-24-2023_mr30_Spline.csv,esmond data perfsonar-ankara.ulakbim.gov.tr to psmp-gn-bw-lis-pt.geant.org 10-24-2023_longest.csv,41635993150.38809,79005679.60225445,527,537
esmond data psmp-gn-bw-lis-pt.geant.org to perfsonar.restena.lu 10-24-2023_mr40_SVD_KNN.csv,esmond data perfsonar-ankara.ulakbim.gov.tr to psmp-gn-bw-lis-pt.geant.org 10-24-2023_longest.csv,42717262566.707596,79547974.98455791,537,537
esmond data psmp-gn-bw-lis-pt.geant.org to perfsonar.restena.lu 10-24-2023_mr30_KNN_Sklearn.csv,esmond data perfsonar-ankara.ulakbim.gov.tr to psmp-gn-bw-lis-pt.geant.org 10-24-2023_longest.csv,43128147595.353645,80313124.01369394,537,537
esmond data psmp-gn-bw-lis-pt.geant.org to perfsonar.restena.lu 10-24-2023_mr30_Mean.csv,esmond data perfsonar-ankara.ulakbim.gov.tr to psmp-gn-bw-lis-pt.geant.org 10-24-2023_longest.csv,43128147595.353645,80313124.01369394,537,537
esmond data psmp-gn-bw-lis-pt.geant.org to perfsonar.restena.lu 10-24-2023_mr30_SVD_KNN.csv,esmond data perfsonar-ankara.ulakbim.gov.tr to psmp-gn-bw-lis-pt.geant.org 10-24-2023_longest.csv,43749542353.08282,81470283.71151362,537,537
esmond data psmp-gn-bw-lis-pt.geant.org to perfsonar.restena.lu 10-24-2023_mr20_Mean.csv,esmond data perfsonar-ankara.ulakbim.gov.tr to psmp-gn-bw-lis-pt.geant.org 10-24-2023_longest.csv,43805513298.27397,81574512.65972807,537,537
esmond data psmp-gn-bw-lis-pt.geant.org to perfsonar.restena.lu 10-24-2023_mr20_KNN_Sklearn.csv,esmond data perfsonar-ankara.ulakbim.gov.tr to psmp-gn-bw-lis-pt.geant.org 10-24-2023_longest.csv,43805513298.27397,81574512.65972807,537,537
esmond data psmp-gn-bw-lis-pt.geant.org to perfsonar.restena.lu 10-24-2023_mr30_SVD_KNN_Hankel.csv,esmond data perfsonar-ankara.ulakbim.gov.tr to psmp-gn-bw-lis-pt.geant.org 10-24-2023_longest.csv,44157266351.86669,82229546.27908136,537,537
esmond data psmp-gn-bw-lis-pt.geant.org to perfsonar.restena.lu 10-24-2023_mr10_SVD_KNN_Hankel.csv,esmond data perfsonar-ankara.ulakbim.gov.tr to psmp-gn-bw-lis-pt.geant.org 10-24-2023_longest.csv,44317379591.78448,82527708.73702882,537,537
esmond data psmp-gn-bw-lis-pt.geant.org to perfsonar.restena.lu 10-24-2023_mr20_SVD_KNN_Hankel.csv,esmond data perfsonar-ankara.ulakbim.gov.tr to psmp-gn-bw-lis-pt.geant.org 10-24-2023_longest.csv,44379085203.14464,82642616.76563248,537,537
esmond data psmp-gn-bw-lis-pt.geant.org to perfsonar.restena.lu 10-24-2023_mr10_LOCF.csv,esmond data perfsonar-ankara.ulakbim.gov.tr to psmp-gn-bw-lis-pt.geant.org 10-24-2023_longest.csv,44555843718.616646,82971776.0123215,537,537
esmond data psmp-gn-bw-lis-pt.geant.org to perfsonar.restena.lu 10-24-2023_mr10_KNN_Sklearn.csv,esmond data perfsonar-ankara.ulakbim.gov.tr to psmp-gn-bw-lis-pt.geant.org 10-24-2023_longest.csv,44856641488.4913,83531920.83517933,537,537
esmond data psmp-gn-bw-lis-pt.geant.org to perfsonar.restena.lu 10-24-2023_mr10_Mean.csv,esmond data perfsonar-ankara.ulakbim.gov.tr to psmp-gn-bw-lis-pt.geant.org 10-24-2023_longest.csv,44856641488.4913,83531920.83517933,537,537
esmond data psmp-gn-bw-lis-pt.geant.org to perfsonar.restena.lu 10-24-2023_mr40_Linear.csv,esmond data perfsonar-ankara.ulakbim.gov.tr to psmp-gn-bw-lis-pt.geant.org 10-24-2023_longest.csv,45066403547.01327,83922539.19369324,537,537
esmond data psmp-gn-bw-lis-pt.geant.org to perfsonar.restena.lu 10-24-2023_mr20_SVD_KNN.csv,esmond data perfsonar-ankara.ulakbim.gov.tr to psmp-gn-bw-lis-pt.geant.org 10-24-2023_longest.csv,45333784525.99044,84420455.3556619,537,537
esmond data psmp-gn-bw-lis-pt.geant.org to perfsonar.restena.lu 10-24-2023_mr10_SVD_KNN.csv,esmond data perfsonar-ankara.ulakbim.gov.tr to psmp-gn-bw-lis-pt.geant.org 10-24-2023_longest.csv,45540868180.55815,84806085.99731499,537,537
esmond data psmp-gn-bw-lis-pt.geant.org to perfsonar.restena.lu 10-24-2023_mr30_Linear.csv,esmond data perfsonar-ankara.ulakbim.gov.tr to psmp-gn-bw-lis-pt.geant.org 10-24-2023_longest.csv,45913759758.51387,85500483.72162732,537,537
esmond data psmp-gn-bw-lis-pt.geant.org to perfsonar.restena.lu 10-24-2023_mr40_SVD_KNN_Hankel.csv,esmond data perfsonar-ankara.ulakbim.gov.tr to psmp-gn-bw-lis-pt.geant.org 10-24-2023_longest.csv,46042878038.07949,85740927.4452132,537,537
esmond data psmp-gn-bw-lis-pt.geant.org to perfsonar.restena.lu 10-24-2023_mr20_LOCF.csv,esmond data perfsonar-ankara.ulakbim.gov.tr to psmp-gn-bw-lis-pt.geant.org 10-24-2023_longest.csv,47073758839.04999,87660630.9851955,537,537
esmond data psmp-gn-bw-lis-pt.geant.org to perfsonar.restena.lu 10-24-2023_mr10_Linear.csv,esmond data perfsonar-ankara.ulakbim.gov.tr to psmp-gn-bw-lis-pt.geant.org 10-24-2023_longest.csv,47355532875.10277,88185349.86052658,537,537
esmond data psmp-gn-bw-lis-pt.geant.org to perfsonar.restena.lu 10-24-2023_mr20_Linear.csv,esmond data perfsonar-ankara.ulakbim.gov.tr to psmp-gn-bw-lis-pt.geant.org 10-24-2023_longest.csv,47766667836.86662,88950964.31446299,537,537
esmond data psmp-gn-bw-lis-pt.geant.org to perfsonar.restena.lu 10-24-2023_mr40_LOCF.csv,esmond data perfsonar-ankara.ulakbim.gov.tr to psmp-gn-bw-lis-pt.geant.org 10-24-2023_longest.csv,48840270191.666664,90950223.82060832,537,537
esmond data psmp-gn-bw-lis-pt.geant.org to perfsonar.restena.lu 10-24-2023_mr30_LOCF.csv,esmond data perfsonar-ankara.ulakbim.gov.tr to psmp-gn-bw-lis-pt.geant.org 10-24-2023_longest.csv,49175134404.46666,91573807.08466789,537,537
esmond data psmp-gn-bw-lis-pt.geant.org to perfsonar.restena.lu 10-24-2023_mr10_Spline.csv,esmond data perfsonar-ankara.ulakbim.gov.tr to psmp-gn-bw-lis-pt.geant.org 10-24-2023_longest.csv,49874443376.13932,92876058.42856485,537,537
esmond data psmp-gn-bw-lis-pt.geant.org to perfsonar.restena.lu 10-24-2023_mr20_Spline.csv,esmond data perfsonar-ankara.ulakbim.gov.tr to psmp-gn-bw-lis-pt.geant.org 10-24-2023_longest.csv,51041279279.210236,95048937.20523322,537,537
esmond data pspmp-anella.csuc.cat to psmp-gn-bw-poz-pl.geant.org 10-24-2023_mr40_Mean.csv,esmond data perfsonar-ankara.ulakbim.gov.tr to psmp-gn-bw-lis-pt.geant.org 10-24-2023_longest.csv,42997826188.531044,96407682.03706512,446,537
esmond data pspmp-anella.csuc.cat to psmp-gn-bw-poz-pl.geant.org 10-24-2023_mr40_KNN_Sklearn.csv,esmond data perfsonar-ankara.ulakbim.gov.tr to psmp-gn-bw-lis-pt.geant.org 10-24-2023_longest.csv,42997826188.531044,96407682.03706512,446,537
esmond data psmp-gn-bw-lis-pt.geant.org to perfsonar.restena.lu 10-24-2023_mr40_Spline.csv,esmond data perfsonar-ankara.ulakbim.gov.tr to psmp-gn-bw-lis-pt.geant.org 10-24-2023_longest.csv,51780378034.72429,96425284.9808646,537,537
esmond data psmp-gn-bw-lis-pt.geant.org to perfsonar.restena.lu 10-24-2023_mr30_Spline.csv,esmond data perfsonar-ankara.ulakbim.gov.tr to psmp-gn-bw-lis-pt.geant.org 10-24-2023_longest.csv,51962595141.08982,96764609.20128459,537,537
esmond data pspmp-anella.csuc.cat to psmp-gn-bw-poz-pl.geant.org 10-24-2023_mr30_Mean.csv,esmond data perfsonar-ankara.ulakbim.gov.tr to psmp-gn-bw-lis-pt.geant.org 10-24-2023_longest.csv,43348867755.93714,97194770.75322229,446,537
esmond data pspmp-anella.csuc.cat to psmp-gn-bw-poz-pl.geant.org 10-24-2023_mr30_KNN_Sklearn.csv,esmond data perfsonar-ankara.ulakbim.gov.tr to psmp-gn-bw-lis-pt.geant.org 10-24-2023_longest.csv,43348867755.93714,97194770.75322229,446,537
esmond data psmp-gn-bw-poz-pl.geant.org to pspmp-anella.csuc.cat 10-24-2023_mr20_LOCF.csv,esmond data perfsonar-ankara.ulakbim.gov.tr to psmp-gn-bw-lis-pt.geant.org 10-24-2023_longest.csv,52323895132.300026,97437421.10297957,537,537
esmond data psmp-gn-bw-poz-pl.geant.org to pspmp-anella.csuc.cat 10-24-2023_mr20_Linear.csv,esmond data perfsonar-ankara.ulakbim.gov.tr to psmp-gn-bw-lis-pt.geant.org 10-24-2023_longest.csv,52535420591.71669,97831323.26204225,537,537
esmond data psmp-gn-bw-poz-pl.geant.org to pspmp-anella.csuc.cat 10-24-2023_mr40_Linear.csv,esmond data perfsonar-ankara.ulakbim.gov.tr to psmp-gn-bw-lis-pt.geant.org 10-24-2023_longest.csv,52794445291.81945,98313678.38327645,537,537
esmond data psmp-gn-bw-poz-pl.geant.org to pspmp-anella.csuc.cat 10-24-2023_mr20_Spline.csv,esmond data perfsonar-ankara.ulakbim.gov.tr to psmp-gn-bw-lis-pt.geant.org 10-24-2023_longest.csv,52852581029.108116,98421938.6016911,537,537
esmond data pspmp-anella.csuc.cat to psmp-gn-bw-poz-pl.geant.org 10-24-2023_mr40_SVD_KNN.csv,esmond data perfsonar-ankara.ulakbim.gov.tr to psmp-gn-bw-lis-pt.geant.org 10-24-2023_longest.csv,43992932934.679756,98638863.08224161,446,537
esmond data pspmp-anella.csuc.cat to psmp-gn-bw-poz-pl.geant.org 10-24-2023_mr20_Mean.csv,esmond data perfsonar-ankara.ulakbim.gov.tr to psmp-gn-bw-lis-pt.geant.org 10-24-2023_longest.csv,44025547873.58278,98711990.74794345,446,537
esmond data pspmp-anella.csuc.cat to psmp-gn-bw-poz-pl.geant.org 10-24-2023_mr20_KNN_Sklearn.csv,esmond data perfsonar-ankara.ulakbim.gov.tr to psmp-gn-bw-lis-pt.geant.org 10-24-2023_longest.csv,44025547873.58278,98711990.74794345,446,537
esmond data pspmp-anella.csuc.cat to psmp-gn-bw-poz-pl.geant.org 10-24-2023_mr30_SVD_KNN.csv,esmond data perfsonar-ankara.ulakbim.gov.tr to psmp-gn-bw-lis-pt.geant.org 10-24-2023_longest.csv,44261183968.3236,99240322.79893184,446,537
esmond data pspmp-anella.csuc.cat to psmp-gn-bw-poz-pl.geant.org 10-24-2023_mr30_Linear.csv,esmond data perfsonar-ankara.ulakbim.gov.tr to psmp-gn-bw-lis-pt.geant.org 10-24-2023_longest.csv,44305438817.52755,99339548.9182232,446,537
esmond data pspmp-anella.csuc.cat to psmp-gn-bw-poz-pl.geant.org 10-24-2023_mr30_LOCF.csv,esmond data perfsonar-ankara.ulakbim.gov.tr to psmp-gn-bw-lis-pt.geant.org 10-24-2023_longest.csv,44588212325.41668,99973570.23636027,446,537
esmond data pspmp-anella.csuc.cat to psmp-gn-bw-poz-pl.geant.org 10-24-2023_mr30_SVD_KNN_Hankel.csv,esmond data perfsonar-ankara.ulakbim.gov.tr to psmp-gn-bw-lis-pt.geant.org 10-24-2023_longest.csv,44660301777.81904,100135205.77986331,446,537
esmond data psmp-gn-bw-poz-pl.geant.org to pspmp-anella.csuc.cat 10-24-2023_mr10_Linear.csv,esmond data perfsonar-ankara.ulakbim.gov.tr to psmp-gn-bw-lis-pt.geant.org 10-24-2023_longest.csv,53773910294.24444,100137635.55725221,537,537
esmond data pspmp-anella.csuc.cat to psmp-gn-bw-poz-pl.geant.org 10-24-2023_mr40_Linear.csv,esmond data perfsonar-ankara.ulakbim.gov.tr to psmp-gn-bw-lis-pt.geant.org 10-24-2023_longest.csv,44744622643.38196,100324266.01655148,446,537
esmond data psmp-gn-bw-poz-pl.geant.org to pspmp-anella.csuc.cat 10-24-2023_mr20_KNN_Sklearn.csv,esmond data perfsonar-ankara.ulakbim.gov.tr to psmp-gn-bw-lis-pt.geant.org 10-24-2023_longest.csv,53874800387.21396,100325512.82535188,537,537
esmond data psmp-gn-bw-poz-pl.geant.org to pspmp-anella.csuc.cat 10-24-2023_mr20_Mean.csv,esmond data perfsonar-ankara.ulakbim.gov.tr to psmp-gn-bw-lis-pt.geant.org 10-24-2023_longest.csv,53874800387.21396,100325512.82535188,537,537
esmond data psmp-gn-bw-poz-pl.geant.org to pspmp-anella.csuc.cat 10-24-2023_mr10_LOCF.csv,esmond data perfsonar-ankara.ulakbim.gov.tr to psmp-gn-bw-lis-pt.geant.org 10-24-2023_longest.csv,53944336988.71667,100455003.703383,537,537
esmond data psmp-gn-bw-poz-pl.geant.org to pspmp-anella.csuc.cat 10-24-2023_mr40_LOCF.csv,esmond data perfsonar-ankara.ulakbim.gov.tr to psmp-gn-bw-lis-pt.geant.org 10-24-2023_longest.csv,54022823704.21669,100601161.46036628,537,537
esmond data psmp-gn-bw-poz-pl.geant.org to pspmp-anella.csuc.cat 10-24-2023_mr10_KNN_Sklearn.csv,esmond data perfsonar-ankara.ulakbim.gov.tr to psmp-gn-bw-lis-pt.geant.org 10-24-2023_longest.csv,54124956140.058075,100791352.21612304,537,537
esmond data psmp-gn-bw-poz-pl.geant.org to pspmp-anella.csuc.cat 10-24-2023_mr10_Mean.csv,esmond data perfsonar-ankara.ulakbim.gov.tr to psmp-gn-bw-lis-pt.geant.org 10-24-2023_longest.csv,54124956140.058075,100791352.21612304,537,537
esmond data psmp-gn-bw-poz-pl.geant.org to pspmp-anella.csuc.cat 10-24-2023_mr30_Linear.csv,esmond data perfsonar-ankara.ulakbim.gov.tr to psmp-gn-bw-lis-pt.geant.org 10-24-2023_longest.csv,54256390376.69722,101036108.70893337,537,537
esmond data pspmp-anella.csuc.cat to psmp-gn-bw-poz-pl.geant.org 10-24-2023_mr10_LOCF.csv,esmond data perfsonar-ankara.ulakbim.gov.tr to psmp-gn-bw-lis-pt.geant.org 10-24-2023_longest.csv,45235550455.53334,101425001.02137521,446,537
esmond data psmp-gn-bw-poz-pl.geant.org to pspmp-anella.csuc.cat 10-24-2023_mr10_SVD_KNN.csv,esmond data perfsonar-ankara.ulakbim.gov.tr to psmp-gn-bw-lis-pt.geant.org 10-24-2023_longest.csv,54485464708.14276,101462690.33173698,537,537
esmond data psmp-gn-bw-poz-pl.geant.org to pspmp-anella.csuc.cat 10-24-2023_mr10_SVD_KNN_Hankel.csv,esmond data perfsonar-ankara.ulakbim.gov.tr to psmp-gn-bw-lis-pt.geant.org 10-24-2023_longest.csv,54539755136.689064,101563789.82623662,537,537
esmond data psmp-gn-bw-poz-pl.geant.org to pspmp-anella.csuc.cat 10-24-2023_mr30_LOCF.csv,esmond data perfsonar-ankara.ulakbim.gov.tr to psmp-gn-bw-lis-pt.geant.org 10-24-2023_longest.csv,54703924431.216675,101869505.45850405,537,537
esmond data psmp-gn-bw-poz-pl.geant.org to pspmp-anella.csuc.cat 10-24-2023_mr10_Spline.csv,esmond data perfsonar-ankara.ulakbim.gov.tr to psmp-gn-bw-lis-pt.geant.org 10-24-2023_longest.csv,54760618501.241486,101975081.00789848,537,537
esmond data pspmp-anella.csuc.cat to psmp-gn-bw-poz-pl.geant.org 10-24-2023_mr40_LOCF.csv,esmond data perfsonar-ankara.ulakbim.gov.tr to psmp-gn-bw-lis-pt.geant.org 10-24-2023_longest.csv,45533346785.899994,102092705.79798205,446,537
esmond data psmp-gn-bw-poz-pl.geant.org to pspmp-anella.csuc.cat 10-24-2023_mr20_SVD_KNN.csv,esmond data perfsonar-ankara.ulakbim.gov.tr to psmp-gn-bw-lis-pt.geant.org 10-24-2023_longest.csv,54909755467.083,102252803.4768771,537,537
esmond data pspmp-anella.csuc.cat to psmp-gn-bw-poz-pl.geant.org 10-24-2023_mr20_SVD_KNN.csv,esmond data perfsonar-ankara.ulakbim.gov.tr to psmp-gn-bw-lis-pt.geant.org 10-24-2023_longest.csv,45803341556.78665,102698075.23943195,446,537
esmond data psmp-gn-bw-poz-pl.geant.org to pspmp-anella.csuc.cat 10-24-2023_mr30_Spline.csv,esmond data perfsonar-ankara.ulakbim.gov.tr to psmp-gn-bw-lis-pt.geant.org 10-24-2023_longest.csv,55339591301.18034,103053242.64651833,537,537
esmond data pspmp-anella.csuc.cat to psmp-gn-bw-poz-pl.geant.org 10-24-2023_mr40_Spline.csv,esmond data perfsonar-ankara.ulakbim.gov.tr to psmp-gn-bw-lis-pt.geant.org 10-24-2023_longest.csv,45995219575.24119,103128295.01175155,446,537
esmond data pspmp-anella.csuc.cat to psmp-gn-bw-poz-pl.geant.org 10-24-2023_mr20_Spline.csv,esmond data perfsonar-ankara.ulakbim.gov.tr to psmp-gn-bw-lis-pt.geant.org 10-24-2023_longest.csv,46108503358.75858,103382294.52636454,446,537
esmond data psmp-gn-bw-poz-pl.geant.org to pspmp-anella.csuc.cat 10-24-2023_mr20_SVD_KNN_Hankel.csv,esmond data perfsonar-ankara.ulakbim.gov.tr to psmp-gn-bw-lis-pt.geant.org 10-24-2023_longest.csv,55608823889.50983,103554606.87059557,537,537
esmond data psmp-gn-bw-poz-pl.geant.org to pspmp-anella.csuc.cat 10-24-2023_mr30_Mean.csv,esmond data perfsonar-ankara.ulakbim.gov.tr to psmp-gn-bw-lis-pt.geant.org 10-24-2023_longest.csv,55674141036.387375,103676240.29122417,537,537
esmond data psmp-gn-bw-poz-pl.geant.org to pspmp-anella.csuc.cat 10-24-2023_mr30_KNN_Sklearn.csv,esmond data perfsonar-ankara.ulakbim.gov.tr to psmp-gn-bw-lis-pt.geant.org 10-24-2023_longest.csv,55674141036.387375,103676240.29122417,537,537
esmond data pspmp-anella.csuc.cat to psmp-gn-bw-poz-pl.geant.org 10-24-2023_mr10_KNN_Sklearn.csv,esmond data perfsonar-ankara.ulakbim.gov.tr to psmp-gn-bw-lis-pt.geant.org 10-24-2023_longest.csv,46662446781.60725,104624320.13813284,446,537
esmond data pspmp-anella.csuc.cat to psmp-gn-bw-poz-pl.geant.org 10-24-2023_mr10_Mean.csv,esmond data perfsonar-ankara.ulakbim.gov.tr to psmp-gn-bw-lis-pt.geant.org 10-24-2023_longest.csv,46662446781.60725,104624320.13813284,446,537
esmond data psmp-gn-bw-poz-pl.geant.org to pspmp-anella.csuc.cat 10-24-2023_mr30_SVD_KNN.csv,esmond data perfsonar-ankara.ulakbim.gov.tr to psmp-gn-bw-lis-pt.geant.org 10-24-2023_longest.csv,56303119897.67899,104847523.0869255,537,537
esmond data pspmp-anella.csuc.cat to psmp-gn-bw-poz-pl.geant.org 10-24-2023_mr10_SVD_KNN.csv,esmond data perfsonar-ankara.ulakbim.gov.tr to psmp-gn-bw-lis-pt.geant.org 10-24-2023_longest.csv,46939106754.58415,105244633.97888823,446,537
esmond data pspmp-anella.csuc.cat to psmp-gn-bw-poz-pl.geant.org 10-24-2023_mr10_SVD_KNN_Hankel.csv,esmond data perfsonar-ankara.ulakbim.gov.tr to psmp-gn-bw-lis-pt.geant.org 10-24-2023_longest.csv,46971145052.58795,105316468.72777568,446,537
esmond data psmp-gn-bw-poz-pl.geant.org to pspmp-anella.csuc.cat 10-24-2023_mr40_Spline.csv,esmond data perfsonar-ankara.ulakbim.gov.tr to psmp-gn-bw-lis-pt.geant.org 10-24-2023_longest.csv,57071042154.45361,106277545.91145924,537,537
esmond data pspmp-anella.csuc.cat to psmp-gn-bw-poz-pl.geant.org 10-24-2023_mr40_SVD_KNN_Hankel.csv,esmond data perfsonar-ankara.ulakbim.gov.tr to psmp-gn-bw-lis-pt.geant.org 10-24-2023_longest.csv,47501678136.330154,106506004.78997792,446,537
esmond data psmp-gn-bw-poz-pl.geant.org to pspmp-anella.csuc.cat 10-24-2023_mr40_KNN_Sklearn.csv,esmond data perfsonar-ankara.ulakbim.gov.tr to psmp-gn-bw-lis-pt.geant.org 10-24-2023_longest.csv,57473194954.530785,107026433.8073199,537,537
esmond data psmp-gn-bw-poz-pl.geant.org to pspmp-anella.csuc.cat 10-24-2023_mr40_Mean.csv,esmond data perfsonar-ankara.ulakbim.gov.tr to psmp-gn-bw-lis-pt.geant.org 10-24-2023_longest.csv,57473194954.530785,107026433.8073199,537,537
esmond data pspmp-anella.csuc.cat to psmp-gn-bw-poz-pl.geant.org 10-24-2023_mr20_Linear.csv,esmond data perfsonar-ankara.ulakbim.gov.tr to psmp-gn-bw-lis-pt.geant.org 10-24-2023_longest.csv,47796438492.444466,107166902.44942705,446,537
esmond data pspmp-anella.csuc.cat to psmp-gn-bw-poz-pl.geant.org 10-24-2023_mr20_SVD_KNN_Hankel.csv,esmond data perfsonar-ankara.ulakbim.gov.tr to psmp-gn-bw-lis-pt.geant.org 10-24-2023_longest.csv,48177645662.73385,108021627.04648845,446,537
esmond data pspmp-anella.csuc.cat to psmp-gn-bw-poz-pl.geant.org 10-24-2023_mr10_Linear.csv,esmond data perfsonar-ankara.ulakbim.gov.tr to psmp-gn-bw-lis-pt.geant.org 10-24-2023_longest.csv,48332057833.927765,108367842.67696808,446,537
esmond data pspmp-anella.csuc.cat to psmp-gn-bw-poz-pl.geant.org 10-24-2023_mr20_LOCF.csv,esmond data perfsonar-ankara.ulakbim.gov.tr to psmp-gn-bw-lis-pt.geant.org 10-24-2023_longest.csv,48367101235.31667,108446415.32582214,446,537
esmond data psmp-gn-bw-poz-pl.geant.org to pspmp-anella.csuc.cat 10-24-2023_mr40_SVD_KNN.csv,esmond data perfsonar-ankara.ulakbim.gov.tr to psmp-gn-bw-lis-pt.geant.org 10-24-2023_longest.csv,58266748443.45307,108504187.04553644,537,537
esmond data pspmp-anella.csuc.cat to psmp-gn-bw-poz-pl.geant.org 10-24-2023_mr10_Spline.csv,esmond data perfsonar-ankara.ulakbim.gov.tr to psmp-gn-bw-lis-pt.geant.org 10-24-2023_longest.csv,48507065833.89157,108760237.29572101,446,537
esmond data psmp-gn-bw-poz-pl.geant.org to pspmp-anella.csuc.cat 10-24-2023_mr30_SVD_KNN_Hankel.csv,esmond data perfsonar-ankara.ulakbim.gov.tr to psmp-gn-bw-lis-pt.geant.org 10-24-2023_longest.csv,58480916350.0225,108903009.96279795,537,537
esmond data pspmp-anella.csuc.cat to psmp-gn-bw-poz-pl.geant.org 10-24-2023_mr30_Spline.csv,esmond data perfsonar-ankara.ulakbim.gov.tr to psmp-gn-bw-lis-pt.geant.org 10-24-2023_longest.csv,48753777631.45589,109313402.76111186,446,537
esmond data psmp-gn-bw-poz-pl.geant.org to pspmp-anella.csuc.cat 10-24-2023_mr40_SVD_KNN_Hankel.csv,esmond data perfsonar-ankara.ulakbim.gov.tr to psmp-gn-bw-lis-pt.geant.org 10-24-2023_longest.csv,60047925514.200905,111821090.34301844,537,537
esmond data perfsonar.restena.lu to psmp-gn-bw-lis-pt.geant.org 10-23-2023_mr30_Linear.csv,esmond data perfsonar-ankara.ulakbim.gov.tr to psmp-gn-bw-lis-pt.geant.org 10-24-2023_longest.csv,59008273096.49468,112396710.65998986,525,537
esmond data psmall.lut.ac.uk to psmp-gn-bw-vie-at.geant.org 10-24-2023_mr40_KNN_Sklearn.csv,esmond data perfsonar-ankara.ulakbim.gov.tr to psmp-gn-bw-lis-pt.geant.org 10-24-2023_longest.csv,55935562226.19733,114622053.74220763,488,537
esmond data psmall.lut.ac.uk to psmp-gn-bw-vie-at.geant.org 10-24-2023_mr40_Mean.csv,esmond data perfsonar-ankara.ulakbim.gov.tr to psmp-gn-bw-lis-pt.geant.org 10-24-2023_longest.csv,55935562226.19733,114622053.74220763,488,537
esmond data perfsonar.restena.lu to psmp-gn-bw-lis-pt.geant.org 10-23-2023_mr40_LOCF.csv,esmond data perfsonar-ankara.ulakbim.gov.tr to psmp-gn-bw-lis-pt.geant.org 10-24-2023_longest.csv,60403869362.150055,115274559.8514314,524,537
esmond data perfsonar.restena.lu to psmp-gn-bw-lis-pt.geant.org 10-23-2023_mr40_Linear.csv,esmond data perfsonar-ankara.ulakbim.gov.tr to psmp-gn-bw-lis-pt.geant.org 10-24-2023_longest.csv,60682373409.84067,115585473.16160128,525,537
esmond data perfsonar.restena.lu to psmp-gn-bw-lis-pt.geant.org 10-23-2023_mr20_Linear.csv,esmond data perfsonar-ankara.ulakbim.gov.tr to psmp-gn-bw-lis-pt.geant.org 10-24-2023_longest.csv,61295184717.60974,116752732.79544713,525,537
esmond data perfsonar.restena.lu to psmp-gn-bw-lis-pt.geant.org 10-23-2023_mr20_LOCF.csv,esmond data perfsonar-ankara.ulakbim.gov.tr to psmp-gn-bw-lis-pt.geant.org 10-24-2023_longest.csv,64635170178.40002,123114609.86361907,525,537
esmond data perfsonar.restena.lu to psmp-gn-bw-lis-pt.geant.org 10-23-2023_mr20_Spline.csv,esmond data perfsonar-ankara.ulakbim.gov.tr to psmp-gn-bw-lis-pt.geant.org 10-24-2023_longest.csv,64905017510.86711,123628604.78260402,525,537
esmond data perfsonar.restena.lu to psmp-gn-bw-lis-pt.geant.org 10-23-2023_mr30_KNN_Sklearn.csv,esmond data perfsonar-ankara.ulakbim.gov.tr to psmp-gn-bw-lis-pt.geant.org 10-24-2023_longest.csv,65050639192.48153,123905979.41425054,525,537
esmond data perfsonar.restena.lu to psmp-gn-bw-lis-pt.geant.org 10-23-2023_mr30_Mean.csv,esmond data perfsonar-ankara.ulakbim.gov.tr to psmp-gn-bw-lis-pt.geant.org 10-24-2023_longest.csv,65050639192.48153,123905979.41425054,525,537
esmond data perfsonar.restena.lu to psmp-gn-bw-lis-pt.geant.org 10-23-2023_mr20_KNN_Sklearn.csv,esmond data perfsonar-ankara.ulakbim.gov.tr to psmp-gn-bw-lis-pt.geant.org 10-24-2023_longest.csv,65152081597.922356,124099203.04366162,525,537
esmond data perfsonar.restena.lu to psmp-gn-bw-lis-pt.geant.org 10-23-2023_mr20_Mean.csv,esmond data perfsonar-ankara.ulakbim.gov.tr to psmp-gn-bw-lis-pt.geant.org 10-24-2023_longest.csv,65152081597.922356,124099203.04366162,525,537
esmond data perfsonar.restena.lu to psmp-gn-bw-lis-pt.geant.org 10-23-2023_mr30_LOCF.csv,esmond data perfsonar-ankara.ulakbim.gov.tr to psmp-gn-bw-lis-pt.geant.org 10-24-2023_longest.csv,65634469909.75005,125018037.92333344,525,537
esmond data perfsonar.restena.lu to psmp-gn-bw-lis-pt.geant.org 10-23-2023_mr40_Spline.csv,esmond data perfsonar-ankara.ulakbim.gov.tr to psmp-gn-bw-lis-pt.geant.org 10-24-2023_longest.csv,65644612596.1216,125037357.3259459,525,537
esmond data perfsonar.restena.lu to psmp-gn-bw-lis-pt.geant.org 10-23-2023_mr10_Linear.csv,esmond data perfsonar-ankara.ulakbim.gov.tr to psmp-gn-bw-lis-pt.geant.org 10-24-2023_longest.csv,65732642817.96389,125205033.93897884,525,537
esmond data perfsonar.restena.lu to psmp-gn-bw-lis-pt.geant.org 10-23-2023_mr30_Spline.csv,esmond data perfsonar-ankara.ulakbim.gov.tr to psmp-gn-bw-lis-pt.geant.org 10-24-2023_longest.csv,65816580929.80864,125364916.05677836,525,537
esmond data perfsonar.restena.lu to psmp-gn-bw-lis-pt.geant.org 10-23-2023_mr10_LOCF.csv,esmond data perfsonar-ankara.ulakbim.gov.tr to psmp-gn-bw-lis-pt.geant.org 10-24-2023_longest.csv,66088609011.966705,125883064.78469849,525,537
esmond data perfsonar.restena.lu to psmp-gn-bw-lis-pt.geant.org 10-23-2023_mr10_KNN_Sklearn.csv,esmond data perfsonar-ankara.ulakbim.gov.tr to psmp-gn-bw-lis-pt.geant.org 10-24-2023_longest.csv,66431837995.79948,126536834.27771328,525,537
esmond data perfsonar.restena.lu to psmp-gn-bw-lis-pt.geant.org 10-23-2023_mr10_Mean.csv,esmond data perfsonar-ankara.ulakbim.gov.tr to psmp-gn-bw-lis-pt.geant.org 10-24-2023_longest.csv,66431837995.79948,126536834.27771328,525,537
esmond data perfsonar.restena.lu to psmp-gn-bw-lis-pt.geant.org 10-23-2023_mr20_SVD_KNN.csv,esmond data perfsonar-ankara.ulakbim.gov.tr to psmp-gn-bw-lis-pt.geant.org 10-24-2023_longest.csv,66682601283.57694,127014478.63538465,525,537
esmond data perfsonar.restena.lu to psmp-gn-bw-lis-pt.geant.org 10-23-2023_mr10_SVD_KNN.csv,esmond data perfsonar-ankara.ulakbim.gov.tr to psmp-gn-bw-lis-pt.geant.org 10-24-2023_longest.csv,67309215163.48012,128208028.88281927,525,537
esmond data perfsonar.restena.lu to psmp-gn-bw-lis-pt.geant.org 10-23-2023_mr10_SVD_KNN_Hankel.csv,esmond data perfsonar-ankara.ulakbim.gov.tr to psmp-gn-bw-lis-pt.geant.org 10-24-2023_longest.csv,67374851668.28397,128333050.79673138,525,537
esmond data perfsonar.restena.lu to psmp-gn-bw-lis-pt.geant.org 10-23-2023_mr40_Mean.csv,esmond data perfsonar-ankara.ulakbim.gov.tr to psmp-gn-bw-lis-pt.geant.org 10-24-2023_longest.csv,67641365219.01609,128840695.65526874,525,537
esmond data perfsonar.restena.lu to psmp-gn-bw-lis-pt.geant.org 10-23-2023_mr40_KNN_Sklearn.csv,esmond data perfsonar-ankara.ulakbim.gov.tr to psmp-gn-bw-lis-pt.geant.org 10-24-2023_longest.csv,67641365219.01609,128840695.65526874,525,537
esmond data perfsonar.restena.lu to psmp-gn-bw-lis-pt.geant.org 10-23-2023_mr20_SVD_KNN_Hankel.csv,esmond data perfsonar-ankara.ulakbim.gov.tr to psmp-gn-bw-lis-pt.geant.org 10-24-2023_longest.csv,67662946066.78714,128881802.03197551,525,537
esmond data psmall.lut.ac.uk to psmp-gn-bw-vie-at.geant.org 10-24-2023_mr30_Mean.csv,esmond data perfsonar-ankara.ulakbim.gov.tr to psmp-gn-bw-lis-pt.geant.org 10-24-2023_longest.csv,63197213398.83531,129502486.47302318,488,537
esmond data psmall.lut.ac.uk to psmp-gn-bw-vie-at.geant.org 10-24-2023_mr30_KNN_Sklearn.csv,esmond data perfsonar-ankara.ulakbim.gov.tr to psmp-gn-bw-lis-pt.geant.org 10-24-2023_longest.csv,63197213398.83531,129502486.47302318,488,537
esmond data perfsonar.restena.lu to psmp-gn-bw-lis-pt.geant.org 10-23-2023_mr30_SVD_KNN_Hankel.csv,esmond data perfsonar-ankara.ulakbim.gov.tr to psmp-gn-bw-lis-pt.geant.org 10-24-2023_longest.csv,68235698654.62274,129972759.34213856,525,537
esmond data perfsonar.restena.lu to psmp-gn-bw-lis-pt.geant.org 10-23-2023_mr30_SVD_KNN.csv,esmond data perfsonar-ankara.ulakbim.gov.tr to psmp-gn-bw-lis-pt.geant.org 10-24-2023_longest.csv,68517611842.99725,130509736.84380428,525,537
esmond data perfsonar.restena.lu to psmp-gn-bw-lis-pt.geant.org 10-23-2023_mr10_Spline.csv,esmond data perfsonar-ankara.ulakbim.gov.tr to psmp-gn-bw-lis-pt.geant.org 10-24-2023_longest.csv,68541546901.00674,130555327.43048902,525,537
esmond data perfsonar.restena.lu to psmp-gn-bw-lis-pt.geant.org 10-23-2023_mr40_SVD_KNN.csv,esmond data perfsonar-ankara.ulakbim.gov.tr to psmp-gn-bw-lis-pt.geant.org 10-24-2023_longest.csv,70022716464.0847,133376602.78873277,525,537
esmond data perfsonar.restena.lu to psmp-gn-bw-lis-pt.geant.org 10-23-2023_mr40_SVD_KNN_Hankel.csv,esmond data perfsonar-ankara.ulakbim.gov.tr to psmp-gn-bw-lis-pt.geant.org 10-24-2023_longest.csv,71217992143.7381,135653318.36902496,525,537
esmond data psmall.lut.ac.uk to psmp-gn-bw-vie-at.geant.org 10-24-2023_mr20_KNN_Sklearn.csv,esmond data perfsonar-ankara.ulakbim.gov.tr to psmp-gn-bw-lis-pt.geant.org 10-24-2023_longest.csv,66460204156.29176,136188942.94322082,488,537
esmond data psmall.lut.ac.uk to psmp-gn-bw-vie-at.geant.org 10-24-2023_mr20_Mean.csv,esmond data perfsonar-ankara.ulakbim.gov.tr to psmp-gn-bw-lis-pt.geant.org 10-24-2023_longest.csv,66460204156.29176,136188942.94322082,488,537
esmond data psmp-gn-bw-lis-pt.geant.org to perfsonar-ankara.ulakbim.gov.tr 10-24-2023_mr40_Spline.csv,esmond data perfsonar-ankara.ulakbim.gov.tr to psmp-gn-bw-lis-pt.geant.org 10-24-2023_longest.csv,73510969675.58835,136891936.0811701,537,537
esmond data psmp-gn-bw-lis-pt.geant.org to perfsonar-ankara.ulakbim.gov.tr 10-24-2023_mr20_Spline.csv,esmond data perfsonar-ankara.ulakbim.gov.tr to psmp-gn-bw-lis-pt.geant.org 10-24-2023_longest.csv,74436479483.99486,138615418.03350997,537,537
esmond data psmp-gn-bw-lis-pt.geant.org to perfsonar-ankara.ulakbim.gov.tr 10-24-2023_mr30_Spline.csv,esmond data perfsonar-ankara.ulakbim.gov.tr to psmp-gn-bw-lis-pt.geant.org 10-24-2023_longest.csv,74820652519.1871,139330824.05807653,537,537
esmond data psmp-gn-bw-lis-pt.geant.org to perfsonar-ankara.ulakbim.gov.tr 10-24-2023_mr40_Linear.csv,esmond data perfsonar-ankara.ulakbim.gov.tr to psmp-gn-bw-lis-pt.geant.org 10-24-2023_longest.csv,74888127387.34845,139456475.58165446,537,537
esmond data psmp-gn-bw-lis-pt.geant.org to perfsonar-ankara.ulakbim.gov.tr 10-24-2023_mr10_SVD_KNN_Hankel.csv,esmond data perfsonar-ankara.ulakbim.gov.tr to psmp-gn-bw-lis-pt.geant.org 10-24-2023_longest.csv,74967214383.20703,139603751.17915648,537,537
esmond data psmp-gn-bw-lis-pt.geant.org to perfsonar-ankara.ulakbim.gov.tr 10-24-2023_mr10_LOCF.csv,esmond data perfsonar-ankara.ulakbim.gov.tr to psmp-gn-bw-lis-pt.geant.org 10-24-2023_longest.csv,74998186792.55002,139661427.91908756,537,537
esmond data psmp-gn-bw-lis-pt.geant.org to perfsonar-ankara.ulakbim.gov.tr 10-24-2023_mr20_Linear.csv,esmond data perfsonar-ankara.ulakbim.gov.tr to psmp-gn-bw-lis-pt.geant.org 10-24-2023_longest.csv,74999730467.7167,139664302.54695848,537,537
esmond data psmp-gn-bw-lis-pt.geant.org to perfsonar-ankara.ulakbim.gov.tr 10-24-2023_mr10_SVD_KNN.csv,esmond data perfsonar-ankara.ulakbim.gov.tr to psmp-gn-bw-lis-pt.geant.org 10-24-2023_longest.csv,75105486418.56564,139861241.00291553,537,537
esmond data psmp-gn-bw-lis-pt.geant.org to perfsonar-ankara.ulakbim.gov.tr 10-24-2023_mr10_KNN_Sklearn.csv,esmond data perfsonar-ankara.ulakbim.gov.tr to psmp-gn-bw-lis-pt.geant.org 10-24-2023_longest.csv,75349937251.08456,140316456.7059303,537,537
esmond data psmp-gn-bw-lis-pt.geant.org to perfsonar-ankara.ulakbim.gov.tr 10-24-2023_mr10_Mean.csv,esmond data perfsonar-ankara.ulakbim.gov.tr to psmp-gn-bw-lis-pt.geant.org 10-24-2023_longest.csv,75349937251.08456,140316456.7059303,537,537
esmond data psmp-gn-bw-lis-pt.geant.org to perfsonar-ankara.ulakbim.gov.tr 10-24-2023_mr30_Linear.csv,esmond data perfsonar-ankara.ulakbim.gov.tr to psmp-gn-bw-lis-pt.geant.org 10-24-2023_longest.csv,75366909130.7389,140348061.69597563,537,537
esmond data psmp-gn-bw-lis-pt.geant.org to perfsonar-ankara.ulakbim.gov.tr 10-24-2023_mr20_SVD_KNN_Hankel.csv,esmond data perfsonar-ankara.ulakbim.gov.tr to psmp-gn-bw-lis-pt.geant.org 10-24-2023_longest.csv,75382408477.45752,140376924.53902704,537,537
esmond data psmp-gn-bw-lis-pt.geant.org to perfsonar-ankara.ulakbim.gov.tr 10-24-2023_mr10_Spline.csv,esmond data perfsonar-ankara.ulakbim.gov.tr to psmp-gn-bw-lis-pt.geant.org 10-24-2023_longest.csv,75422446883.25337,140451483.9539169,537,537
esmond data psmp-gn-bw-lis-pt.geant.org to perfsonar-ankara.ulakbim.gov.tr 10-24-2023_mr30_LOCF.csv,esmond data perfsonar-ankara.ulakbim.gov.tr to psmp-gn-bw-lis-pt.geant.org 10-24-2023_longest.csv,75450092244.80002,140502965.07411548,537,537
esmond data psmp-gn-bw-lis-pt.geant.org to perfsonar-ankara.ulakbim.gov.tr 10-24-2023_mr40_LOCF.csv,esmond data perfsonar-ankara.ulakbim.gov.tr to psmp-gn-bw-lis-pt.geant.org 10-24-2023_longest.csv,75483835566.30002,140565801.79944137,537,537
esmond data psmp-gn-bw-lis-pt.geant.org to perfsonar-ankara.ulakbim.gov.tr 10-24-2023_mr20_LOCF.csv,esmond data perfsonar-ankara.ulakbim.gov.tr to psmp-gn-bw-lis-pt.geant.org 10-24-2023_longest.csv,75853407361.63336,141254017.43320924,537,537
esmond data psmp-gn-bw-lis-pt.geant.org to perfsonar-ankara.ulakbim.gov.tr 10-24-2023_mr10_Linear.csv,esmond data perfsonar-ankara.ulakbim.gov.tr to psmp-gn-bw-lis-pt.geant.org 10-24-2023_longest.csv,76036444704.21669,141594869.0953756,537,537
esmond data psmp-gn-bw-lis-pt.geant.org to perfsonar-ankara.ulakbim.gov.tr 10-24-2023_mr30_SVD_KNN_Hankel.csv,esmond data perfsonar-ankara.ulakbim.gov.tr to psmp-gn-bw-lis-pt.geant.org 10-24-2023_longest.csv,76039978191.10674,141601449.14545015,537,537
esmond data psmp-gn-bw-lis-pt.geant.org to perfsonar-ankara.ulakbim.gov.tr 10-24-2023_mr20_SVD_KNN.csv,esmond data perfsonar-ankara.ulakbim.gov.tr to psmp-gn-bw-lis-pt.geant.org 10-24-2023_longest.csv,76110503139.43214,141732780.52035782,537,537
esmond data psmp-gn-bw-lis-pt.geant.org to perfsonar-ankara.ulakbim.gov.tr 10-24-2023_mr20_KNN_Sklearn.csv,esmond data perfsonar-ankara.ulakbim.gov.tr to psmp-gn-bw-lis-pt.geant.org 10-24-2023_longest.csv,76136743345.21101,141781644.963149,537,537
esmond data psmp-gn-bw-lis-pt.geant.org to perfsonar-ankara.ulakbim.gov.tr 10-24-2023_mr20_Mean.csv,esmond data perfsonar-ankara.ulakbim.gov.tr to psmp-gn-bw-lis-pt.geant.org 10-24-2023_longest.csv,76136743345.21101,141781644.963149,537,537
esmond data psmp-gn-bw-lis-pt.geant.org to perfsonar-ankara.ulakbim.gov.tr 10-24-2023_mr40_SVD_KNN.csv,esmond data perfsonar-ankara.ulakbim.gov.tr to psmp-gn-bw-lis-pt.geant.org 10-24-2023_longest.csv,76346718461.53792,142172660.0773518,537,537
esmond data psmp-gn-bw-lis-pt.geant.org to perfsonar-ankara.ulakbim.gov.tr 10-24-2023_mr30_Mean.csv,esmond data perfsonar-ankara.ulakbim.gov.tr to psmp-gn-bw-lis-pt.geant.org 10-24-2023_longest.csv,76437827519.20972,142342323.12701997,537,537
esmond data psmp-gn-bw-lis-pt.geant.org to perfsonar-ankara.ulakbim.gov.tr 10-24-2023_mr30_KNN_Sklearn.csv,esmond data perfsonar-ankara.ulakbim.gov.tr to psmp-gn-bw-lis-pt.geant.org 10-24-2023_longest.csv,76437827519.20972,142342323.12701997,537,537
esmond data psmp-gn-bw-lis-pt.geant.org to perfsonar-ankara.ulakbim.gov.tr 10-24-2023_mr40_Mean.csv,esmond data perfsonar-ankara.ulakbim.gov.tr to psmp-gn-bw-lis-pt.geant.org 10-24-2023_longest.csv,76443747286.3334,142353346.9019244,537,537
esmond data psmp-gn-bw-lis-pt.geant.org to perfsonar-ankara.ulakbim.gov.tr 10-24-2023_mr40_KNN_Sklearn.csv,esmond data perfsonar-ankara.ulakbim.gov.tr to psmp-gn-bw-lis-pt.geant.org 10-24-2023_longest.csv,76443747286.3334,142353346.9019244,537,537
esmond data psmp-gn-bw-lis-pt.geant.org to perfsonar-ankara.ulakbim.gov.tr 10-24-2023_mr30_SVD_KNN.csv,esmond data perfsonar-ankara.ulakbim.gov.tr to psmp-gn-bw-lis-pt.geant.org 10-24-2023_longest.csv,76518676841.20374,142492880.52365687,537,537
esmond data psmp-gn-bw-lis-pt.geant.org to perfsonar-ankara.ulakbim.gov.tr 10-24-2023_mr40_SVD_KNN_Hankel.csv,esmond data perfsonar-ankara.ulakbim.gov.tr to psmp-gn-bw-lis-pt.geant.org 10-24-2023_longest.csv,76574140986.52084,142596165.71046713,537,537
esmond data psmall.lut.ac.uk to psmp-gn-bw-vie-at.geant.org 10-24-2023_mr20_SVD_KNN.csv,esmond data perfsonar-ankara.ulakbim.gov.tr to psmp-gn-bw-lis-pt.geant.org 10-24-2023_longest.csv,69738314231.4703,142906381.6218654,488,537
esmond data psmall.lut.ac.uk to psmp-gn-bw-vie-at.geant.org 10-24-2023_mr10_Mean.csv,esmond data perfsonar-ankara.ulakbim.gov.tr to psmp-gn-bw-lis-pt.geant.org 10-24-2023_longest.csv,71430752400.85747,146374492.62470794,488,537
esmond data psmall.lut.ac.uk to psmp-gn-bw-vie-at.geant.org 10-24-2023_mr10_KNN_Sklearn.csv,esmond data perfsonar-ankara.ulakbim.gov.tr to psmp-gn-bw-lis-pt.geant.org 10-24-2023_longest.csv,71430752400.85747,146374492.62470794,488,537
esmond data psmall.lut.ac.uk to psmp-gn-bw-vie-at.geant.org 10-24-2023_mr40_SVD_KNN_Hankel.csv,esmond data perfsonar-ankara.ulakbim.gov.tr to psmp-gn-bw-lis-pt.geant.org 10-24-2023_longest.csv,71607719152.0578,146737129.40995452,488,537
esmond data psmall.lut.ac.uk to psmp-gn-bw-vie-at.geant.org 10-24-2023_mr20_SVD_KNN_Hankel.csv,esmond data perfsonar-ankara.ulakbim.gov.tr to psmp-gn-bw-lis-pt.geant.org 10-24-2023_longest.csv,72161936975.24403,147872821.67058203,488,537
esmond data psmall.lut.ac.uk to psmp-gn-bw-vie-at.geant.org 10-24-2023_mr40_Linear.csv,esmond data perfsonar-ankara.ulakbim.gov.tr to psmp-gn-bw-lis-pt.geant.org 10-24-2023_longest.csv,72176322201.47028,147902299.59317678,488,537
esmond data psmall.lut.ac.uk to psmp-gn-bw-vie-at.geant.org 10-24-2023_mr10_SVD_KNN.csv,esmond data perfsonar-ankara.ulakbim.gov.tr to psmp-gn-bw-lis-pt.geant.org 10-24-2023_longest.csv,72363349492.09435,148285552.23789826,488,537
esmond data psmall.lut.ac.uk to psmp-gn-bw-vie-at.geant.org 10-24-2023_mr30_SVD_KNN.csv,esmond data perfsonar-ankara.ulakbim.gov.tr to psmp-gn-bw-lis-pt.geant.org 10-24-2023_longest.csv,72451795149.98798,148466793.3401393,488,537
esmond data psmall.lut.ac.uk to psmp-gn-bw-vie-at.geant.org 10-24-2023_mr30_Linear.csv,esmond data perfsonar-ankara.ulakbim.gov.tr to psmp-gn-bw-lis-pt.geant.org 10-24-2023_longest.csv,73441647644.53549,150495179.59945798,488,537
esmond data psmp-gn-bw-poz-pl.geant.org to perfsonar-ankara.ulakbim.gov.tr 10-24-2023_mr30_LOCF.csv,esmond data perfsonar-ankara.ulakbim.gov.tr to psmp-gn-bw-lis-pt.geant.org 10-24-2023_longest.csv,83470898899.54999,155439290.31573555,537,537
esmond data psmall.lut.ac.uk to psmp-gn-bw-vie-at.geant.org 10-24-2023_mr30_SVD_KNN_Hankel.csv,esmond data perfsonar-ankara.ulakbim.gov.tr to psmp-gn-bw-lis-pt.geant.org 10-24-2023_longest.csv,75854417468.32281,155439380.05803856,488,537
esmond data psmp-gn-bw-poz-pl.geant.org to perfsonar-ankara.ulakbim.gov.tr 10-24-2023_mr20_Spline.csv,esmond data perfsonar-ankara.ulakbim.gov.tr to psmp-gn-bw-lis-pt.geant.org 10-24-2023_longest.csv,83600357054.72163,155680366.9547889,537,537
esmond data psmp-gn-bw-poz-pl.geant.org to perfsonar-ankara.ulakbim.gov.tr 10-24-2023_mr30_Spline.csv,esmond data perfsonar-ankara.ulakbim.gov.tr to psmp-gn-bw-lis-pt.geant.org 10-24-2023_longest.csv,83658652746.86047,155788925.0407085,537,537
esmond data psmp-gn-bw-poz-pl.geant.org to perfsonar-ankara.ulakbim.gov.tr 10-24-2023_mr10_Spline.csv,esmond data perfsonar-ankara.ulakbim.gov.tr to psmp-gn-bw-lis-pt.geant.org 10-24-2023_longest.csv,83683774941.08313,155835707.52529448,537,537
esmond data psmp-gn-bw-poz-pl.geant.org to perfsonar-ankara.ulakbim.gov.tr 10-24-2023_mr30_Linear.csv,esmond data perfsonar-ankara.ulakbim.gov.tr to psmp-gn-bw-lis-pt.geant.org 10-24-2023_longest.csv,83809539389.28334,156069905.7528554,537,537
esmond data psmp-gn-bw-poz-pl.geant.org to perfsonar-ankara.ulakbim.gov.tr 10-24-2023_mr10_Linear.csv,esmond data perfsonar-ankara.ulakbim.gov.tr to psmp-gn-bw-lis-pt.geant.org 10-24-2023_longest.csv,83837981120.04997,156122869.86973923,537,537
esmond data psmp-gn-bw-poz-pl.geant.org to perfsonar-ankara.ulakbim.gov.tr 10-24-2023_mr20_SVD_KNN_Hankel.csv,esmond data perfsonar-ankara.ulakbim.gov.tr to psmp-gn-bw-lis-pt.geant.org 10-24-2023_longest.csv,83839920993.1823,156126482.29642886,537,537
esmond data psmp-gn-bw-poz-pl.geant.org to perfsonar-ankara.ulakbim.gov.tr 10-24-2023_mr20_Linear.csv,esmond data perfsonar-ankara.ulakbim.gov.tr to psmp-gn-bw-lis-pt.geant.org 10-24-2023_longest.csv,83870685732.13332,156183772.31309742,537,537
esmond data psmall.lut.ac.uk to psmp-gn-bw-vie-at.geant.org 10-24-2023_mr10_SVD_KNN_Hankel.csv,esmond data perfsonar-ankara.ulakbim.gov.tr to psmp-gn-bw-lis-pt.geant.org 10-24-2023_longest.csv,76223174968.95985,156195030.67409807,488,537
esmond data psmp-gn-bw-poz-pl.geant.org to perfsonar-ankara.ulakbim.gov.tr 10-24-2023_mr10_SVD_KNN.csv,esmond data perfsonar-ankara.ulakbim.gov.tr to psmp-gn-bw-lis-pt.geant.org 10-24-2023_longest.csv,83899666709.11354,156237740.6128744,537,537
esmond data psmp-gn-bw-poz-pl.geant.org to perfsonar-ankara.ulakbim.gov.tr 10-24-2023_mr10_LOCF.csv,esmond data perfsonar-ankara.ulakbim.gov.tr to psmp-gn-bw-lis-pt.geant.org 10-24-2023_longest.csv,83936636648.21664,156306585.93708873,537,537
esmond data psmp-gn-bw-poz-pl.geant.org to perfsonar-ankara.ulakbim.gov.tr 10-24-2023_mr10_SVD_KNN_Hankel.csv,esmond data perfsonar-ankara.ulakbim.gov.tr to psmp-gn-bw-lis-pt.geant.org 10-24-2023_longest.csv,84001044564.7316,156426526.1913065,537,537
esmond data psmp-gn-bw-poz-pl.geant.org to perfsonar-ankara.ulakbim.gov.tr 10-24-2023_mr10_Mean.csv,esmond data perfsonar-ankara.ulakbim.gov.tr to psmp-gn-bw-lis-pt.geant.org 10-24-2023_longest.csv,84005283276.7025,156434419.50968808,537,537
esmond data psmp-gn-bw-poz-pl.geant.org to perfsonar-ankara.ulakbim.gov.tr 10-24-2023_mr10_KNN_Sklearn.csv,esmond data perfsonar-ankara.ulakbim.gov.tr to psmp-gn-bw-lis-pt.geant.org 10-24-2023_longest.csv,84005283276.7025,156434419.50968808,537,537
esmond data psmp-gn-bw-poz-pl.geant.org to perfsonar-ankara.ulakbim.gov.tr 10-24-2023_mr20_Mean.csv,esmond data perfsonar-ankara.ulakbim.gov.tr to psmp-gn-bw-lis-pt.geant.org 10-24-2023_longest.csv,84007270015.54112,156438119.20957378,537,537
esmond data psmp-gn-bw-poz-pl.geant.org to perfsonar-ankara.ulakbim.gov.tr 10-24-2023_mr20_KNN_Sklearn.csv,esmond data perfsonar-ankara.ulakbim.gov.tr to psmp-gn-bw-lis-pt.geant.org 10-24-2023_longest.csv,84007270015.54112,156438119.20957378,537,537
esmond data psmp-gn-bw-poz-pl.geant.org to perfsonar-ankara.ulakbim.gov.tr 10-24-2023_mr30_KNN_Sklearn.csv,esmond data perfsonar-ankara.ulakbim.gov.tr to psmp-gn-bw-lis-pt.geant.org 10-24-2023_longest.csv,84019308665.17198,156460537.5515307,537,537
esmond data psmp-gn-bw-poz-pl.geant.org to perfsonar-ankara.ulakbim.gov.tr 10-24-2023_mr30_Mean.csv,esmond data perfsonar-ankara.ulakbim.gov.tr to psmp-gn-bw-lis-pt.geant.org 10-24-2023_longest.csv,84019308665.17198,156460537.5515307,537,537
esmond data psmp-gn-bw-poz-pl.geant.org to perfsonar-ankara.ulakbim.gov.tr 10-24-2023_mr20_LOCF.csv,esmond data perfsonar-ankara.ulakbim.gov.tr to psmp-gn-bw-lis-pt.geant.org 10-24-2023_longest.csv,84046752166.88333,156511642.76887026,537,537
esmond data psmp-gn-bw-poz-pl.geant.org to perfsonar-ankara.ulakbim.gov.tr 10-24-2023_mr30_SVD_KNN_Hankel.csv,esmond data perfsonar-ankara.ulakbim.gov.tr to psmp-gn-bw-lis-pt.geant.org 10-24-2023_longest.csv,84059632101.87541,156535627.75023353,537,537
esmond data psmp-gn-bw-poz-pl.geant.org to perfsonar-ankara.ulakbim.gov.tr 10-24-2023_mr20_SVD_KNN.csv,esmond data perfsonar-ankara.ulakbim.gov.tr to psmp-gn-bw-lis-pt.geant.org 10-24-2023_longest.csv,84097717247.38687,156606549.8089141,537,537
esmond data psmall.lut.ac.uk to psmp-gn-bw-vie-at.geant.org 10-24-2023_mr10_Spline.csv,esmond data perfsonar-ankara.ulakbim.gov.tr to psmp-gn-bw-lis-pt.geant.org 10-24-2023_longest.csv,76514925433.83763,156792879.9873722,488,537
esmond data psmp-gn-bw-poz-pl.geant.org to perfsonar-ankara.ulakbim.gov.tr 10-24-2023_mr30_SVD_KNN.csv,esmond data perfsonar-ankara.ulakbim.gov.tr to psmp-gn-bw-lis-pt.geant.org 10-24-2023_longest.csv,84325629328.13458,157030967.0914983,537,537
esmond data psmall.lut.ac.uk to psmp-gn-bw-vie-at.geant.org 10-24-2023_mr40_SVD_KNN.csv,esmond data perfsonar-ankara.ulakbim.gov.tr to psmp-gn-bw-lis-pt.geant.org 10-24-2023_longest.csv,76065011171.66664,157159113.9910468,484,537
esmond data psmp-gn-bw-poz-pl.geant.org to perfsonar-ankara.ulakbim.gov.tr 10-24-2023_mr40_Spline.csv,esmond data perfsonar-ankara.ulakbim.gov.tr to psmp-gn-bw-lis-pt.geant.org 10-24-2023_longest.csv,84514014757.37027,157381777.9466858,537,537
esmond data psmp-gn-bw-poz-pl.geant.org to perfsonar-ankara.ulakbim.gov.tr 10-24-2023_mr40_LOCF.csv,esmond data perfsonar-ankara.ulakbim.gov.tr to psmp-gn-bw-lis-pt.geant.org 10-24-2023_longest.csv,84679284338.71664,157689542.5301986,537,537
esmond data psmp-gn-bw-poz-pl.geant.org to perfsonar-ankara.ulakbim.gov.tr 10-24-2023_mr40_Linear.csv,esmond data perfsonar-ankara.ulakbim.gov.tr to psmp-gn-bw-lis-pt.geant.org 10-24-2023_longest.csv,84958049623.78331,158208658.51728734,537,537
esmond data psmall.lut.ac.uk to psmp-gn-bw-vie-at.geant.org 10-24-2023_mr10_LOCF.csv,esmond data perfsonar-ankara.ulakbim.gov.tr to psmp-gn-bw-lis-pt.geant.org 10-24-2023_longest.csv,77273113911.51665,158346544.90064886,488,537
esmond data psmp-gn-bw-poz-pl.geant.org to perfsonar-ankara.ulakbim.gov.tr 10-24-2023_mr40_SVD_KNN.csv,esmond data perfsonar-ankara.ulakbim.gov.tr to psmp-gn-bw-lis-pt.geant.org 10-24-2023_longest.csv,85238814866.72055,158731498.82070866,537,537
esmond data psmp-gn-bw-poz-pl.geant.org to perfsonar-ankara.ulakbim.gov.tr 10-24-2023_mr40_KNN_Sklearn.csv,esmond data perfsonar-ankara.ulakbim.gov.tr to psmp-gn-bw-lis-pt.geant.org 10-24-2023_longest.csv,85327269819.03386,158896219.40229768,537,537
esmond data psmp-gn-bw-poz-pl.geant.org to perfsonar-ankara.ulakbim.gov.tr 10-24-2023_mr40_Mean.csv,esmond data perfsonar-ankara.ulakbim.gov.tr to psmp-gn-bw-lis-pt.geant.org 10-24-2023_longest.csv,85327269819.03386,158896219.40229768,537,537
esmond data psmp-gn-bw-poz-pl.geant.org to perfsonar-ankara.ulakbim.gov.tr 10-24-2023_mr40_SVD_KNN_Hankel.csv,esmond data perfsonar-ankara.ulakbim.gov.tr to psmp-gn-bw-lis-pt.geant.org 10-24-2023_longest.csv,85409768281.34642,159049847.82373634,537,537
esmond data psmall.lut.ac.uk to psmp-gn-bw-vie-at.geant.org 10-24-2023_mr10_Linear.csv,esmond data perfsonar-ankara.ulakbim.gov.tr to psmp-gn-bw-lis-pt.geant.org 10-24-2023_longest.csv,77618532551.26665,159054369.9821038,488,537
esmond data psmall.lut.ac.uk to psmp-gn-bw-vie-at.geant.org 10-24-2023_mr30_Spline.csv,esmond data perfsonar-ankara.ulakbim.gov.tr to psmp-gn-bw-lis-pt.geant.org 10-24-2023_longest.csv,80046185985.29501,164029069.641998,488,537
esmond data psmall.lut.ac.uk to psmp-gn-bw-vie-at.geant.org 10-24-2023_mr20_LOCF.csv,esmond data perfsonar-ankara.ulakbim.gov.tr to psmp-gn-bw-lis-pt.geant.org 10-24-2023_longest.csv,80227087635.31659,164399769.7445012,488,537
esmond data psmall.lut.ac.uk to psmp-gn-bw-vie-at.geant.org 10-24-2023_mr30_LOCF.csv,esmond data perfsonar-ankara.ulakbim.gov.tr to psmp-gn-bw-lis-pt.geant.org 10-24-2023_longest.csv,80900892219.3667,165780516.84296456,488,537
esmond data psmall.lut.ac.uk to psmp-gn-bw-vie-at.geant.org 10-24-2023_mr40_LOCF.csv,esmond data perfsonar-ankara.ulakbim.gov.tr to psmp-gn-bw-lis-pt.geant.org 10-24-2023_longest.csv,83025191687.18329,170133589.5229166,488,537
esmond data psmall.lut.ac.uk to psmp-gn-bw-vie-at.geant.org 10-24-2023_mr40_Spline.csv,esmond data perfsonar-ankara.ulakbim.gov.tr to psmp-gn-bw-lis-pt.geant.org 10-24-2023_longest.csv,83366396975.86536,170832780.6882487,488,537
esmond data psmall.lut.ac.uk to psmp-gn-bw-vie-at.geant.org 10-24-2023_mr20_Linear.csv,esmond data perfsonar-ankara.ulakbim.gov.tr to psmp-gn-bw-lis-pt.geant.org 10-24-2023_longest.csv,88933634183.01495,182241053.65371916,488,537
esmond data psmall.lut.ac.uk to psmp-gn-bw-vie-at.geant.org 10-24-2023_mr20_Spline.csv,esmond data perfsonar-ankara.ulakbim.gov.tr to psmp-gn-bw-lis-pt.geant.org 10-24-2023_longest.csv,93907340249.09903,192433074.28094062,488,537
esmond data psmp-gn-bw-vie-at.geant.org to psmall.lut.ac.uk 10-24-2023_mr30_Spline.csv,esmond data perfsonar-ankara.ulakbim.gov.tr to psmp-gn-bw-lis-pt.geant.org 10-24-2023_longest.csv,318444620168.12634,593006741.4676468,537,537
esmond data psmp-gn-bw-vie-at.geant.org to psmall.lut.ac.uk 10-24-2023_mr40_Linear.csv,esmond data perfsonar-ankara.ulakbim.gov.tr to psmp-gn-bw-lis-pt.geant.org 10-24-2023_longest.csv,320436353552.2496,596715742.1829602,537,537
esmond data psmp-gn-bw-vie-at.geant.org to psmall.lut.ac.uk 10-24-2023_mr40_SVD_KNN.csv,esmond data perfsonar-ankara.ulakbim.gov.tr to psmp-gn-bw-lis-pt.geant.org 10-24-2023_longest.csv,320773501005.4783,597343577.2913934,537,537
esmond data psmp-gn-bw-vie-at.geant.org to psmall.lut.ac.uk 10-24-2023_mr40_LOCF.csv,esmond data perfsonar-ankara.ulakbim.gov.tr to psmp-gn-bw-lis-pt.geant.org 10-24-2023_longest.csv,320902538326.4501,597583870.254097,537,537
esmond data psmp-gn-bw-vie-at.geant.org to psmall.lut.ac.uk 10-24-2023_mr20_Spline.csv,esmond data perfsonar-ankara.ulakbim.gov.tr to psmp-gn-bw-lis-pt.geant.org 10-24-2023_longest.csv,321173509925.2216,598088472.8588856,537,537
esmond data psmp-gn-bw-vie-at.geant.org to psmall.lut.ac.uk 10-24-2023_mr10_Spline.csv,esmond data perfsonar-ankara.ulakbim.gov.tr to psmp-gn-bw-lis-pt.geant.org 10-24-2023_longest.csv,321202948230.2017,598143292.7936717,537,537
esmond data psmp-gn-bw-vie-at.geant.org to psmall.lut.ac.uk 10-24-2023_mr10_Linear.csv,esmond data perfsonar-ankara.ulakbim.gov.tr to psmp-gn-bw-lis-pt.geant.org 10-24-2023_longest.csv,321338897911.0334,598396457.9348853,537,537
esmond data psmp-gn-bw-vie-at.geant.org to psmall.lut.ac.uk 10-24-2023_mr10_Mean.csv,esmond data perfsonar-ankara.ulakbim.gov.tr to psmp-gn-bw-lis-pt.geant.org 10-24-2023_longest.csv,321399721746.4159,598509723.9225622,537,537
esmond data psmp-gn-bw-vie-at.geant.org to psmall.lut.ac.uk 10-24-2023_mr10_KNN_Sklearn.csv,esmond data perfsonar-ankara.ulakbim.gov.tr to psmp-gn-bw-lis-pt.geant.org 10-24-2023_longest.csv,321399721746.4159,598509723.9225622,537,537
esmond data psmp-gn-bw-vie-at.geant.org to psmall.lut.ac.uk 10-24-2023_mr10_LOCF.csv,esmond data perfsonar-ankara.ulakbim.gov.tr to psmp-gn-bw-lis-pt.geant.org 10-24-2023_longest.csv,321444897653.9501,598593850.3797953,537,537
esmond data psmp-gn-bw-vie-at.geant.org to psmall.lut.ac.uk 10-24-2023_mr10_SVD_KNN_Hankel.csv,esmond data perfsonar-ankara.ulakbim.gov.tr to psmp-gn-bw-lis-pt.geant.org 10-24-2023_longest.csv,321831287849.56537,599313385.1947213,537,537
esmond data psmp-gn-bw-vie-at.geant.org to psmall.lut.ac.uk 10-24-2023_mr10_SVD_KNN.csv,esmond data perfsonar-ankara.ulakbim.gov.tr to psmp-gn-bw-lis-pt.geant.org 10-24-2023_longest.csv,321853996094.05005,599355672.4283986,537,537
esmond data psmp-gn-bw-vie-at.geant.org to psmall.lut.ac.uk 10-24-2023_mr20_Mean.csv,esmond data perfsonar-ankara.ulakbim.gov.tr to psmp-gn-bw-lis-pt.geant.org 10-24-2023_longest.csv,321906612094.3654,599453653.807012,537,537
esmond data psmp-gn-bw-vie-at.geant.org to psmall.lut.ac.uk 10-24-2023_mr20_KNN_Sklearn.csv,esmond data perfsonar-ankara.ulakbim.gov.tr to psmp-gn-bw-lis-pt.geant.org 10-24-2023_longest.csv,321906612094.3654,599453653.807012,537,537
esmond data psmp-gn-bw-vie-at.geant.org to psmall.lut.ac.uk 10-24-2023_mr30_Linear.csv,esmond data perfsonar-ankara.ulakbim.gov.tr to psmp-gn-bw-lis-pt.geant.org 10-24-2023_longest.csv,322022671740.80273,599669779.7780311,537,537
esmond data psmp-gn-bw-vie-at.geant.org to psmall.lut.ac.uk 10-24-2023_mr20_Linear.csv,esmond data perfsonar-ankara.ulakbim.gov.tr to psmp-gn-bw-lis-pt.geant.org 10-24-2023_longest.csv,322026864775.8195,599677588.0369079,537,537
esmond data psmp-gn-bw-vie-at.geant.org to psmall.lut.ac.uk 10-24-2023_mr20_LOCF.csv,esmond data perfsonar-ankara.ulakbim.gov.tr to psmp-gn-bw-lis-pt.geant.org 10-24-2023_longest.csv,322049123778.6168,599719038.693886,537,537
esmond data psmp-gn-bw-vie-at.geant.org to psmall.lut.ac.uk 10-24-2023_mr20_SVD_KNN.csv,esmond data perfsonar-ankara.ulakbim.gov.tr to psmp-gn-bw-lis-pt.geant.org 10-24-2023_longest.csv,322134549209.2723,599878117.708142,537,537
esmond data psmp-gn-bw-vie-at.geant.org to psmall.lut.ac.uk 10-24-2023_mr30_KNN_Sklearn.csv,esmond data perfsonar-ankara.ulakbim.gov.tr to psmp-gn-bw-lis-pt.geant.org 10-24-2023_longest.csv,322169897210.6161,599943942.6640896,537,537
esmond data psmp-gn-bw-vie-at.geant.org to psmall.lut.ac.uk 10-24-2023_mr30_Mean.csv,esmond data perfsonar-ankara.ulakbim.gov.tr to psmp-gn-bw-lis-pt.geant.org 10-24-2023_longest.csv,322169897210.6161,599943942.6640896,537,537
esmond data psmp-gn-bw-vie-at.geant.org to psmall.lut.ac.uk 10-24-2023_mr30_LOCF.csv,esmond data perfsonar-ankara.ulakbim.gov.tr to psmp-gn-bw-lis-pt.geant.org 10-24-2023_longest.csv,322192756705.95013,599986511.5567042,537,537
esmond data psmp-gn-bw-vie-at.geant.org to psmall.lut.ac.uk 10-24-2023_mr40_Mean.csv,esmond data perfsonar-ankara.ulakbim.gov.tr to psmp-gn-bw-lis-pt.geant.org 10-24-2023_longest.csv,322276346042.84436,600142171.4019448,537,537
esmond data psmp-gn-bw-vie-at.geant.org to psmall.lut.ac.uk 10-24-2023_mr40_KNN_Sklearn.csv,esmond data perfsonar-ankara.ulakbim.gov.tr to psmp-gn-bw-lis-pt.geant.org 10-24-2023_longest.csv,322276346042.84436,600142171.4019448,537,537
esmond data psmp-gn-bw-vie-at.geant.org to psmall.lut.ac.uk 10-24-2023_mr20_SVD_KNN_Hankel.csv,esmond data perfsonar-ankara.ulakbim.gov.tr to psmp-gn-bw-lis-pt.geant.org 10-24-2023_longest.csv,322887169232.46387,601279644.7531916,537,537
esmond data psmp-gn-bw-vie-at.geant.org to psmall.lut.ac.uk 10-24-2023_mr30_SVD_KNN.csv,esmond data perfsonar-ankara.ulakbim.gov.tr to psmp-gn-bw-lis-pt.geant.org 10-24-2023_longest.csv,323454363896.0212,602335873.1769482,537,537
esmond data psmp-gn-bw-vie-at.geant.org to psmall.lut.ac.uk 10-24-2023_mr30_SVD_KNN_Hankel.csv,esmond data perfsonar-ankara.ulakbim.gov.tr to psmp-gn-bw-lis-pt.geant.org 10-24-2023_longest.csv,323510330475.02997,602440093.9944692,537,537
esmond data psmp-gn-bw-vie-at.geant.org to psmall.lut.ac.uk 10-24-2023_mr40_Spline.csv,esmond data perfsonar-ankara.ulakbim.gov.tr to psmp-gn-bw-lis-pt.geant.org 10-24-2023_longest.csv,323746514179.1289,602879914.6724933,537,537
esmond data psmp-gn-bw-vie-at.geant.org to psmall.lut.ac.uk 10-24-2023_mr40_SVD_KNN_Hankel.csv,esmond data perfsonar-ankara.ulakbim.gov.tr to psmp-gn-bw-lis-pt.geant.org 10-24-2023_longest.csv,324237428790.86365,603794094.5826138,537,537
esmond data perfsonar-sonda.rediris.es to psmp-gn-bw-lis-pt.geant.org 10-24-2023_mr40_LOCF.csv,esmond data perfsonar-ankara.ulakbim.gov.tr to psmp-gn-bw-lis-pt.geant.org 10-24-2023_longest.csv,203251765937.35,1328442914.6232026,153,537
esmond data perfsonar-sonda.rediris.es to psmp-gn-bw-lis-pt.geant.org 10-24-2023_mr30_LOCF.csv,esmond data perfsonar-ankara.ulakbim.gov.tr to psmp-gn-bw-lis-pt.geant.org 10-24-2023_longest.csv,203267981274.48334,1328548897.2188454,153,537
esmond data perfsonar-sonda.rediris.es to psmp-gn-bw-lis-pt.geant.org 10-24-2023_mr30_Mean.csv,esmond data perfsonar-ankara.ulakbim.gov.tr to psmp-gn-bw-lis-pt.geant.org 10-24-2023_longest.csv,204104420779.46967,1334015822.088037,153,537
esmond data perfsonar-sonda.rediris.es to psmp-gn-bw-lis-pt.geant.org 10-24-2023_mr30_KNN_Sklearn.csv,esmond data perfsonar-ankara.ulakbim.gov.tr to psmp-gn-bw-lis-pt.geant.org 10-24-2023_longest.csv,204104420779.46967,1334015822.088037,153,537
esmond data perfsonar-sonda.rediris.es to psmp-gn-bw-lis-pt.geant.org 10-24-2023_mr40_KNN_Sklearn.csv,esmond data perfsonar-ankara.ulakbim.gov.tr to psmp-gn-bw-lis-pt.geant.org 10-24-2023_longest.csv,204135465527.2412,1334218728.936217,153,537
esmond data perfsonar-sonda.rediris.es to psmp-gn-bw-lis-pt.geant.org 10-24-2023_mr40_Mean.csv,esmond data perfsonar-ankara.ulakbim.gov.tr to psmp-gn-bw-lis-pt.geant.org 10-24-2023_longest.csv,204135465527.2412,1334218728.936217,153,537
esmond data perfsonar-sonda.rediris.es to psmp-gn-bw-lis-pt.geant.org 10-24-2023_mr30_Spline.csv,esmond data perfsonar-ankara.ulakbim.gov.tr to psmp-gn-bw-lis-pt.geant.org 10-24-2023_longest.csv,204173347121.29037,1334466321.0541854,153,537
esmond data perfsonar-sonda.rediris.es to psmp-gn-bw-lis-pt.geant.org 10-24-2023_mr10_LOCF.csv,esmond data perfsonar-ankara.ulakbim.gov.tr to psmp-gn-bw-lis-pt.geant.org 10-24-2023_longest.csv,204281360938.71658,1335172293.7171018,153,537
esmond data perfsonar-sonda.rediris.es to psmp-gn-bw-lis-pt.geant.org 10-24-2023_mr40_Linear.csv,esmond data perfsonar-ankara.ulakbim.gov.tr to psmp-gn-bw-lis-pt.geant.org 10-24-2023_longest.csv,204387205643.38327,1335864089.1724396,153,537
esmond data perfsonar-sonda.rediris.es to psmp-gn-bw-lis-pt.geant.org 10-24-2023_mr30_Linear.csv,esmond data perfsonar-ankara.ulakbim.gov.tr to psmp-gn-bw-lis-pt.geant.org 10-24-2023_longest.csv,204398764974.3972,1335939640.3555372,153,537
esmond data perfsonar-sonda.rediris.es to psmp-gn-bw-lis-pt.geant.org 10-24-2023_mr10_Mean.csv,esmond data perfsonar-ankara.ulakbim.gov.tr to psmp-gn-bw-lis-pt.geant.org 10-24-2023_longest.csv,204425291188.87573,1336113014.3063774,153,537
esmond data perfsonar-sonda.rediris.es to psmp-gn-bw-lis-pt.geant.org 10-24-2023_mr10_KNN_Sklearn.csv,esmond data perfsonar-ankara.ulakbim.gov.tr to psmp-gn-bw-lis-pt.geant.org 10-24-2023_longest.csv,204425291188.87573,1336113014.3063774,153,537
esmond data perfsonar-sonda.rediris.es to psmp-gn-bw-lis-pt.geant.org 10-24-2023_mr40_SVD_KNN_Hankel.csv,esmond data perfsonar-ankara.ulakbim.gov.tr to psmp-gn-bw-lis-pt.geant.org 10-24-2023_longest.csv,204435785197.80536,1336181602.600035,153,537
esmond data perfsonar-sonda.rediris.es to psmp-gn-bw-lis-pt.geant.org 10-24-2023_mr10_SVD_KNN.csv,esmond data perfsonar-ankara.ulakbim.gov.tr to psmp-gn-bw-lis-pt.geant.org 10-24-2023_longest.csv,204508383442.33453,1336656100.9302912,153,537
esmond data perfsonar-sonda.rediris.es to psmp-gn-bw-lis-pt.geant.org 10-24-2023_mr10_Spline.csv,esmond data perfsonar-ankara.ulakbim.gov.tr to psmp-gn-bw-lis-pt.geant.org 10-24-2023_longest.csv,204535376966.97525,1336832529.1959167,153,537
esmond data perfsonar-sonda.rediris.es to psmp-gn-bw-lis-pt.geant.org 10-24-2023_mr30_SVD_KNN_Hankel.csv,esmond data perfsonar-ankara.ulakbim.gov.tr to psmp-gn-bw-lis-pt.geant.org 10-24-2023_longest.csv,204543890665.9134,1336888174.2870157,153,537
esmond data perfsonar-sonda.rediris.es to psmp-gn-bw-lis-pt.geant.org 10-24-2023_mr10_Linear.csv,esmond data perfsonar-ankara.ulakbim.gov.tr to psmp-gn-bw-lis-pt.geant.org 10-24-2023_longest.csv,204593962338.09158,1337215440.1182456,153,537
esmond data perfsonar-sonda.rediris.es to psmp-gn-bw-lis-pt.geant.org 10-24-2023_mr20_LOCF.csv,esmond data perfsonar-ankara.ulakbim.gov.tr to psmp-gn-bw-lis-pt.geant.org 10-24-2023_longest.csv,204598987803.54993,1337248286.2977118,153,537
esmond data perfsonar-sonda.rediris.es to psmp-gn-bw-lis-pt.geant.org 10-24-2023_mr10_SVD_KNN_Hankel.csv,esmond data perfsonar-ankara.ulakbim.gov.tr to psmp-gn-bw-lis-pt.geant.org 10-24-2023_longest.csv,204619841907.7309,1337384587.6322281,153,537
esmond data perfsonar-sonda.rediris.es to psmp-gn-bw-lis-pt.geant.org 10-24-2023_mr40_Spline.csv,esmond data perfsonar-ankara.ulakbim.gov.tr to psmp-gn-bw-lis-pt.geant.org 10-24-2023_longest.csv,204791919179.48834,1338509275.6829302,153,537
esmond data perfsonar-sonda.rediris.es to psmp-gn-bw-lis-pt.geant.org 10-24-2023_mr20_Mean.csv,esmond data perfsonar-ankara.ulakbim.gov.tr to psmp-gn-bw-lis-pt.geant.org 10-24-2023_longest.csv,205032235862.56842,1340079972.9579635,153,537
esmond data perfsonar-sonda.rediris.es to psmp-gn-bw-lis-pt.geant.org 10-24-2023_mr20_KNN_Sklearn.csv,esmond data perfsonar-ankara.ulakbim.gov.tr to psmp-gn-bw-lis-pt.geant.org 10-24-2023_longest.csv,205032235862.56842,1340079972.9579635,153,537
esmond data perfsonar-sonda.rediris.es to psmp-gn-bw-lis-pt.geant.org 10-24-2023_mr20_Spline.csv,esmond data perfsonar-ankara.ulakbim.gov.tr to psmp-gn-bw-lis-pt.geant.org 10-24-2023_longest.csv,205070604749.35016,1340330749.9957526,153,537
esmond data perfsonar-sonda.rediris.es to psmp-gn-bw-lis-pt.geant.org 10-24-2023_mr30_SVD_KNN.csv,esmond data perfsonar-ankara.ulakbim.gov.tr to psmp-gn-bw-lis-pt.geant.org 10-24-2023_longest.csv,205223937127.05322,1341332922.3990407,153,537
esmond data perfsonar-sonda.rediris.es to psmp-gn-bw-lis-pt.geant.org 10-24-2023_mr20_Linear.csv,esmond data perfsonar-ankara.ulakbim.gov.tr to psmp-gn-bw-lis-pt.geant.org 10-24-2023_longest.csv,205226103606.10547,1341347082.392846,153,537
esmond data perfsonar-sonda.rediris.es to psmp-gn-bw-lis-pt.geant.org 10-24-2023_mr20_SVD_KNN_Hankel.csv,esmond data perfsonar-ankara.ulakbim.gov.tr to psmp-gn-bw-lis-pt.geant.org 10-24-2023_longest.csv,205254340313.79456,1341531636.037873,153,537
esmond data perfsonar-sonda.rediris.es to psmp-gn-bw-lis-pt.geant.org 10-24-2023_mr40_SVD_KNN.csv,esmond data perfsonar-ankara.ulakbim.gov.tr to psmp-gn-bw-lis-pt.geant.org 10-24-2023_longest.csv,205263254099.51218,1341589896.075243,153,537
esmond data perfsonar-sonda.rediris.es to psmp-gn-bw-lis-pt.geant.org 10-24-2023_mr20_SVD_KNN.csv,esmond data perfsonar-ankara.ulakbim.gov.tr to psmp-gn-bw-lis-pt.geant.org 10-24-2023_longest.csv,205554394002.68243,1343492771.2593622,153,537
