file,imputation_method,prediction_method,rmse,mae
esmond data perfsonar-ankara.ulakbim.gov.tr to psmp-gn-bw-lis-pt.geant.org 10-24-2023_6h_Mean_imputed.csv,Mean,gru,73265354.09163034,42439473.742095105
esmond data perfsonar-sonda.rediris.es to psmp-gn-bw-lis-pt.geant.org 10-24-2023_6h_ARIMA_imputed.csv,ARIMA,gru,81029266.6822489,67934966.28592017
esmond data perfsonar-ankara.ulakbim.gov.tr to psmp-gn-bw-lis-pt.geant.org 10-24-2023_6h_IterativeSVD_imputed.csv,IterativeSVD,gru,75786822.15357438,49047933.88846619
esmond data psmp-gn-bw-lis-pt.geant.org to perfsonar-ankara.ulakbim.gov.tr 10-24-2023_6h_SVD_KNN_imputed.csv,SVD_KNN,gru,58614025.005164914,20741764.70519899
esmond data psmp-gn-bw-poz-pl.geant.org to pspmp-anella.csuc.cat 10-24-2023_6h_Spline_imputed.csv,Spline,gru,55412061.859383196,42553567.17580113
esmond data pspmp-anella.csuc.cat to psmp-gn-bw-poz-pl.geant.org 10-24-2023_6h_Spline_imputed.csv,Spline,gru,145771475.60200337,113056709.48766822
esmond data psmp-gn-bw-vie-at.geant.org to psmall.lut.ac.uk 10-24-2023_6h_LOCF_imputed.csv,LOCF,gru,35326367.791911,24505151.94004796
esmond data psmp-gn-bw-lis-pt.geant.org to perfsonar-ankara.ulakbim.gov.tr 10-24-2023_6h_HoltWinters_imputed.csv,HoltWinters,gru,59630271.76766779,21470469.532633357
esmond data psmp-gn-bw-poz-pl.geant.org to pspmp-anella.csuc.cat 10-24-2023_6h_IterativeSVD_imputed.csv,IterativeSVD,gru,39249899.02783562,28048339.371143088
esmond data psmp-gn-bw-lis-pt.geant.org to perfsonar-ankara.ulakbim.gov.tr 10-24-2023_6h_Linear_imputed.csv,Linear,gru,60426008.05368941,21996506.944844123
esmond data perfsonar-ankara.ulakbim.gov.tr to psmp-gn-bw-lis-pt.geant.org 10-24-2023_6h_SoftImpute_imputed.csv,SoftImpute,gru,346087224.91379774,292130891.6987923
esmond data perfsonar-ankara.ulakbim.gov.tr to psmp-gn-bw-lis-pt.geant.org 10-24-2023_6h_SVD_KNN_imputed.csv,SVD_KNN,gru,73774567.98811501,45153056.81027417
esmond data pspmp-anella.csuc.cat to psmp-gn-bw-poz-pl.geant.org 10-24-2023_6h_Linear_imputed.csv,Linear,gru,82743513.96560976,60582715.79454359
esmond data perfsonar-sonda.rediris.es to psmp-gn-bw-lis-pt.geant.org 10-24-2023_6h_SVD_KNN_imputed.csv,SVD_KNN,gru,83215301.05095185,68056630.25206526
esmond data psmp-gn-bw-poz-pl.geant.org to perfsonar-ankara.ulakbim.gov.tr 10-24-2023_6h_SVD_KNN_Hankel_imputed.csv,SVD_KNN_Hankel,gru,59511244.071222626,15842225.210248869
esmond data psmp-gn-bw-poz-pl.geant.org to perfsonar-ankara.ulakbim.gov.tr 10-24-2023_6h_Spline_imputed.csv,Spline,gru,63232008.101898596,22295019.357340835
esmond data psmall.lut.ac.uk to psmp-gn-bw-vie-at.geant.org 10-24-2023_6h_KNN_Sklearn_imputed.csv,KNN_Sklearn,gru,116216662.0500166,70668225.80586745
esmond data pspmp-anella.csuc.cat to psmp-gn-bw-poz-pl.geant.org 10-24-2023_6h_LOCF_imputed.csv,LOCF,gru,98967127.40540391,76816268.42206235
esmond data psmp-gn-bw-lis-pt.geant.org to perfsonar.restena.lu 10-24-2023_6h_SVD_KNN_imputed.csv,SVD_KNN,gru,56195262.3829749,43248265.08218665
esmond data psmp-gn-bw-lis-pt.geant.org to perfsonar-ankara.ulakbim.gov.tr 10-24-2023_6h_ARIMA_imputed.csv,ARIMA,gru,60346070.0648732,21579197.343702063
esmond data pspmp-anella.csuc.cat to psmp-gn-bw-poz-pl.geant.org 10-24-2023_6h_Mean_imputed.csv,Mean,gru,72508931.71109481,45112749.999075696
esmond data psmp-gn-bw-vie-at.geant.org to psmall.lut.ac.uk 10-24-2023_6h_KNN_Sklearn_imputed.csv,KNN_Sklearn,gru,30391699.728997905,17567266.031903483
esmond data psmall.lut.ac.uk to psmp-gn-bw-vie-at.geant.org 10-24-2023_6h_LOCF_imputed.csv,LOCF,gru,168092058.61183846,96843995.66247003
esmond data psmp-gn-bw-vie-at.geant.org to psmall.lut.ac.uk 10-24-2023_6h_IterativeSVD_imputed.csv,IterativeSVD,gru,34067794.85740988,24374435.696043164
esmond data perfsonar-sonda.rediris.es to psmp-gn-bw-lis-pt.geant.org 10-24-2023_6h_Mean_imputed.csv,Mean,gru,73160352.86091381,52312176.73368799
esmond data pspmp-anella.csuc.cat to psmp-gn-bw-poz-pl.geant.org 10-24-2023_6h_SoftImpute_imputed.csv,SoftImpute,gru,389142234.5487949,349989293.27577937
imputation_summary.csv,imputation,gru,0.0,0.0
esmond data psmp-gn-bw-poz-pl.geant.org to pspmp-anella.csuc.cat 10-24-2023_6h_ARIMA_imputed.csv,ARIMA,gru,37976048.87680847,24530290.576940846
esmond data psmp-gn-bw-poz-pl.geant.org to pspmp-anella.csuc.cat 10-24-2023_6h_KNN_Sklearn_imputed.csv,KNN_Sklearn,gru,38169651.783241704,24661290.479546636
esmond data psmp-gn-bw-poz-pl.geant.org to pspmp-anella.csuc.cat 10-24-2023_6h_Linear_imputed.csv,Linear,gru,39509218.74019756,27525637.31907046
esmond data perfsonar-sonda.rediris.es to psmp-gn-bw-lis-pt.geant.org 10-24-2023_6h_Kalman_imputed.csv,Kalman,gru,86005588.56327319,68927842.8275001
esmond data psmp-gn-bw-poz-pl.geant.org to perfsonar-ankara.ulakbim.gov.tr 10-24-2023_6h_ARIMA_imputed.csv,ARIMA,gru,59522106.06362027,15829107.22009324
esmond data psmp-gn-bw-poz-pl.geant.org to perfsonar-ankara.ulakbim.gov.tr 10-24-2023_6h_SoftImpute_imputed.csv,SoftImpute,gru,375521562.5435645,264129018.62230214
esmond data perfsonar-ankara.ulakbim.gov.tr to psmp-gn-bw-lis-pt.geant.org 10-24-2023_6h_Spline_imputed.csv,Spline,gru,106958833.59978628,74684995.41217011
esmond data psmp-gn-bw-lis-pt.geant.org to perfsonar-ankara.ulakbim.gov.tr 10-24-2023_6h_KNN_Sklearn_imputed.csv,KNN_Sklearn,gru,58704609.187847294,19268206.149018925
esmond data psmall.lut.ac.uk to psmp-gn-bw-vie-at.geant.org 10-24-2023_6h_SVD_KNN_imputed.csv,SVD_KNN,gru,113403558.23808368,66504128.87961417
esmond data psmp-gn-bw-poz-pl.geant.org to perfsonar-ankara.ulakbim.gov.tr 10-24-2023_6h_KNN_Sklearn_imputed.csv,KNN_Sklearn,gru,59913039.21542584,15619653.687412893
esmond data psmp-gn-bw-vie-at.geant.org to psmall.lut.ac.uk 10-24-2023_6h_Mean_imputed.csv,Mean,gru,30242920.49277808,17650804.31382948
esmond data perfsonar-sonda.rediris.es to psmp-gn-bw-lis-pt.geant.org 10-24-2023_6h_KNN_Sklearn_imputed.csv,KNN_Sklearn,gru,72653904.96243192,51498963.888873674
esmond data perfsonar-ankara.ulakbim.gov.tr to psmp-gn-bw-lis-pt.geant.org 10-24-2023_6h_Linear_imputed.csv,Linear,gru,75457891.45217538,49090951.62759662
esmond data psmp-gn-bw-lis-pt.geant.org to perfsonar-ankara.ulakbim.gov.tr 10-24-2023_6h_Spline_imputed.csv,Spline,gru,69012062.37163708,35641923.54682986
esmond data perfsonar-ankara.ulakbim.gov.tr to psmp-gn-bw-poz-pl.geant.org 10-24-2023_6h_IterativeSVD_imputed.csv,IterativeSVD,gru,99391927.08025064,56176095.91378897
esmond data psmp-gn-bw-vie-at.geant.org to psmall.lut.ac.uk 10-24-2023_6h_HoltWinters_imputed.csv,HoltWinters,gru,31117688.983607482,20930550.47680178
esmond data psmp-gn-bw-poz-pl.geant.org to perfsonar-ankara.ulakbim.gov.tr 10-24-2023_6h_Linear_imputed.csv,Linear,gru,59905087.25791482,16336749.055241527
esmond data psmp-gn-bw-vie-at.geant.org to psmall.lut.ac.uk 10-24-2023_6h_Kalman_imputed.csv,Kalman,gru,35380524.37044056,25459090.634111844
esmond data psmall.lut.ac.uk to psmp-gn-bw-vie-at.geant.org 10-24-2023_6h_Mean_imputed.csv,Mean,gru,116438632.03221482,71135208.45658883
esmond data perfsonar-sonda.rediris.es to psmp-gn-bw-lis-pt.geant.org 10-24-2023_6h_SoftImpute_imputed.csv,SoftImpute,gru,835260332.7236781,729816058.2267442
esmond data perfsonar-ankara.ulakbim.gov.tr to psmp-gn-bw-poz-pl.geant.org 10-24-2023_6h_SVD_KNN_imputed.csv,SVD_KNN,gru,93944305.54327227,52149230.71501198
esmond data psmall.lut.ac.uk to psmp-gn-bw-vie-at.geant.org 10-24-2023_6h_SVD_KNN_Hankel_imputed.csv,SVD_KNN_Hankel,gru,109171301.15138435,59933399.747669294
esmond data psmp-gn-bw-lis-pt.geant.org to perfsonar-ankara.ulakbim.gov.tr 10-24-2023_6h_Kalman_imputed.csv,Kalman,gru,61817749.95031783,25547837.3776606
esmond data perfsonar-ankara.ulakbim.gov.tr to psmp-gn-bw-poz-pl.geant.org 10-24-2023_6h_Spline_imputed.csv,Spline,gru,123870457.80434945,81923664.75885437
esmond data psmp-gn-bw-poz-pl.geant.org to pspmp-anella.csuc.cat 10-24-2023_6h_LOCF_imputed.csv,LOCF,gru,40553955.25846754,28011796.57314149
esmond data perfsonar-sonda.rediris.es to psmp-gn-bw-lis-pt.geant.org 10-24-2023_6h_LOCF_imputed.csv,LOCF,gru,78252394.9649276,63927766.01744184
esmond data perfsonar-ankara.ulakbim.gov.tr to psmp-gn-bw-lis-pt.geant.org 10-24-2023_6h_ARIMA_imputed.csv,ARIMA,gru,73450710.18379304,46510240.79719912
esmond data psmp-gn-bw-lis-pt.geant.org to perfsonar.restena.lu 10-24-2023_6h_KNN_Sklearn_imputed.csv,KNN_Sklearn,gru,51778531.354441434,34350508.25115817
esmond data psmp-gn-bw-poz-pl.geant.org to pspmp-anella.csuc.cat 10-24-2023_6h_SoftImpute_imputed.csv,SoftImpute,gru,337753799.8389948,219514252.8729017
esmond data psmall.lut.ac.uk to psmp-gn-bw-vie-at.geant.org 10-24-2023_6h_IterativeSVD_imputed.csv,IterativeSVD,gru,126446956.28629251,81169063.56650317
esmond data psmp-gn-bw-lis-pt.geant.org to perfsonar-ankara.ulakbim.gov.tr 10-24-2023_6h_SoftImpute_imputed.csv,SoftImpute,gru,372190866.2459198,272066151.96043164
esmond data psmall.lut.ac.uk to psmp-gn-bw-vie-at.geant.org 10-24-2023_6h_SoftImpute_imputed.csv,SoftImpute,gru,450266464.94928753,381819135.9778178
esmond data psmp-gn-bw-vie-at.geant.org to psmall.lut.ac.uk 10-24-2023_6h_SoftImpute_imputed.csv,SoftImpute,gru,70052624.6703019,53978767.79616307
esmond data pspmp-anella.csuc.cat to psmp-gn-bw-poz-pl.geant.org 10-24-2023_6h_SVD_KNN_imputed.csv,SVD_KNN,gru,74660801.39594193,50464428.03007985
esmond data psmp-gn-bw-lis-pt.geant.org to perfsonar.restena.lu 10-24-2023_6h_Kalman_imputed.csv,Kalman,gru,64159119.2578394,49137302.53073136
esmond data psmp-gn-bw-poz-pl.geant.org to perfsonar-ankara.ulakbim.gov.tr 10-24-2023_6h_LOCF_imputed.csv,LOCF,gru,59953943.76796452,16934904.989208627
esmond data perfsonar-ankara.ulakbim.gov.tr to psmp-gn-bw-lis-pt.geant.org 10-24-2023_6h_SVD_KNN_Hankel_imputed.csv,SVD_KNN_Hankel,gru,72745963.31362946,42898005.71428943
esmond data psmp-gn-bw-lis-pt.geant.org to perfsonar.restena.lu 10-24-2023_6h_SoftImpute_imputed.csv,SoftImpute,gru,358801118.130898,271491209.8051559
esmond data pspmp-anella.csuc.cat to psmp-gn-bw-poz-pl.geant.org 10-24-2023_6h_SVD_KNN_Hankel_imputed.csv,SVD_KNN_Hankel,gru,73839242.0544104,47962543.546498254
esmond data psmp-gn-bw-vie-at.geant.org to psmall.lut.ac.uk 10-24-2023_6h_ARIMA_imputed.csv,ARIMA,gru,30415783.897428036,19134507.48717177
esmond data psmall.lut.ac.uk to psmp-gn-bw-vie-at.geant.org 10-24-2023_6h_Spline_imputed.csv,Spline,gru,157598111.21960917,115152221.463278
esmond data psmp-gn-bw-poz-pl.geant.org to pspmp-anella.csuc.cat 10-24-2023_6h_Kalman_imputed.csv,Kalman,gru,49187019.024192676,35272582.754281215
esmond data perfsonar-ankara.ulakbim.gov.tr to psmp-gn-bw-poz-pl.geant.org 10-24-2023_6h_Linear_imputed.csv,Linear,gru,99029722.49329825,56397572.26918465
esmond data perfsonar-ankara.ulakbim.gov.tr to psmp-gn-bw-poz-pl.geant.org 10-24-2023_6h_SoftImpute_imputed.csv,SoftImpute,gru,371238928.5779856,319886244.80815345
esmond data psmp-gn-bw-poz-pl.geant.org to pspmp-anella.csuc.cat 10-24-2023_6h_HoltWinters_imputed.csv,HoltWinters,gru,39292749.255774714,28163524.021493133
esmond data psmp-gn-bw-vie-at.geant.org to psmall.lut.ac.uk 10-24-2023_6h_SVD_KNN_imputed.csv,SVD_KNN,gru,31321968.555471815,20856142.822794545
esmond data psmall.lut.ac.uk to psmp-gn-bw-vie-at.geant.org 10-24-2023_6h_HoltWinters_imputed.csv,HoltWinters,gru,131045779.4682259,80343882.72812366
esmond data perfsonar-ankara.ulakbim.gov.tr to psmp-gn-bw-poz-pl.geant.org 10-24-2023_6h_KNN_Sklearn_imputed.csv,KNN_Sklearn,gru,93279723.66890022,46896721.95323785
esmond data perfsonar-sonda.rediris.es to psmp-gn-bw-lis-pt.geant.org 10-24-2023_6h_Linear_imputed.csv,Linear,gru,85343688.53508106,73158118.74999999
esmond data psmp-gn-bw-lis-pt.geant.org to perfsonar-ankara.ulakbim.gov.tr 10-24-2023_6h_LOCF_imputed.csv,LOCF,gru,60066891.37736522,22531424.633093525
esmond data pspmp-anella.csuc.cat to psmp-gn-bw-poz-pl.geant.org 10-24-2023_6h_ARIMA_imputed.csv,ARIMA,gru,80329012.59882082,56438388.29989004
esmond data psmp-gn-bw-vie-at.geant.org to psmall.lut.ac.uk 10-24-2023_6h_Linear_imputed.csv,Linear,gru,33965196.07416388,24192353.902278174
esmond data perfsonar-ankara.ulakbim.gov.tr to psmp-gn-bw-lis-pt.geant.org 10-24-2023_6h_Kalman_imputed.csv,Kalman,gru,98044974.10785113,67349919.82592978
esmond data perfsonar-sonda.rediris.es to psmp-gn-bw-lis-pt.geant.org 10-24-2023_6h_Spline_imputed.csv,Spline,gru,95516809.32752803,84617641.60256617
esmond data perfsonar-sonda.rediris.es to psmp-gn-bw-lis-pt.geant.org 10-24-2023_6h_SVD_KNN_Hankel_imputed.csv,SVD_KNN_Hankel,gru,75878753.58154874,58411771.498104595
esmond data psmp-gn-bw-lis-pt.geant.org to perfsonar.restena.lu 10-24-2023_6h_LOCF_imputed.csv,LOCF,gru,56898752.36047721,43401042.00539568
esmond data pspmp-anella.csuc.cat to psmp-gn-bw-poz-pl.geant.org 10-24-2023_6h_Kalman_imputed.csv,Kalman,gru,108520240.78698015,78526526.06334095
esmond data psmp-gn-bw-poz-pl.geant.org to pspmp-anella.csuc.cat 10-24-2023_6h_SVD_KNN_imputed.csv,SVD_KNN,gru,39271543.55070772,26782270.1072239
esmond data perfsonar-ankara.ulakbim.gov.tr to psmp-gn-bw-poz-pl.geant.org 10-24-2023_6h_Kalman_imputed.csv,Kalman,gru,147686692.9982864,107137743.10824372
esmond data psmp-gn-bw-poz-pl.geant.org to perfsonar-ankara.ulakbim.gov.tr 10-24-2023_6h_Kalman_imputed.csv,Kalman,gru,65120790.91175404,25789084.242219616
esmond data psmall.lut.ac.uk to psmp-gn-bw-vie-at.geant.org 10-24-2023_6h_Kalman_imputed.csv,Kalman,gru,341909055.7971784,202343498.1197082
esmond data psmall.lut.ac.uk to psmp-gn-bw-vie-at.geant.org 10-24-2023_6h_ARIMA_imputed.csv,ARIMA,gru,127064347.24688095,74379394.5953928
esmond data pspmp-anella.csuc.cat to psmp-gn-bw-poz-pl.geant.org 10-24-2023_6h_IterativeSVD_imputed.csv,IterativeSVD,gru,83208089.00023735,60833521.56432776
esmond data perfsonar-sonda.rediris.es to psmp-gn-bw-lis-pt.geant.org 10-24-2023_6h_HoltWinters_imputed.csv,HoltWinters,gru,79424682.23198794,56438930.153232776
esmond data psmall.lut.ac.uk to psmp-gn-bw-vie-at.geant.org 10-24-2023_6h_Linear_imputed.csv,Linear,gru,126542309.72307108,81526945.58089165
esmond data perfsonar-ankara.ulakbim.gov.tr to psmp-gn-bw-poz-pl.geant.org 10-24-2023_6h_SVD_KNN_Hankel_imputed.csv,SVD_KNN_Hankel,gru,93354570.05082308,48880402.8086198
esmond data perfsonar-sonda.rediris.es to psmp-gn-bw-lis-pt.geant.org 10-24-2023_6h_IterativeSVD_imputed.csv,IterativeSVD,gru,81321158.02190416,67653504.12209299
esmond data pspmp-anella.csuc.cat to psmp-gn-bw-poz-pl.geant.org 10-24-2023_6h_KNN_Sklearn_imputed.csv,KNN_Sklearn,gru,72033558.97830029,44067550.48590829
esmond data psmp-gn-bw-lis-pt.geant.org to perfsonar-ankara.ulakbim.gov.tr 10-24-2023_6h_SVD_KNN_Hankel_imputed.csv,SVD_KNN_Hankel,gru,59002405.812079735,20202501.823871646
esmond data psmp-gn-bw-poz-pl.geant.org to perfsonar-ankara.ulakbim.gov.tr 10-24-2023_6h_Mean_imputed.csv,Mean,gru,59619753.63058794,15341923.259748267
esmond data psmp-gn-bw-lis-pt.geant.org to perfsonar.restena.lu 10-24-2023_6h_IterativeSVD_imputed.csv,IterativeSVD,gru,56225546.18655418,41350592.47642795
esmond data pspmp-anella.csuc.cat to psmp-gn-bw-poz-pl.geant.org 10-24-2023_6h_HoltWinters_imputed.csv,HoltWinters,gru,81387549.7122637,57949402.82313903
esmond data psmp-gn-bw-lis-pt.geant.org to perfsonar.restena.lu 10-24-2023_6h_Mean_imputed.csv,Mean,gru,52670622.06183568,35263343.0532305
esmond data perfsonar-ankara.ulakbim.gov.tr to psmp-gn-bw-poz-pl.geant.org 10-24-2023_6h_HoltWinters_imputed.csv,HoltWinters,gru,96455984.31475142,51460134.0664106
esmond data psmp-gn-bw-poz-pl.geant.org to pspmp-anella.csuc.cat 10-24-2023_6h_SVD_KNN_Hankel_imputed.csv,SVD_KNN_Hankel,gru,38514560.238516495,25339364.778533913
esmond data psmp-gn-bw-lis-pt.geant.org to perfsonar.restena.lu 10-24-2023_6h_Spline_imputed.csv,Spline,gru,94654915.01734203,72814052.40644217
esmond data psmp-gn-bw-poz-pl.geant.org to perfsonar-ankara.ulakbim.gov.tr 10-24-2023_6h_IterativeSVD_imputed.csv,IterativeSVD,gru,59639958.16560352,16042408.515673181
esmond data psmp-gn-bw-poz-pl.geant.org to perfsonar-ankara.ulakbim.gov.tr 10-24-2023_6h_HoltWinters_imputed.csv,HoltWinters,gru,59564235.44334742,16722105.982844593
esmond data psmp-gn-bw-lis-pt.geant.org to perfsonar-ankara.ulakbim.gov.tr 10-24-2023_6h_IterativeSVD_imputed.csv,IterativeSVD,gru,59955692.28187729,21341767.9793765
esmond data perfsonar-ankara.ulakbim.gov.tr to psmp-gn-bw-lis-pt.geant.org 10-24-2023_6h_HoltWinters_imputed.csv,HoltWinters,gru,74185377.5799282,47601570.531994365
esmond data perfsonar-ankara.ulakbim.gov.tr to psmp-gn-bw-lis-pt.geant.org 10-24-2023_6h_KNN_Sklearn_imputed.csv,KNN_Sklearn,gru,73438222.66324428,42231250.39909994
esmond data perfsonar-ankara.ulakbim.gov.tr to psmp-gn-bw-poz-pl.geant.org 10-24-2023_6h_LOCF_imputed.csv,LOCF,gru,94609335.94201867,53919649.86810552
esmond data perfsonar-ankara.ulakbim.gov.tr to psmp-gn-bw-poz-pl.geant.org 10-24-2023_6h_Mean_imputed.csv,Mean,gru,92774570.12492378,45969538.189315565
esmond data psmp-gn-bw-lis-pt.geant.org to perfsonar.restena.lu 10-24-2023_6h_Linear_imputed.csv,Linear,gru,56021540.05572661,41752557.94765097
esmond data perfsonar-ankara.ulakbim.gov.tr to psmp-gn-bw-lis-pt.geant.org 10-24-2023_6h_LOCF_imputed.csv,LOCF,gru,84015095.60777207,60261170.419806756
esmond data psmp-gn-bw-lis-pt.geant.org to perfsonar-ankara.ulakbim.gov.tr 10-24-2023_6h_Mean_imputed.csv,Mean,gru,58764493.77681809,19295330.09465005
esmond data psmp-gn-bw-vie-at.geant.org to psmall.lut.ac.uk 10-24-2023_6h_SVD_KNN_Hankel_imputed.csv,SVD_KNN_Hankel,gru,30335671.48505493,18769841.190436073
esmond data psmp-gn-bw-lis-pt.geant.org to perfsonar.restena.lu 10-24-2023_6h_SVD_KNN_Hankel_imputed.csv,SVD_KNN_Hankel,gru,52829034.34941951,37015275.4037274
esmond data psmp-gn-bw-vie-at.geant.org to psmall.lut.ac.uk 10-24-2023_6h_Spline_imputed.csv,Spline,gru,60283144.42529315,38301660.03472004
esmond data perfsonar-ankara.ulakbim.gov.tr to psmp-gn-bw-poz-pl.geant.org 10-24-2023_6h_ARIMA_imputed.csv,ARIMA,gru,92897584.89799137,48414783.15887187
esmond data psmp-gn-bw-poz-pl.geant.org to perfsonar-ankara.ulakbim.gov.tr 10-24-2023_6h_SVD_KNN_imputed.csv,SVD_KNN,gru,58930624.74055713,15418862.933938995
esmond data psmp-gn-bw-poz-pl.geant.org to pspmp-anella.csuc.cat 10-24-2023_6h_Mean_imputed.csv,Mean,gru,38334414.23494403,24915861.586118
esmond data psmp-gn-bw-lis-pt.geant.org to perfsonar.restena.lu 10-24-2023_6h_ARIMA_imputed.csv,ARIMA,gru,53705811.280854404,37249832.54687115
esmond data psmp-gn-bw-lis-pt.geant.org to perfsonar.restena.lu 10-24-2023_6h_HoltWinters_imputed.csv,HoltWinters,gru,58473080.309652,45724857.07378458
